variable_id,parent_variable_id,parent_link_type,registry_layer,materialization_rule,label,category,subcategory,reported_name,unit,value_type,observation_level,system_id,trait_ontology_id,entity,entity_ontology_id,quality,quality_ontology_id,mapping_confidence,measurement_method,source_table_hint,qc_recommended,notes,component,core_nm,in_bundle,is_pattern,pattern_band_values,pattern_stat_values,stat_axis_semantics,roi_class,roi_class_accession,trait,trait_accession,trait_entity,trait_entity_accession,trait_characteristic,trait_characteristic_accession,method,method_accession,scale,scale_accession,variable_role,record_status,introduced_in_version,deprecated_in_version,replaced_by_variable_id,manual_class,export_requirement,template_variable_id,expanded_axes_json,source_row_number
coumarin_fluor.lateral_roots.mean,coumarin_fluor.lateral_roots,concept_family,canonical_concrete,concrete_only,Coumarin-associated fluorescence in lateral roots (mean),fluorescence,coumarin_regional_roi,Coumarin fluorescence mean in lateral roots,a.u.,float,plant_day,HADES:COUMARIN_FLUOR:LATERAL_ROOTS_MEAN,[MANUAL],lateral root(s),PO:0020121,fluorescence signal,[MANUAL],none,Registered fluorescence ROI quantification from backlit-mask alignment; template expands mean intensity and total signal over ROI pixels.,FluorCam/VNIR-derived table (pipeline output),check NaN; check extreme outliers,"Pixel count remains a separate variable because unit and value_type differ. Current registry reflects variables emitted by the current implementation; additional ROI classes mentioned in the manuscript methods (for example root tip) are not listed unless surfaced as code-level outputs. Expanded from template coumarin_fluor.lateral_roots.{stat} with axes {""stat"": ""mean""}.",external_pipeline,yes,no,no,,,mean=mean intensity within ROI; sum=total fluorescence signal within ROI,lateral_roots_roi,[MANUAL],lateral root(s) metabolite-associated fluorescence signal,[MANUAL],lateral root(s),PO:0020121,fluorescence signal,[MANUAL],RootCam/FluorCam aligned fluorescence ROI quantification; coumarin-associated channel,[MANUAL],a.u.,[MANUAL],observed_variable,active,1.1.0,,,ontology_review|method_mapping|roi_cv|unit_policy,required_for_public_export,coumarin_fluor.lateral_roots.mean,"{""stat"": ""mean""}",2
coumarin_fluor.lateral_roots.pixel_count.px,coumarin_fluor.lateral_roots,concept_family,canonical_concrete,concrete_only,ROI pixel count (lateral roots) for coumarin fluorescence,fluorescence,coumarin_regional_roi,Pixel count (lateral roots),px,int,plant_day,HADES:COUMARIN_FLUOR:COUMARIN_LATERAL_ROOTS_PIXELS,[MANUAL],lateral root(s),PO:0020121,count,PATO:0000070,none,From ROI mask: count of pixels assigned to region (used for mean intensity normalization).,FluorCam-derived table (pipeline output),>=0 integer; check impossible jumps due to segmentation failures,"Paper draft Methods: per region compute mean intensity, total signal, and pixel counts; channel=coumarin; ROI=lateral roots. Pixel count corresponds to segmented area in pixel units. Raw unit label px is retained from the implementation, but the MIAPPE scale is normalized to count.",external_pipeline,yes,no,no,,,,lateral_roots_roi,[MANUAL],lateral root(s) ROI pixel count,[MANUAL],lateral root(s),PO:0020121,count,PATO:0000070,RootCam/FluorCam aligned fluorescence ROI quantification; coumarin-associated channel; ROI pixel enumeration,[MANUAL],count,UO:0000189,analysis_derived,active,1.0.0,,,ontology_review|method_mapping|roi_cv,optional_for_public_export,,{},3
coumarin_fluor.lateral_roots.sum,coumarin_fluor.lateral_roots,concept_family,canonical_concrete,concrete_only,Coumarin-associated fluorescence in lateral roots (sum),fluorescence,coumarin_regional_roi,Coumarin fluorescence sum in lateral roots,a.u.,float,plant_day,HADES:COUMARIN_FLUOR:LATERAL_ROOTS_SUM,[MANUAL],lateral root(s),PO:0020121,fluorescence signal,[MANUAL],none,Registered fluorescence ROI quantification from backlit-mask alignment; template expands mean intensity and total signal over ROI pixels.,FluorCam/VNIR-derived table (pipeline output),check NaN; check extreme outliers,"Pixel count remains a separate variable because unit and value_type differ. Current registry reflects variables emitted by the current implementation; additional ROI classes mentioned in the manuscript methods (for example root tip) are not listed unless surfaced as code-level outputs. Expanded from template coumarin_fluor.lateral_roots.{stat} with axes {""stat"": ""sum""}.",external_pipeline,yes,no,no,,,mean=mean intensity within ROI; sum=total fluorescence signal within ROI,lateral_roots_roi,[MANUAL],lateral root(s) metabolite-associated fluorescence signal,[MANUAL],lateral root(s),PO:0020121,fluorescence signal,[MANUAL],RootCam/FluorCam aligned fluorescence ROI quantification; coumarin-associated channel,[MANUAL],a.u.,[MANUAL],observed_variable,active,1.1.0,,,ontology_review|method_mapping|roi_cv|unit_policy,required_for_public_export,coumarin_fluor.lateral_roots.sum,"{""stat"": ""sum""}",2
coumarin_fluor.main_root.mean,coumarin_fluor.main_root,concept_family,canonical_concrete,concrete_only,Coumarin-associated fluorescence in primary root (mean),fluorescence,coumarin_regional_roi,Coumarin fluorescence mean in primary root,a.u.,float,plant_day,HADES:COUMARIN_FLUOR:MAIN_ROOT_MEAN,[MANUAL],primary root,PO:0020127,fluorescence signal,[MANUAL],none,Registered fluorescence ROI quantification from backlit-mask alignment; template expands mean intensity and total signal over ROI pixels.,FluorCam/VNIR-derived table (pipeline output),check NaN; check extreme outliers,"Pixel count remains a separate variable because unit and value_type differ. Current registry reflects variables emitted by the current implementation; additional ROI classes mentioned in the manuscript methods (for example root tip) are not listed unless surfaced as code-level outputs. Expanded from template coumarin_fluor.main_root.{stat} with axes {""stat"": ""mean""}.",external_pipeline,yes,no,no,,,mean=mean intensity within ROI; sum=total fluorescence signal within ROI,main_root_roi,[MANUAL],primary root metabolite-associated fluorescence signal,[MANUAL],primary root,PO:0020127,fluorescence signal,[MANUAL],RootCam/FluorCam aligned fluorescence ROI quantification; coumarin-associated channel,[MANUAL],a.u.,[MANUAL],observed_variable,active,1.1.0,,,ontology_review|method_mapping|roi_cv|unit_policy,required_for_public_export,coumarin_fluor.main_root.mean,"{""stat"": ""mean""}",4
coumarin_fluor.main_root.pixel_count.px,coumarin_fluor.main_root,concept_family,canonical_concrete,concrete_only,ROI pixel count (main root) for coumarin fluorescence,fluorescence,coumarin_regional_roi,Pixel count (main root),px,int,plant_day,HADES:COUMARIN_FLUOR:COUMARIN_MAIN_ROOT_PIXELS,[MANUAL],primary root,PO:0020127,count,PATO:0000070,none,From ROI mask: count of pixels assigned to region (used for mean intensity normalization).,FluorCam-derived table (pipeline output),>=0 integer; check impossible jumps due to segmentation failures,"Paper draft Methods: per region compute mean intensity, total signal, and pixel counts; channel=coumarin; ROI=main root. Pixel count corresponds to segmented area in pixel units. Raw unit label px is retained from the implementation, but the MIAPPE scale is normalized to count.",external_pipeline,yes,no,no,,,,main_root_roi,[MANUAL],primary root ROI pixel count,[MANUAL],primary root,PO:0020127,count,PATO:0000070,RootCam/FluorCam aligned fluorescence ROI quantification; coumarin-associated channel; ROI pixel enumeration,[MANUAL],count,UO:0000189,analysis_derived,active,1.0.0,,,ontology_review|method_mapping|roi_cv,optional_for_public_export,,{},5
coumarin_fluor.main_root.sum,coumarin_fluor.main_root,concept_family,canonical_concrete,concrete_only,Coumarin-associated fluorescence in primary root (sum),fluorescence,coumarin_regional_roi,Coumarin fluorescence sum in primary root,a.u.,float,plant_day,HADES:COUMARIN_FLUOR:MAIN_ROOT_SUM,[MANUAL],primary root,PO:0020127,fluorescence signal,[MANUAL],none,Registered fluorescence ROI quantification from backlit-mask alignment; template expands mean intensity and total signal over ROI pixels.,FluorCam/VNIR-derived table (pipeline output),check NaN; check extreme outliers,"Pixel count remains a separate variable because unit and value_type differ. Current registry reflects variables emitted by the current implementation; additional ROI classes mentioned in the manuscript methods (for example root tip) are not listed unless surfaced as code-level outputs. Expanded from template coumarin_fluor.main_root.{stat} with axes {""stat"": ""sum""}.",external_pipeline,yes,no,no,,,mean=mean intensity within ROI; sum=total fluorescence signal within ROI,main_root_roi,[MANUAL],primary root metabolite-associated fluorescence signal,[MANUAL],primary root,PO:0020127,fluorescence signal,[MANUAL],RootCam/FluorCam aligned fluorescence ROI quantification; coumarin-associated channel,[MANUAL],a.u.,[MANUAL],observed_variable,active,1.1.0,,,ontology_review|method_mapping|roi_cv|unit_policy,required_for_public_export,coumarin_fluor.main_root.sum,"{""stat"": ""sum""}",4
coumarin_fluor.rhizoplane.mean,coumarin_fluor.rhizoplane,concept_family,canonical_concrete,concrete_only,Coumarin-associated fluorescence in peri-root region (mean),fluorescence,coumarin_regional_roi,Coumarin fluorescence mean in peri-root region,a.u.,float,plant_day,HADES:COUMARIN_FLUOR:RHIZOPLANE_MEAN,[MANUAL],peri-root region (agar-adjacent ROI),[MANUAL],fluorescence signal,[MANUAL],none,Registered fluorescence ROI quantification from backlit-mask alignment; template expands mean intensity and total signal over ROI pixels.,FluorCam/VNIR-derived table (pipeline output),check NaN; check extreme outliers,"Pixel count remains a separate variable because unit and value_type differ. Current registry reflects variables emitted by the current implementation; additional ROI classes mentioned in the manuscript methods (for example root tip) are not listed unless surfaced as code-level outputs. Expanded from template coumarin_fluor.rhizoplane.{stat} with axes {""stat"": ""mean""}.",external_pipeline,yes,no,no,,,mean=mean intensity within ROI; sum=total fluorescence signal within ROI,peri_root_dilated_mask,[MANUAL],peri-root region metabolite-associated fluorescence signal,[MANUAL],peri-root region (agar-adjacent ROI),[MANUAL],fluorescence signal,[MANUAL],RootCam/FluorCam aligned fluorescence ROI quantification; coumarin-associated channel,[MANUAL],a.u.,[MANUAL],observed_variable,active,1.1.0,,,ontology_review|method_mapping|roi_cv|unit_policy,required_for_public_export,coumarin_fluor.rhizoplane.mean,"{""stat"": ""mean""}",6
coumarin_fluor.rhizoplane.pixel_count.px,coumarin_fluor.rhizoplane,concept_family,canonical_concrete,concrete_only,ROI pixel count (rhizoplane) for coumarin fluorescence,fluorescence,coumarin_regional_roi,Pixel count (rhizoplane),px,int,plant_day,HADES:COUMARIN_FLUOR:COUMARIN_RHIZOPLANE_PIXELS,[MANUAL],peri-root region (agar-adjacent ROI),[MANUAL],count,PATO:0000070,none,Count of segmented pixels assigned to the peri-root ROI mask.,FluorCam-derived table (pipeline output),>=0 integer; check impossible jumps due to segmentation failures,"Paper draft Methods: per region compute mean intensity, total signal, and pixel counts; channel=coumarin; ROI=rhizoplane. Pixel count corresponds to segmented area in pixel units. Raw unit label px is retained from the implementation, but the MIAPPE scale is normalized to count.",external_pipeline,yes,no,no,,,,peri_root_dilated_mask,[MANUAL],peri-root region ROI pixel count,[MANUAL],peri-root region (agar-adjacent ROI),[MANUAL],count,PATO:0000070,RootCam/FluorCam aligned fluorescence ROI quantification; coumarin-associated channel; ROI pixel enumeration,[MANUAL],count,UO:0000189,analysis_derived,active,1.0.0,,,ontology_review|method_mapping|roi_cv,optional_for_public_export,,{},7
coumarin_fluor.rhizoplane.sum,coumarin_fluor.rhizoplane,concept_family,canonical_concrete,concrete_only,Coumarin-associated fluorescence in peri-root region (sum),fluorescence,coumarin_regional_roi,Coumarin fluorescence sum in peri-root region,a.u.,float,plant_day,HADES:COUMARIN_FLUOR:RHIZOPLANE_SUM,[MANUAL],peri-root region (agar-adjacent ROI),[MANUAL],fluorescence signal,[MANUAL],none,Registered fluorescence ROI quantification from backlit-mask alignment; template expands mean intensity and total signal over ROI pixels.,FluorCam/VNIR-derived table (pipeline output),check NaN; check extreme outliers,"Pixel count remains a separate variable because unit and value_type differ. Current registry reflects variables emitted by the current implementation; additional ROI classes mentioned in the manuscript methods (for example root tip) are not listed unless surfaced as code-level outputs. Expanded from template coumarin_fluor.rhizoplane.{stat} with axes {""stat"": ""sum""}.",external_pipeline,yes,no,no,,,mean=mean intensity within ROI; sum=total fluorescence signal within ROI,peri_root_dilated_mask,[MANUAL],peri-root region metabolite-associated fluorescence signal,[MANUAL],peri-root region (agar-adjacent ROI),[MANUAL],fluorescence signal,[MANUAL],RootCam/FluorCam aligned fluorescence ROI quantification; coumarin-associated channel,[MANUAL],a.u.,[MANUAL],observed_variable,active,1.1.0,,,ontology_review|method_mapping|roi_cv|unit_policy,required_for_public_export,coumarin_fluor.rhizoplane.sum,"{""stat"": ""sum""}",6
coumarin_fluor.shoot.mean,coumarin_fluor.shoot,concept_family,canonical_concrete,concrete_only,Coumarin-associated fluorescence in shoot (mean),fluorescence,coumarin_regional_roi,Coumarin fluorescence mean in shoot,a.u.,float,plant_day,HADES:COUMARIN_FLUOR:SHOOT_MEAN,[MANUAL],shoot system,PO:0009006,fluorescence signal,[MANUAL],none,Registered fluorescence ROI quantification from backlit-mask alignment; template expands mean intensity and total signal over ROI pixels.,FluorCam/VNIR-derived table (pipeline output),check NaN; check extreme outliers,"Pixel count remains a separate variable because unit and value_type differ. Current registry reflects variables emitted by the current implementation; additional ROI classes mentioned in the manuscript methods (for example root tip) are not listed unless surfaced as code-level outputs. Expanded from template coumarin_fluor.shoot.{stat} with axes {""stat"": ""mean""}.",external_pipeline,yes,no,no,,,mean=mean intensity within ROI; sum=total fluorescence signal within ROI,shoot_roi,[MANUAL],shoot system metabolite-associated fluorescence signal,[MANUAL],shoot system,PO:0009006,fluorescence signal,[MANUAL],RootCam/FluorCam aligned fluorescence ROI quantification; coumarin-associated channel,[MANUAL],a.u.,[MANUAL],observed_variable,active,1.1.0,,,ontology_review|method_mapping|roi_cv|unit_policy,required_for_public_export,coumarin_fluor.shoot.mean,"{""stat"": ""mean""}",8
coumarin_fluor.shoot.pixel_count.px,coumarin_fluor.shoot,concept_family,canonical_concrete,concrete_only,ROI pixel count (shoot) for coumarin fluorescence,fluorescence,coumarin_regional_roi,Pixel count (shoot),px,int,plant_day,HADES:COUMARIN_FLUOR:COUMARIN_SHOOT_PIXELS,[MANUAL],shoot system,PO:0009006,count,PATO:0000070,none,From ROI mask: count of pixels assigned to region (used for mean intensity normalization).,FluorCam-derived table (pipeline output),>=0 integer; check impossible jumps due to segmentation failures,"Paper draft Methods: per region compute mean intensity, total signal, and pixel counts; channel=coumarin; ROI=shoot. Pixel count corresponds to segmented area in pixel units. Raw unit label px is retained from the implementation, but the MIAPPE scale is normalized to count.",external_pipeline,yes,no,no,,,,shoot_roi,[MANUAL],shoot system ROI pixel count,[MANUAL],shoot system,PO:0009006,count,PATO:0000070,RootCam/FluorCam aligned fluorescence ROI quantification; coumarin-associated channel; ROI pixel enumeration,[MANUAL],count,UO:0000189,analysis_derived,active,1.0.0,,,ontology_review|method_mapping|roi_cv,optional_for_public_export,,{},9
coumarin_fluor.shoot.sum,coumarin_fluor.shoot,concept_family,canonical_concrete,concrete_only,Coumarin-associated fluorescence in shoot (sum),fluorescence,coumarin_regional_roi,Coumarin fluorescence sum in shoot,a.u.,float,plant_day,HADES:COUMARIN_FLUOR:SHOOT_SUM,[MANUAL],shoot system,PO:0009006,fluorescence signal,[MANUAL],none,Registered fluorescence ROI quantification from backlit-mask alignment; template expands mean intensity and total signal over ROI pixels.,FluorCam/VNIR-derived table (pipeline output),check NaN; check extreme outliers,"Pixel count remains a separate variable because unit and value_type differ. Current registry reflects variables emitted by the current implementation; additional ROI classes mentioned in the manuscript methods (for example root tip) are not listed unless surfaced as code-level outputs. Expanded from template coumarin_fluor.shoot.{stat} with axes {""stat"": ""sum""}.",external_pipeline,yes,no,no,,,mean=mean intensity within ROI; sum=total fluorescence signal within ROI,shoot_roi,[MANUAL],shoot system metabolite-associated fluorescence signal,[MANUAL],shoot system,PO:0009006,fluorescence signal,[MANUAL],RootCam/FluorCam aligned fluorescence ROI quantification; coumarin-associated channel,[MANUAL],a.u.,[MANUAL],observed_variable,active,1.1.0,,,ontology_review|method_mapping|roi_cv|unit_policy,required_for_public_export,coumarin_fluor.shoot.sum,"{""stat"": ""sum""}",8
fluor.mCherry.branch_nodes.mean,fluor.mCherry.branch_nodes,concept_family,canonical_concrete,concrete_only,mCherry fluorescence in primary-root branch-node ROI (mean),fluorescence,dual_channel_roi,mCherry fluorescence mean in primary-root branch-node ROI,a.u.,float,plant_day,HADES:FLUOR:MCHERRY_BRANCH_NODES_MEAN,[MANUAL],primary root,PO:0020127,fluorescence signal,[MANUAL],none,Registered fluorescence ROI quantification from backlit-mask alignment; template expands mean intensity and total signal over ROI pixels.,FluorCam-derived table (pipeline output),>=0 if background-subtracted? else allow >=0; check NaN,"Pixel count remains a separate variable because unit and value_type differ. Current registry reflects variables emitted by the current implementation; additional ROI classes mentioned in the manuscript methods (for example root tip) are not listed unless surfaced as code-level outputs. Expanded from template fluor.mCherry.branch_nodes.{stat} with axes {""stat"": ""mean""}.",external_pipeline,yes,no,no,,,mean=mean intensity within ROI; sum=total fluorescence signal within ROI,branch_nodes_roi,[MANUAL],primary root microbial fluorescence signal (branch-node ROI),[MANUAL],primary root,PO:0020127,fluorescence signal,[MANUAL],RootCam dual-channel fluorescence ROI quantification; mCherry-labelled microbe channel,[MANUAL],a.u.,[MANUAL],observed_variable,active,1.1.0,,,ontology_review|method_mapping|roi_cv|unit_policy,required_for_public_export,fluor.mCherry.branch_nodes.mean,"{""stat"": ""mean""}",10
fluor.mCherry.branch_nodes.pixel_count.px,fluor.mCherry.branch_nodes,concept_family,canonical_concrete,concrete_only,ROI pixel count (branch nodes) for mCherry fluorescence,fluorescence,dual_channel_roi,Pixel count (branch nodes),px,int,plant_day,HADES:FLUOR:MCHERRY_BRANCH_NODES_PIXELS,[MANUAL],primary root,PO:0020127,count,PATO:0000070,none,From ROI mask: count of pixels assigned to region (used for mean intensity normalization).,FluorCam-derived table (pipeline output),>=0 integer; check impossible jumps due to segmentation failures,"Paper draft Methods: per region compute mean intensity, total signal, and pixel counts; channel=mCherry; ROI=branch nodes. Pixel count corresponds to segmented area in pixel units. Raw unit label px is retained from the implementation, but the MIAPPE scale is normalized to count.",external_pipeline,yes,no,no,,,,branch_nodes_roi,[MANUAL],primary root branch-node ROI pixel count,[MANUAL],primary root,PO:0020127,count,PATO:0000070,RootCam dual-channel fluorescence ROI quantification; mCherry-labelled microbe channel; ROI pixel enumeration,[MANUAL],count,UO:0000189,analysis_derived,active,1.0.0,,,ontology_review|method_mapping|roi_cv,optional_for_public_export,,{},11
fluor.mCherry.branch_nodes.sum,fluor.mCherry.branch_nodes,concept_family,canonical_concrete,concrete_only,mCherry fluorescence in primary-root branch-node ROI (sum),fluorescence,dual_channel_roi,mCherry fluorescence sum in primary-root branch-node ROI,a.u.,float,plant_day,HADES:FLUOR:MCHERRY_BRANCH_NODES_SUM,[MANUAL],primary root,PO:0020127,fluorescence signal,[MANUAL],none,Registered fluorescence ROI quantification from backlit-mask alignment; template expands mean intensity and total signal over ROI pixels.,FluorCam-derived table (pipeline output),>=0 if background-subtracted? else allow >=0; check NaN,"Pixel count remains a separate variable because unit and value_type differ. Current registry reflects variables emitted by the current implementation; additional ROI classes mentioned in the manuscript methods (for example root tip) are not listed unless surfaced as code-level outputs. Expanded from template fluor.mCherry.branch_nodes.{stat} with axes {""stat"": ""sum""}.",external_pipeline,yes,no,no,,,mean=mean intensity within ROI; sum=total fluorescence signal within ROI,branch_nodes_roi,[MANUAL],primary root microbial fluorescence signal (branch-node ROI),[MANUAL],primary root,PO:0020127,fluorescence signal,[MANUAL],RootCam dual-channel fluorescence ROI quantification; mCherry-labelled microbe channel,[MANUAL],a.u.,[MANUAL],observed_variable,active,1.1.0,,,ontology_review|method_mapping|roi_cv|unit_policy,required_for_public_export,fluor.mCherry.branch_nodes.sum,"{""stat"": ""sum""}",10
fluor.mCherry.main_root.mean,fluor.mCherry.main_root,concept_family,canonical_concrete,concrete_only,mCherry fluorescence along primary root (mean),fluorescence,dual_channel_roi,mCherry fluorescence mean along primary root,a.u.,float,plant_day,HADES:FLUOR:MCHERRY_MAIN_ROOT_MEAN,[MANUAL],primary root,PO:0020127,fluorescence signal,[MANUAL],none,Registered fluorescence ROI quantification from backlit-mask alignment; template expands mean intensity and total signal over ROI pixels.,FluorCam-derived table (pipeline output),>=0 if background-subtracted? else allow >=0; check NaN,"Pixel count remains a separate variable because unit and value_type differ. Current registry reflects variables emitted by the current implementation; additional ROI classes mentioned in the manuscript methods (for example root tip) are not listed unless surfaced as code-level outputs. Expanded from template fluor.mCherry.main_root.{stat} with axes {""stat"": ""mean""}.",external_pipeline,yes,no,no,,,mean=mean intensity within ROI; sum=total fluorescence signal within ROI,main_root_roi,[MANUAL],primary root microbial fluorescence signal,[MANUAL],primary root,PO:0020127,fluorescence signal,[MANUAL],RootCam dual-channel fluorescence ROI quantification; mCherry-labelled microbe channel,[MANUAL],a.u.,[MANUAL],observed_variable,active,1.1.0,,,ontology_review|method_mapping|roi_cv|unit_policy,required_for_public_export,fluor.mCherry.main_root.mean,"{""stat"": ""mean""}",12
fluor.mCherry.main_root.pixel_count.px,fluor.mCherry.main_root,concept_family,canonical_concrete,concrete_only,ROI pixel count (main root) for mCherry fluorescence,fluorescence,dual_channel_roi,Pixel count (main root),px,int,plant_day,HADES:FLUOR:MCHERRY_MAIN_ROOT_PIXELS,[MANUAL],primary root,PO:0020127,count,PATO:0000070,none,From ROI mask: count of pixels assigned to region (used for mean intensity normalization).,FluorCam-derived table (pipeline output),>=0 integer; check impossible jumps due to segmentation failures,"Paper draft Methods: per region compute mean intensity, total signal, and pixel counts; channel=mCherry; ROI=main root. Pixel count corresponds to segmented area in pixel units. Raw unit label px is retained from the implementation, but the MIAPPE scale is normalized to count.",external_pipeline,yes,no,no,,,,main_root_roi,[MANUAL],primary root ROI pixel count,[MANUAL],primary root,PO:0020127,count,PATO:0000070,RootCam dual-channel fluorescence ROI quantification; mCherry-labelled microbe channel; ROI pixel enumeration,[MANUAL],count,UO:0000189,analysis_derived,active,1.0.0,,,ontology_review|method_mapping|roi_cv,optional_for_public_export,,{},13
fluor.mCherry.main_root.sum,fluor.mCherry.main_root,concept_family,canonical_concrete,concrete_only,mCherry fluorescence along primary root (sum),fluorescence,dual_channel_roi,mCherry fluorescence sum along primary root,a.u.,float,plant_day,HADES:FLUOR:MCHERRY_MAIN_ROOT_SUM,[MANUAL],primary root,PO:0020127,fluorescence signal,[MANUAL],none,Registered fluorescence ROI quantification from backlit-mask alignment; template expands mean intensity and total signal over ROI pixels.,FluorCam-derived table (pipeline output),>=0 if background-subtracted? else allow >=0; check NaN,"Pixel count remains a separate variable because unit and value_type differ. Current registry reflects variables emitted by the current implementation; additional ROI classes mentioned in the manuscript methods (for example root tip) are not listed unless surfaced as code-level outputs. Expanded from template fluor.mCherry.main_root.{stat} with axes {""stat"": ""sum""}.",external_pipeline,yes,no,no,,,mean=mean intensity within ROI; sum=total fluorescence signal within ROI,main_root_roi,[MANUAL],primary root microbial fluorescence signal,[MANUAL],primary root,PO:0020127,fluorescence signal,[MANUAL],RootCam dual-channel fluorescence ROI quantification; mCherry-labelled microbe channel,[MANUAL],a.u.,[MANUAL],observed_variable,active,1.1.0,,,ontology_review|method_mapping|roi_cv|unit_policy,required_for_public_export,fluor.mCherry.main_root.sum,"{""stat"": ""sum""}",12
fluor.mTurquoise2.branch_nodes.mean,fluor.mTurquoise2.branch_nodes,concept_family,canonical_concrete,concrete_only,mTurquoise2 fluorescence in primary-root branch-node ROI (mean),fluorescence,dual_channel_roi,mTurquoise2 fluorescence mean in primary-root branch-node ROI,a.u.,float,plant_day,HADES:FLUOR:MTURQUOISE2_BRANCH_NODES_MEAN,[MANUAL],primary root,PO:0020127,fluorescence signal,[MANUAL],none,Registered fluorescence ROI quantification from backlit-mask alignment; template expands mean intensity and total signal over ROI pixels.,FluorCam-derived table (pipeline output),>=0 if background-subtracted? else allow >=0; check NaN,"Pixel count remains a separate variable because unit and value_type differ. Current registry reflects variables emitted by the current implementation; additional ROI classes mentioned in the manuscript methods (for example root tip) are not listed unless surfaced as code-level outputs. Expanded from template fluor.mTurquoise2.branch_nodes.{stat} with axes {""stat"": ""mean""}.",external_pipeline,yes,no,no,,,mean=mean intensity within ROI; sum=total fluorescence signal within ROI,branch_nodes_roi,[MANUAL],primary root reporter fluorescence signal (branch-node ROI),[MANUAL],primary root,PO:0020127,fluorescence signal,[MANUAL],RootCam dual-channel fluorescence ROI quantification; mTurquoise2 reporter channel,[MANUAL],a.u.,[MANUAL],observed_variable,active,1.1.0,,,ontology_review|method_mapping|roi_cv|unit_policy,required_for_public_export,fluor.mTurquoise2.branch_nodes.mean,"{""stat"": ""mean""}",14
fluor.mTurquoise2.branch_nodes.pixel_count.px,fluor.mTurquoise2.branch_nodes,concept_family,canonical_concrete,concrete_only,ROI pixel count (branch nodes) for mTurquoise2 fluorescence,fluorescence,dual_channel_roi,Pixel count (branch nodes),px,int,plant_day,HADES:FLUOR:MTURQUOISE2_BRANCH_NODES_PIXELS,[MANUAL],primary root,PO:0020127,count,PATO:0000070,none,From ROI mask: count of pixels assigned to region (used for mean intensity normalization).,FluorCam-derived table (pipeline output),>=0 integer; check impossible jumps due to segmentation failures,"Paper draft Methods: per region compute mean intensity, total signal, and pixel counts; channel=mTurquoise2; ROI=branch nodes. Pixel count corresponds to segmented area in pixel units. Raw unit label px is retained from the implementation, but the MIAPPE scale is normalized to count.",external_pipeline,yes,no,no,,,,branch_nodes_roi,[MANUAL],primary root branch-node ROI pixel count,[MANUAL],primary root,PO:0020127,count,PATO:0000070,RootCam dual-channel fluorescence ROI quantification; mTurquoise2 reporter channel; ROI pixel enumeration,[MANUAL],count,UO:0000189,analysis_derived,active,1.0.0,,,ontology_review|method_mapping|roi_cv,optional_for_public_export,,{},15
fluor.mTurquoise2.branch_nodes.sum,fluor.mTurquoise2.branch_nodes,concept_family,canonical_concrete,concrete_only,mTurquoise2 fluorescence in primary-root branch-node ROI (sum),fluorescence,dual_channel_roi,mTurquoise2 fluorescence sum in primary-root branch-node ROI,a.u.,float,plant_day,HADES:FLUOR:MTURQUOISE2_BRANCH_NODES_SUM,[MANUAL],primary root,PO:0020127,fluorescence signal,[MANUAL],none,Registered fluorescence ROI quantification from backlit-mask alignment; template expands mean intensity and total signal over ROI pixels.,FluorCam-derived table (pipeline output),>=0 if background-subtracted? else allow >=0; check NaN,"Pixel count remains a separate variable because unit and value_type differ. Current registry reflects variables emitted by the current implementation; additional ROI classes mentioned in the manuscript methods (for example root tip) are not listed unless surfaced as code-level outputs. Expanded from template fluor.mTurquoise2.branch_nodes.{stat} with axes {""stat"": ""sum""}.",external_pipeline,yes,no,no,,,mean=mean intensity within ROI; sum=total fluorescence signal within ROI,branch_nodes_roi,[MANUAL],primary root reporter fluorescence signal (branch-node ROI),[MANUAL],primary root,PO:0020127,fluorescence signal,[MANUAL],RootCam dual-channel fluorescence ROI quantification; mTurquoise2 reporter channel,[MANUAL],a.u.,[MANUAL],observed_variable,active,1.1.0,,,ontology_review|method_mapping|roi_cv|unit_policy,required_for_public_export,fluor.mTurquoise2.branch_nodes.sum,"{""stat"": ""sum""}",14
fluor.mTurquoise2.main_root.mean,fluor.mTurquoise2.main_root,concept_family,canonical_concrete,concrete_only,mTurquoise2 fluorescence along primary root (mean),fluorescence,dual_channel_roi,mTurquoise2 fluorescence mean along primary root,a.u.,float,plant_day,HADES:FLUOR:MTURQUOISE2_MAIN_ROOT_MEAN,[MANUAL],primary root,PO:0020127,fluorescence signal,[MANUAL],none,Registered fluorescence ROI quantification from backlit-mask alignment; template expands mean intensity and total signal over ROI pixels.,FluorCam-derived table (pipeline output),>=0 if background-subtracted? else allow >=0; check NaN,"Pixel count remains a separate variable because unit and value_type differ. Current registry reflects variables emitted by the current implementation; additional ROI classes mentioned in the manuscript methods (for example root tip) are not listed unless surfaced as code-level outputs. Expanded from template fluor.mTurquoise2.main_root.{stat} with axes {""stat"": ""mean""}.",external_pipeline,yes,no,no,,,mean=mean intensity within ROI; sum=total fluorescence signal within ROI,main_root_roi,[MANUAL],primary root reporter fluorescence signal,[MANUAL],primary root,PO:0020127,fluorescence signal,[MANUAL],RootCam dual-channel fluorescence ROI quantification; mTurquoise2 reporter channel,[MANUAL],a.u.,[MANUAL],observed_variable,active,1.1.0,,,ontology_review|method_mapping|roi_cv|unit_policy,required_for_public_export,fluor.mTurquoise2.main_root.mean,"{""stat"": ""mean""}",16
fluor.mTurquoise2.main_root.pixel_count.px,fluor.mTurquoise2.main_root,concept_family,canonical_concrete,concrete_only,ROI pixel count (main root) for mTurquoise2 fluorescence,fluorescence,dual_channel_roi,Pixel count (main root),px,int,plant_day,HADES:FLUOR:MTURQUOISE2_MAIN_ROOT_PIXELS,[MANUAL],primary root,PO:0020127,count,PATO:0000070,none,From ROI mask: count of pixels assigned to region (used for mean intensity normalization).,FluorCam-derived table (pipeline output),>=0 integer; check impossible jumps due to segmentation failures,"Paper draft Methods: per region compute mean intensity, total signal, and pixel counts; channel=mTurquoise2; ROI=main root. Pixel count corresponds to segmented area in pixel units. Raw unit label px is retained from the implementation, but the MIAPPE scale is normalized to count.",external_pipeline,yes,no,no,,,,main_root_roi,[MANUAL],primary root ROI pixel count,[MANUAL],primary root,PO:0020127,count,PATO:0000070,RootCam dual-channel fluorescence ROI quantification; mTurquoise2 reporter channel; ROI pixel enumeration,[MANUAL],count,UO:0000189,analysis_derived,active,1.0.0,,,ontology_review|method_mapping|roi_cv,optional_for_public_export,,{},17
fluor.mTurquoise2.main_root.sum,fluor.mTurquoise2.main_root,concept_family,canonical_concrete,concrete_only,mTurquoise2 fluorescence along primary root (sum),fluorescence,dual_channel_roi,mTurquoise2 fluorescence sum along primary root,a.u.,float,plant_day,HADES:FLUOR:MTURQUOISE2_MAIN_ROOT_SUM,[MANUAL],primary root,PO:0020127,fluorescence signal,[MANUAL],none,Registered fluorescence ROI quantification from backlit-mask alignment; template expands mean intensity and total signal over ROI pixels.,FluorCam-derived table (pipeline output),>=0 if background-subtracted? else allow >=0; check NaN,"Pixel count remains a separate variable because unit and value_type differ. Current registry reflects variables emitted by the current implementation; additional ROI classes mentioned in the manuscript methods (for example root tip) are not listed unless surfaced as code-level outputs. Expanded from template fluor.mTurquoise2.main_root.{stat} with axes {""stat"": ""sum""}.",external_pipeline,yes,no,no,,,mean=mean intensity within ROI; sum=total fluorescence signal within ROI,main_root_roi,[MANUAL],primary root reporter fluorescence signal,[MANUAL],primary root,PO:0020127,fluorescence signal,[MANUAL],RootCam dual-channel fluorescence ROI quantification; mTurquoise2 reporter channel,[MANUAL],a.u.,[MANUAL],observed_variable,active,1.1.0,,,ontology_review|method_mapping|roi_cv|unit_policy,required_for_public_export,fluor.mTurquoise2.main_root.sum,"{""stat"": ""sum""}",16
psi.fc.fo,psi.fc,concept_family,canonical_concrete,concrete_only,FluorCam Fo (baseline fluorescence),psi_vendor_analysis,fluorcam,Fo,a.u.,float,plant_round,PSI:FC_PLANT:FO,[MANUAL],plant,PO:0000003,fluorescence intensity,PATO:0000049,none,Exported by PSI FluorCam analysis table (Fc_Plant).,FC*/Analysis/Fc_Plant.(xlsx|csv),check NaN; check exposure/gain stable within experiment,Definition governed by PSI/FluorCam protocol; refer to PSI FluorCam Operation Manual.,psi_export,no,yes,no,,,,,,plant baseline fluorescence intensity,[MANUAL],plant,PO:0000003,fluorescence intensity,PATO:0000049,PSI FluorCam vendor export,[MANUAL],a.u.,[MANUAL],vendor_derived,active,1.0.0,,,ontology_review|method_mapping|unit_policy,internal_only,,{},39
psi.fc.fo_gauss,psi.fc,concept_family,canonical_concrete,concrete_only,FluorCam Fo (Gaussian-filtered),psi_vendor_analysis,fluorcam,Fo_gauss,a.u.,float,plant_round,PSI:FC_PLANT:FO_GAUSS,[MANUAL],plant,PO:0000003,fluorescence intensity,PATO:0000049,none,Exported by PSI FluorCam analysis table (Fc_Plant).,FC*/Analysis/Fc_Plant.(xlsx|csv),check NaN; compare to Fo for sanity,Vendor-derived smoothing; PSI-defined.,psi_export,no,yes,no,,,,,,plant baseline fluorescence intensity,[MANUAL],plant,PO:0000003,fluorescence intensity,PATO:0000049,PSI FluorCam vendor export,[MANUAL],a.u.,[MANUAL],vendor_derived,active,1.0.0,,,ontology_review|method_mapping|unit_policy,internal_only,,{},40
psi.fc.fo_median,psi.fc,concept_family,canonical_concrete,concrete_only,FluorCam Fo (median),psi_vendor_analysis,fluorcam,Fo_median,a.u.,float,plant_round,PSI:FC_PLANT:FO_MEDIAN,[MANUAL],plant,PO:0000003,fluorescence intensity,PATO:0000049,none,Exported by PSI FluorCam analysis table (Fc_Plant).,FC*/Analysis/Fc_Plant.(xlsx|csv),check NaN; compare to Fo for sanity,Vendor-derived statistic; PSI-defined.,psi_export,no,yes,no,,,,,,plant baseline fluorescence intensity,[MANUAL],plant,PO:0000003,fluorescence intensity,PATO:0000049,PSI FluorCam vendor export,[MANUAL],a.u.,[MANUAL],vendor_derived,active,1.0.0,,,ontology_review|method_mapping|unit_policy,internal_only,,{},41
psi.fc.kinetic.series,psi.fc,concept_family,canonical_concrete,concrete_only,FluorCam kinetic signal series (per plant per round),psi_vendor_analysis,fluorcam,"Kinetic columns (e.g., 16000000)",a.u.,array<float>,plant_round,PSI:FC_KINETIC:SERIES,[MANUAL],plant,PO:0000003,fluorescence intensity over time,PATO:0000049,none,Exported by PSI FluorCam analysis table (Kinetic). Wide-form columns encode protocol-dependent timepoints/frames.,FC*/Analysis/Kinetic.(xlsx|csv),check NaN; verify expected number of frames per protocol,Store as vector; axis labels are the wide-form column headers in the table.,psi_export,no,yes,no,,,,,,plant fluorescence kinetic series,[MANUAL],plant,PO:0000003,fluorescence intensity over time,PATO:0000049,PSI FluorCam vendor export,[MANUAL],a.u.,[MANUAL],vendor_derived_matrix,active,1.0.0,,,ontology_review|method_mapping|unit_policy,internal_only,,{},42
psi.fc.size.px,psi.fc,concept_family,canonical_concrete,concrete_only,FluorCam plant mask area (pixels),psi_vendor_analysis,fluorcam,Size,px,int,plant_round,PSI:FC_PLANT:SIZE,[MANUAL],plant,PO:0000003,area (pixel count),PATO:0001323,none,Exported by PSI FluorCam analysis table (Fc_Plant). Pixel count of plant mask used by PSI analysis.,FC*/Analysis/Fc_Plant.(xlsx|csv),>=0 integer; check sudden jumps across rounds,Vendor-derived. Not directly used in NM figures unless explicitly stated.,psi_export,no,yes,no,,,,plant_mask,[MANUAL],plant mask area,[MANUAL],plant,PO:0000003,area (pixel count),PATO:0001323,PSI FluorCam vendor export,[MANUAL],px,[MANUAL],vendor_derived,active,1.0.0,,,ontology_review|method_mapping|roi_cv|unit_policy,internal_only,,{},38
psi.vnir.avg_spectrum.vector,psi.vnir.avg_spectrum,concept_family,canonical_concrete,concrete_only,VNIR average spectrum (wide-form columns as wavelength axis),psi_vendor_analysis,hyperspectral,"Hc_avgSpectrum wavelength columns (e.g., 349.9 … 899.12)",a.u.,array<float>,plant_round,PSI:VNIR_AVG_SPECTRUM:VECTOR,[MANUAL],root region (PSI-defined),[MANUAL],spectral intensity,PATO:0000049,none,Exported by PSI hyperspectral analysis table (Hc_avgSpectrum). Wide-form columns are wavelengths (nm).,VNIR*/Analysis/Hc_avgSpectrum.(xlsx|csv),check axis monotonicity; check negative values; compare integrated 425–600 window to vnir.emission_spectrum.* variables if available,Store as vector; wavelength axis is the set of wide-form column headers (nm) in the table.,psi_export,no,yes,no,,,,psi_root_region_roi,[MANUAL],PSI VNIR average spectrum,[MANUAL],root region (PSI-defined),[MANUAL],spectral intensity,PATO:0000049,PSI VNIR vendor export from Hc_avgSpectrum table; wavelength-axis average spectrum vector,[MANUAL],a.u.,[MANUAL],vendor_derived_matrix,active,1.0.0,,,ontology_review|method_mapping|roi_cv|unit_policy,internal_only,,{},45
psi.vnir.band.A440.avg,psi.vnir.band,concept_family,canonical_concrete,concrete_only,VNIR band statistic at wavelength (patterned),psi_vendor_analysis,hyperspectral,"A440-average (e.g., A570-avg)",a.u.,float,plant_round,PSI:VNIR_PLANT:BAND_A440_AVG,[MANUAL],root region (PSI-defined),[MANUAL],spectral intensity,PATO:0000049,none,Exported by PSI hyperspectral analysis table (Hc_Plant).,VNIR*/Analysis/Hc_Plant.(xlsx|csv),check NaN; verify wavelengths present in header; compare to Hc_avgSpectrum as sanity,"Expanded from template psi.vnir.band.A{band_nm}.{stat} with axes {""band_nm"": ""440"", ""stat"": ""avg""}.",psi_export,no,yes,no,,,avg=mean intensity at wavelength band; stddev=standard deviation; median=median; min=minimum; max=maximum,psi_root_region_roi,[MANUAL],PSI VNIR band intensity,[MANUAL],root region (PSI-defined),[MANUAL],spectral intensity,PATO:0000049,PSI VNIR vendor export from Hc_Plant table; wavelength-specific summary statistics,[MANUAL],a.u.,[MANUAL],vendor_derived,active,1.0.0,,,ontology_review|method_mapping|roi_cv|unit_policy,internal_only,psi.vnir.band.A440.average,"{""band_nm"": ""440"", ""stat"": ""avg""}",43
psi.vnir.band.A440.max,psi.vnir.band,concept_family,canonical_concrete,concrete_only,VNIR band statistic at wavelength (patterned),psi_vendor_analysis,hyperspectral,"A440-maximum (e.g., A570-avg)",a.u.,float,plant_round,PSI:VNIR_PLANT:BAND_A440_MAX,[MANUAL],root region (PSI-defined),[MANUAL],spectral intensity,PATO:0000049,none,Exported by PSI hyperspectral analysis table (Hc_Plant).,VNIR*/Analysis/Hc_Plant.(xlsx|csv),check NaN; verify wavelengths present in header; compare to Hc_avgSpectrum as sanity,"Expanded from template psi.vnir.band.A{band_nm}.{stat} with axes {""band_nm"": ""440"", ""stat"": ""max""}.",psi_export,no,yes,no,,,avg=mean intensity at wavelength band; stddev=standard deviation; median=median; min=minimum; max=maximum,psi_root_region_roi,[MANUAL],PSI VNIR band intensity,[MANUAL],root region (PSI-defined),[MANUAL],spectral intensity,PATO:0000049,PSI VNIR vendor export from Hc_Plant table; wavelength-specific summary statistics,[MANUAL],a.u.,[MANUAL],vendor_derived,active,1.0.0,,,ontology_review|method_mapping|roi_cv|unit_policy,internal_only,psi.vnir.band.A440.maximum,"{""band_nm"": ""440"", ""stat"": ""max""}",43
psi.vnir.band.A440.median,psi.vnir.band,concept_family,canonical_concrete,concrete_only,VNIR band statistic at wavelength (patterned),psi_vendor_analysis,hyperspectral,"A440-median (e.g., A570-avg)",a.u.,float,plant_round,PSI:VNIR_PLANT:BAND_A440_MEDIAN,[MANUAL],root region (PSI-defined),[MANUAL],spectral intensity,PATO:0000049,none,Exported by PSI hyperspectral analysis table (Hc_Plant).,VNIR*/Analysis/Hc_Plant.(xlsx|csv),check NaN; verify wavelengths present in header; compare to Hc_avgSpectrum as sanity,"Expanded from template psi.vnir.band.A{band_nm}.{stat} with axes {""band_nm"": ""440"", ""stat"": ""median""}.",psi_export,no,yes,no,,,avg=mean intensity at wavelength band; stddev=standard deviation; median=median; min=minimum; max=maximum,psi_root_region_roi,[MANUAL],PSI VNIR band intensity,[MANUAL],root region (PSI-defined),[MANUAL],spectral intensity,PATO:0000049,PSI VNIR vendor export from Hc_Plant table; wavelength-specific summary statistics,[MANUAL],a.u.,[MANUAL],vendor_derived,active,1.0.0,,,ontology_review|method_mapping|roi_cv|unit_policy,internal_only,psi.vnir.band.A440.median,"{""band_nm"": ""440"", ""stat"": ""median""}",43
psi.vnir.band.A440.min,psi.vnir.band,concept_family,canonical_concrete,concrete_only,VNIR band statistic at wavelength (patterned),psi_vendor_analysis,hyperspectral,"A440-minimum (e.g., A570-avg)",a.u.,float,plant_round,PSI:VNIR_PLANT:BAND_A440_MIN,[MANUAL],root region (PSI-defined),[MANUAL],spectral intensity,PATO:0000049,none,Exported by PSI hyperspectral analysis table (Hc_Plant).,VNIR*/Analysis/Hc_Plant.(xlsx|csv),check NaN; verify wavelengths present in header; compare to Hc_avgSpectrum as sanity,"Expanded from template psi.vnir.band.A{band_nm}.{stat} with axes {""band_nm"": ""440"", ""stat"": ""min""}.",psi_export,no,yes,no,,,avg=mean intensity at wavelength band; stddev=standard deviation; median=median; min=minimum; max=maximum,psi_root_region_roi,[MANUAL],PSI VNIR band intensity,[MANUAL],root region (PSI-defined),[MANUAL],spectral intensity,PATO:0000049,PSI VNIR vendor export from Hc_Plant table; wavelength-specific summary statistics,[MANUAL],a.u.,[MANUAL],vendor_derived,active,1.0.0,,,ontology_review|method_mapping|roi_cv|unit_policy,internal_only,psi.vnir.band.A440.minimum,"{""band_nm"": ""440"", ""stat"": ""min""}",43
psi.vnir.band.A440.stddev,psi.vnir.band,concept_family,canonical_concrete,concrete_only,VNIR band statistic at wavelength (patterned),psi_vendor_analysis,hyperspectral,"A440-standard deviation (e.g., A570-avg)",a.u.,float,plant_round,PSI:VNIR_PLANT:BAND_A440_STDDEV,[MANUAL],root region (PSI-defined),[MANUAL],spectral intensity,PATO:0000049,none,Exported by PSI hyperspectral analysis table (Hc_Plant).,VNIR*/Analysis/Hc_Plant.(xlsx|csv),check NaN; verify wavelengths present in header; compare to Hc_avgSpectrum as sanity,"Expanded from template psi.vnir.band.A{band_nm}.{stat} with axes {""band_nm"": ""440"", ""stat"": ""stddev""}.",psi_export,no,yes,no,,,avg=mean intensity at wavelength band; stddev=standard deviation; median=median; min=minimum; max=maximum,psi_root_region_roi,[MANUAL],PSI VNIR band intensity,[MANUAL],root region (PSI-defined),[MANUAL],spectral intensity,PATO:0000049,PSI VNIR vendor export from Hc_Plant table; wavelength-specific summary statistics,[MANUAL],a.u.,[MANUAL],vendor_derived,active,1.0.0,,,ontology_review|method_mapping|roi_cv|unit_policy,internal_only,psi.vnir.band.A440.standard deviation,"{""band_nm"": ""440"", ""stat"": ""stddev""}",43
psi.vnir.band.A480.avg,psi.vnir.band,concept_family,canonical_concrete,concrete_only,VNIR band statistic at wavelength (patterned),psi_vendor_analysis,hyperspectral,"A480-average (e.g., A570-avg)",a.u.,float,plant_round,PSI:VNIR_PLANT:BAND_A480_AVG,[MANUAL],root region (PSI-defined),[MANUAL],spectral intensity,PATO:0000049,none,Exported by PSI hyperspectral analysis table (Hc_Plant).,VNIR*/Analysis/Hc_Plant.(xlsx|csv),check NaN; verify wavelengths present in header; compare to Hc_avgSpectrum as sanity,"Expanded from template psi.vnir.band.A{band_nm}.{stat} with axes {""band_nm"": ""480"", ""stat"": ""avg""}.",psi_export,no,yes,no,,,avg=mean intensity at wavelength band; stddev=standard deviation; median=median; min=minimum; max=maximum,psi_root_region_roi,[MANUAL],PSI VNIR band intensity,[MANUAL],root region (PSI-defined),[MANUAL],spectral intensity,PATO:0000049,PSI VNIR vendor export from Hc_Plant table; wavelength-specific summary statistics,[MANUAL],a.u.,[MANUAL],vendor_derived,active,1.0.0,,,ontology_review|method_mapping|roi_cv|unit_policy,internal_only,psi.vnir.band.A480.average,"{""band_nm"": ""480"", ""stat"": ""avg""}",43
psi.vnir.band.A480.max,psi.vnir.band,concept_family,canonical_concrete,concrete_only,VNIR band statistic at wavelength (patterned),psi_vendor_analysis,hyperspectral,"A480-maximum (e.g., A570-avg)",a.u.,float,plant_round,PSI:VNIR_PLANT:BAND_A480_MAX,[MANUAL],root region (PSI-defined),[MANUAL],spectral intensity,PATO:0000049,none,Exported by PSI hyperspectral analysis table (Hc_Plant).,VNIR*/Analysis/Hc_Plant.(xlsx|csv),check NaN; verify wavelengths present in header; compare to Hc_avgSpectrum as sanity,"Expanded from template psi.vnir.band.A{band_nm}.{stat} with axes {""band_nm"": ""480"", ""stat"": ""max""}.",psi_export,no,yes,no,,,avg=mean intensity at wavelength band; stddev=standard deviation; median=median; min=minimum; max=maximum,psi_root_region_roi,[MANUAL],PSI VNIR band intensity,[MANUAL],root region (PSI-defined),[MANUAL],spectral intensity,PATO:0000049,PSI VNIR vendor export from Hc_Plant table; wavelength-specific summary statistics,[MANUAL],a.u.,[MANUAL],vendor_derived,active,1.0.0,,,ontology_review|method_mapping|roi_cv|unit_policy,internal_only,psi.vnir.band.A480.maximum,"{""band_nm"": ""480"", ""stat"": ""max""}",43
psi.vnir.band.A480.median,psi.vnir.band,concept_family,canonical_concrete,concrete_only,VNIR band statistic at wavelength (patterned),psi_vendor_analysis,hyperspectral,"A480-median (e.g., A570-avg)",a.u.,float,plant_round,PSI:VNIR_PLANT:BAND_A480_MEDIAN,[MANUAL],root region (PSI-defined),[MANUAL],spectral intensity,PATO:0000049,none,Exported by PSI hyperspectral analysis table (Hc_Plant).,VNIR*/Analysis/Hc_Plant.(xlsx|csv),check NaN; verify wavelengths present in header; compare to Hc_avgSpectrum as sanity,"Expanded from template psi.vnir.band.A{band_nm}.{stat} with axes {""band_nm"": ""480"", ""stat"": ""median""}.",psi_export,no,yes,no,,,avg=mean intensity at wavelength band; stddev=standard deviation; median=median; min=minimum; max=maximum,psi_root_region_roi,[MANUAL],PSI VNIR band intensity,[MANUAL],root region (PSI-defined),[MANUAL],spectral intensity,PATO:0000049,PSI VNIR vendor export from Hc_Plant table; wavelength-specific summary statistics,[MANUAL],a.u.,[MANUAL],vendor_derived,active,1.0.0,,,ontology_review|method_mapping|roi_cv|unit_policy,internal_only,psi.vnir.band.A480.median,"{""band_nm"": ""480"", ""stat"": ""median""}",43
psi.vnir.band.A480.min,psi.vnir.band,concept_family,canonical_concrete,concrete_only,VNIR band statistic at wavelength (patterned),psi_vendor_analysis,hyperspectral,"A480-minimum (e.g., A570-avg)",a.u.,float,plant_round,PSI:VNIR_PLANT:BAND_A480_MIN,[MANUAL],root region (PSI-defined),[MANUAL],spectral intensity,PATO:0000049,none,Exported by PSI hyperspectral analysis table (Hc_Plant).,VNIR*/Analysis/Hc_Plant.(xlsx|csv),check NaN; verify wavelengths present in header; compare to Hc_avgSpectrum as sanity,"Expanded from template psi.vnir.band.A{band_nm}.{stat} with axes {""band_nm"": ""480"", ""stat"": ""min""}.",psi_export,no,yes,no,,,avg=mean intensity at wavelength band; stddev=standard deviation; median=median; min=minimum; max=maximum,psi_root_region_roi,[MANUAL],PSI VNIR band intensity,[MANUAL],root region (PSI-defined),[MANUAL],spectral intensity,PATO:0000049,PSI VNIR vendor export from Hc_Plant table; wavelength-specific summary statistics,[MANUAL],a.u.,[MANUAL],vendor_derived,active,1.0.0,,,ontology_review|method_mapping|roi_cv|unit_policy,internal_only,psi.vnir.band.A480.minimum,"{""band_nm"": ""480"", ""stat"": ""min""}",43
psi.vnir.band.A480.stddev,psi.vnir.band,concept_family,canonical_concrete,concrete_only,VNIR band statistic at wavelength (patterned),psi_vendor_analysis,hyperspectral,"A480-standard deviation (e.g., A570-avg)",a.u.,float,plant_round,PSI:VNIR_PLANT:BAND_A480_STDDEV,[MANUAL],root region (PSI-defined),[MANUAL],spectral intensity,PATO:0000049,none,Exported by PSI hyperspectral analysis table (Hc_Plant).,VNIR*/Analysis/Hc_Plant.(xlsx|csv),check NaN; verify wavelengths present in header; compare to Hc_avgSpectrum as sanity,"Expanded from template psi.vnir.band.A{band_nm}.{stat} with axes {""band_nm"": ""480"", ""stat"": ""stddev""}.",psi_export,no,yes,no,,,avg=mean intensity at wavelength band; stddev=standard deviation; median=median; min=minimum; max=maximum,psi_root_region_roi,[MANUAL],PSI VNIR band intensity,[MANUAL],root region (PSI-defined),[MANUAL],spectral intensity,PATO:0000049,PSI VNIR vendor export from Hc_Plant table; wavelength-specific summary statistics,[MANUAL],a.u.,[MANUAL],vendor_derived,active,1.0.0,,,ontology_review|method_mapping|roi_cv|unit_policy,internal_only,psi.vnir.band.A480.standard deviation,"{""band_nm"": ""480"", ""stat"": ""stddev""}",43
psi.vnir.band.A490.avg,psi.vnir.band,concept_family,canonical_concrete,concrete_only,VNIR band statistic at wavelength (patterned),psi_vendor_analysis,hyperspectral,"A490-average (e.g., A570-avg)",a.u.,float,plant_round,PSI:VNIR_PLANT:BAND_A490_AVG,[MANUAL],root region (PSI-defined),[MANUAL],spectral intensity,PATO:0000049,none,Exported by PSI hyperspectral analysis table (Hc_Plant).,VNIR*/Analysis/Hc_Plant.(xlsx|csv),check NaN; verify wavelengths present in header; compare to Hc_avgSpectrum as sanity,"Expanded from template psi.vnir.band.A{band_nm}.{stat} with axes {""band_nm"": ""490"", ""stat"": ""avg""}.",psi_export,no,yes,no,,,avg=mean intensity at wavelength band; stddev=standard deviation; median=median; min=minimum; max=maximum,psi_root_region_roi,[MANUAL],PSI VNIR band intensity,[MANUAL],root region (PSI-defined),[MANUAL],spectral intensity,PATO:0000049,PSI VNIR vendor export from Hc_Plant table; wavelength-specific summary statistics,[MANUAL],a.u.,[MANUAL],vendor_derived,active,1.0.0,,,ontology_review|method_mapping|roi_cv|unit_policy,internal_only,psi.vnir.band.A490.average,"{""band_nm"": ""490"", ""stat"": ""avg""}",43
psi.vnir.band.A490.max,psi.vnir.band,concept_family,canonical_concrete,concrete_only,VNIR band statistic at wavelength (patterned),psi_vendor_analysis,hyperspectral,"A490-maximum (e.g., A570-avg)",a.u.,float,plant_round,PSI:VNIR_PLANT:BAND_A490_MAX,[MANUAL],root region (PSI-defined),[MANUAL],spectral intensity,PATO:0000049,none,Exported by PSI hyperspectral analysis table (Hc_Plant).,VNIR*/Analysis/Hc_Plant.(xlsx|csv),check NaN; verify wavelengths present in header; compare to Hc_avgSpectrum as sanity,"Expanded from template psi.vnir.band.A{band_nm}.{stat} with axes {""band_nm"": ""490"", ""stat"": ""max""}.",psi_export,no,yes,no,,,avg=mean intensity at wavelength band; stddev=standard deviation; median=median; min=minimum; max=maximum,psi_root_region_roi,[MANUAL],PSI VNIR band intensity,[MANUAL],root region (PSI-defined),[MANUAL],spectral intensity,PATO:0000049,PSI VNIR vendor export from Hc_Plant table; wavelength-specific summary statistics,[MANUAL],a.u.,[MANUAL],vendor_derived,active,1.0.0,,,ontology_review|method_mapping|roi_cv|unit_policy,internal_only,psi.vnir.band.A490.maximum,"{""band_nm"": ""490"", ""stat"": ""max""}",43
psi.vnir.band.A490.median,psi.vnir.band,concept_family,canonical_concrete,concrete_only,VNIR band statistic at wavelength (patterned),psi_vendor_analysis,hyperspectral,"A490-median (e.g., A570-avg)",a.u.,float,plant_round,PSI:VNIR_PLANT:BAND_A490_MEDIAN,[MANUAL],root region (PSI-defined),[MANUAL],spectral intensity,PATO:0000049,none,Exported by PSI hyperspectral analysis table (Hc_Plant).,VNIR*/Analysis/Hc_Plant.(xlsx|csv),check NaN; verify wavelengths present in header; compare to Hc_avgSpectrum as sanity,"Expanded from template psi.vnir.band.A{band_nm}.{stat} with axes {""band_nm"": ""490"", ""stat"": ""median""}.",psi_export,no,yes,no,,,avg=mean intensity at wavelength band; stddev=standard deviation; median=median; min=minimum; max=maximum,psi_root_region_roi,[MANUAL],PSI VNIR band intensity,[MANUAL],root region (PSI-defined),[MANUAL],spectral intensity,PATO:0000049,PSI VNIR vendor export from Hc_Plant table; wavelength-specific summary statistics,[MANUAL],a.u.,[MANUAL],vendor_derived,active,1.0.0,,,ontology_review|method_mapping|roi_cv|unit_policy,internal_only,psi.vnir.band.A490.median,"{""band_nm"": ""490"", ""stat"": ""median""}",43
psi.vnir.band.A490.min,psi.vnir.band,concept_family,canonical_concrete,concrete_only,VNIR band statistic at wavelength (patterned),psi_vendor_analysis,hyperspectral,"A490-minimum (e.g., A570-avg)",a.u.,float,plant_round,PSI:VNIR_PLANT:BAND_A490_MIN,[MANUAL],root region (PSI-defined),[MANUAL],spectral intensity,PATO:0000049,none,Exported by PSI hyperspectral analysis table (Hc_Plant).,VNIR*/Analysis/Hc_Plant.(xlsx|csv),check NaN; verify wavelengths present in header; compare to Hc_avgSpectrum as sanity,"Expanded from template psi.vnir.band.A{band_nm}.{stat} with axes {""band_nm"": ""490"", ""stat"": ""min""}.",psi_export,no,yes,no,,,avg=mean intensity at wavelength band; stddev=standard deviation; median=median; min=minimum; max=maximum,psi_root_region_roi,[MANUAL],PSI VNIR band intensity,[MANUAL],root region (PSI-defined),[MANUAL],spectral intensity,PATO:0000049,PSI VNIR vendor export from Hc_Plant table; wavelength-specific summary statistics,[MANUAL],a.u.,[MANUAL],vendor_derived,active,1.0.0,,,ontology_review|method_mapping|roi_cv|unit_policy,internal_only,psi.vnir.band.A490.minimum,"{""band_nm"": ""490"", ""stat"": ""min""}",43
psi.vnir.band.A490.stddev,psi.vnir.band,concept_family,canonical_concrete,concrete_only,VNIR band statistic at wavelength (patterned),psi_vendor_analysis,hyperspectral,"A490-standard deviation (e.g., A570-avg)",a.u.,float,plant_round,PSI:VNIR_PLANT:BAND_A490_STDDEV,[MANUAL],root region (PSI-defined),[MANUAL],spectral intensity,PATO:0000049,none,Exported by PSI hyperspectral analysis table (Hc_Plant).,VNIR*/Analysis/Hc_Plant.(xlsx|csv),check NaN; verify wavelengths present in header; compare to Hc_avgSpectrum as sanity,"Expanded from template psi.vnir.band.A{band_nm}.{stat} with axes {""band_nm"": ""490"", ""stat"": ""stddev""}.",psi_export,no,yes,no,,,avg=mean intensity at wavelength band; stddev=standard deviation; median=median; min=minimum; max=maximum,psi_root_region_roi,[MANUAL],PSI VNIR band intensity,[MANUAL],root region (PSI-defined),[MANUAL],spectral intensity,PATO:0000049,PSI VNIR vendor export from Hc_Plant table; wavelength-specific summary statistics,[MANUAL],a.u.,[MANUAL],vendor_derived,active,1.0.0,,,ontology_review|method_mapping|roi_cv|unit_policy,internal_only,psi.vnir.band.A490.standard deviation,"{""band_nm"": ""490"", ""stat"": ""stddev""}",43
psi.vnir.band.A570.avg,psi.vnir.band,concept_family,canonical_concrete,concrete_only,VNIR band statistic at wavelength (patterned),psi_vendor_analysis,hyperspectral,"A570-average (e.g., A570-avg)",a.u.,float,plant_round,PSI:VNIR_PLANT:BAND_A570_AVG,[MANUAL],root region (PSI-defined),[MANUAL],spectral intensity,PATO:0000049,none,Exported by PSI hyperspectral analysis table (Hc_Plant).,VNIR*/Analysis/Hc_Plant.(xlsx|csv),check NaN; verify wavelengths present in header; compare to Hc_avgSpectrum as sanity,"Expanded from template psi.vnir.band.A{band_nm}.{stat} with axes {""band_nm"": ""570"", ""stat"": ""avg""}.",psi_export,no,yes,no,,,avg=mean intensity at wavelength band; stddev=standard deviation; median=median; min=minimum; max=maximum,psi_root_region_roi,[MANUAL],PSI VNIR band intensity,[MANUAL],root region (PSI-defined),[MANUAL],spectral intensity,PATO:0000049,PSI VNIR vendor export from Hc_Plant table; wavelength-specific summary statistics,[MANUAL],a.u.,[MANUAL],vendor_derived,active,1.0.0,,,ontology_review|method_mapping|roi_cv|unit_policy,internal_only,psi.vnir.band.A570.average,"{""band_nm"": ""570"", ""stat"": ""avg""}",43
psi.vnir.band.A570.max,psi.vnir.band,concept_family,canonical_concrete,concrete_only,VNIR band statistic at wavelength (patterned),psi_vendor_analysis,hyperspectral,"A570-maximum (e.g., A570-avg)",a.u.,float,plant_round,PSI:VNIR_PLANT:BAND_A570_MAX,[MANUAL],root region (PSI-defined),[MANUAL],spectral intensity,PATO:0000049,none,Exported by PSI hyperspectral analysis table (Hc_Plant).,VNIR*/Analysis/Hc_Plant.(xlsx|csv),check NaN; verify wavelengths present in header; compare to Hc_avgSpectrum as sanity,"Expanded from template psi.vnir.band.A{band_nm}.{stat} with axes {""band_nm"": ""570"", ""stat"": ""max""}.",psi_export,no,yes,no,,,avg=mean intensity at wavelength band; stddev=standard deviation; median=median; min=minimum; max=maximum,psi_root_region_roi,[MANUAL],PSI VNIR band intensity,[MANUAL],root region (PSI-defined),[MANUAL],spectral intensity,PATO:0000049,PSI VNIR vendor export from Hc_Plant table; wavelength-specific summary statistics,[MANUAL],a.u.,[MANUAL],vendor_derived,active,1.0.0,,,ontology_review|method_mapping|roi_cv|unit_policy,internal_only,psi.vnir.band.A570.maximum,"{""band_nm"": ""570"", ""stat"": ""max""}",43
psi.vnir.band.A570.median,psi.vnir.band,concept_family,canonical_concrete,concrete_only,VNIR band statistic at wavelength (patterned),psi_vendor_analysis,hyperspectral,"A570-median (e.g., A570-avg)",a.u.,float,plant_round,PSI:VNIR_PLANT:BAND_A570_MEDIAN,[MANUAL],root region (PSI-defined),[MANUAL],spectral intensity,PATO:0000049,none,Exported by PSI hyperspectral analysis table (Hc_Plant).,VNIR*/Analysis/Hc_Plant.(xlsx|csv),check NaN; verify wavelengths present in header; compare to Hc_avgSpectrum as sanity,"Expanded from template psi.vnir.band.A{band_nm}.{stat} with axes {""band_nm"": ""570"", ""stat"": ""median""}.",psi_export,no,yes,no,,,avg=mean intensity at wavelength band; stddev=standard deviation; median=median; min=minimum; max=maximum,psi_root_region_roi,[MANUAL],PSI VNIR band intensity,[MANUAL],root region (PSI-defined),[MANUAL],spectral intensity,PATO:0000049,PSI VNIR vendor export from Hc_Plant table; wavelength-specific summary statistics,[MANUAL],a.u.,[MANUAL],vendor_derived,active,1.0.0,,,ontology_review|method_mapping|roi_cv|unit_policy,internal_only,psi.vnir.band.A570.median,"{""band_nm"": ""570"", ""stat"": ""median""}",43
psi.vnir.band.A570.min,psi.vnir.band,concept_family,canonical_concrete,concrete_only,VNIR band statistic at wavelength (patterned),psi_vendor_analysis,hyperspectral,"A570-minimum (e.g., A570-avg)",a.u.,float,plant_round,PSI:VNIR_PLANT:BAND_A570_MIN,[MANUAL],root region (PSI-defined),[MANUAL],spectral intensity,PATO:0000049,none,Exported by PSI hyperspectral analysis table (Hc_Plant).,VNIR*/Analysis/Hc_Plant.(xlsx|csv),check NaN; verify wavelengths present in header; compare to Hc_avgSpectrum as sanity,"Expanded from template psi.vnir.band.A{band_nm}.{stat} with axes {""band_nm"": ""570"", ""stat"": ""min""}.",psi_export,no,yes,no,,,avg=mean intensity at wavelength band; stddev=standard deviation; median=median; min=minimum; max=maximum,psi_root_region_roi,[MANUAL],PSI VNIR band intensity,[MANUAL],root region (PSI-defined),[MANUAL],spectral intensity,PATO:0000049,PSI VNIR vendor export from Hc_Plant table; wavelength-specific summary statistics,[MANUAL],a.u.,[MANUAL],vendor_derived,active,1.0.0,,,ontology_review|method_mapping|roi_cv|unit_policy,internal_only,psi.vnir.band.A570.minimum,"{""band_nm"": ""570"", ""stat"": ""min""}",43
psi.vnir.band.A570.stddev,psi.vnir.band,concept_family,canonical_concrete,concrete_only,VNIR band statistic at wavelength (patterned),psi_vendor_analysis,hyperspectral,"A570-standard deviation (e.g., A570-avg)",a.u.,float,plant_round,PSI:VNIR_PLANT:BAND_A570_STDDEV,[MANUAL],root region (PSI-defined),[MANUAL],spectral intensity,PATO:0000049,none,Exported by PSI hyperspectral analysis table (Hc_Plant).,VNIR*/Analysis/Hc_Plant.(xlsx|csv),check NaN; verify wavelengths present in header; compare to Hc_avgSpectrum as sanity,"Expanded from template psi.vnir.band.A{band_nm}.{stat} with axes {""band_nm"": ""570"", ""stat"": ""stddev""}.",psi_export,no,yes,no,,,avg=mean intensity at wavelength band; stddev=standard deviation; median=median; min=minimum; max=maximum,psi_root_region_roi,[MANUAL],PSI VNIR band intensity,[MANUAL],root region (PSI-defined),[MANUAL],spectral intensity,PATO:0000049,PSI VNIR vendor export from Hc_Plant table; wavelength-specific summary statistics,[MANUAL],a.u.,[MANUAL],vendor_derived,active,1.0.0,,,ontology_review|method_mapping|roi_cv|unit_policy,internal_only,psi.vnir.band.A570.standard deviation,"{""band_nm"": ""570"", ""stat"": ""stddev""}",43
psi.vnir.band.A625.avg,psi.vnir.band,concept_family,canonical_concrete,concrete_only,VNIR band statistic at wavelength (patterned),psi_vendor_analysis,hyperspectral,"A625-average (e.g., A570-avg)",a.u.,float,plant_round,PSI:VNIR_PLANT:BAND_A625_AVG,[MANUAL],root region (PSI-defined),[MANUAL],spectral intensity,PATO:0000049,none,Exported by PSI hyperspectral analysis table (Hc_Plant).,VNIR*/Analysis/Hc_Plant.(xlsx|csv),check NaN; verify wavelengths present in header; compare to Hc_avgSpectrum as sanity,"Expanded from template psi.vnir.band.A{band_nm}.{stat} with axes {""band_nm"": ""625"", ""stat"": ""avg""}.",psi_export,no,yes,no,,,avg=mean intensity at wavelength band; stddev=standard deviation; median=median; min=minimum; max=maximum,psi_root_region_roi,[MANUAL],PSI VNIR band intensity,[MANUAL],root region (PSI-defined),[MANUAL],spectral intensity,PATO:0000049,PSI VNIR vendor export from Hc_Plant table; wavelength-specific summary statistics,[MANUAL],a.u.,[MANUAL],vendor_derived,active,1.0.0,,,ontology_review|method_mapping|roi_cv|unit_policy,internal_only,psi.vnir.band.A625.average,"{""band_nm"": ""625"", ""stat"": ""avg""}",43
psi.vnir.band.A625.max,psi.vnir.band,concept_family,canonical_concrete,concrete_only,VNIR band statistic at wavelength (patterned),psi_vendor_analysis,hyperspectral,"A625-maximum (e.g., A570-avg)",a.u.,float,plant_round,PSI:VNIR_PLANT:BAND_A625_MAX,[MANUAL],root region (PSI-defined),[MANUAL],spectral intensity,PATO:0000049,none,Exported by PSI hyperspectral analysis table (Hc_Plant).,VNIR*/Analysis/Hc_Plant.(xlsx|csv),check NaN; verify wavelengths present in header; compare to Hc_avgSpectrum as sanity,"Expanded from template psi.vnir.band.A{band_nm}.{stat} with axes {""band_nm"": ""625"", ""stat"": ""max""}.",psi_export,no,yes,no,,,avg=mean intensity at wavelength band; stddev=standard deviation; median=median; min=minimum; max=maximum,psi_root_region_roi,[MANUAL],PSI VNIR band intensity,[MANUAL],root region (PSI-defined),[MANUAL],spectral intensity,PATO:0000049,PSI VNIR vendor export from Hc_Plant table; wavelength-specific summary statistics,[MANUAL],a.u.,[MANUAL],vendor_derived,active,1.0.0,,,ontology_review|method_mapping|roi_cv|unit_policy,internal_only,psi.vnir.band.A625.maximum,"{""band_nm"": ""625"", ""stat"": ""max""}",43
psi.vnir.band.A625.median,psi.vnir.band,concept_family,canonical_concrete,concrete_only,VNIR band statistic at wavelength (patterned),psi_vendor_analysis,hyperspectral,"A625-median (e.g., A570-avg)",a.u.,float,plant_round,PSI:VNIR_PLANT:BAND_A625_MEDIAN,[MANUAL],root region (PSI-defined),[MANUAL],spectral intensity,PATO:0000049,none,Exported by PSI hyperspectral analysis table (Hc_Plant).,VNIR*/Analysis/Hc_Plant.(xlsx|csv),check NaN; verify wavelengths present in header; compare to Hc_avgSpectrum as sanity,"Expanded from template psi.vnir.band.A{band_nm}.{stat} with axes {""band_nm"": ""625"", ""stat"": ""median""}.",psi_export,no,yes,no,,,avg=mean intensity at wavelength band; stddev=standard deviation; median=median; min=minimum; max=maximum,psi_root_region_roi,[MANUAL],PSI VNIR band intensity,[MANUAL],root region (PSI-defined),[MANUAL],spectral intensity,PATO:0000049,PSI VNIR vendor export from Hc_Plant table; wavelength-specific summary statistics,[MANUAL],a.u.,[MANUAL],vendor_derived,active,1.0.0,,,ontology_review|method_mapping|roi_cv|unit_policy,internal_only,psi.vnir.band.A625.median,"{""band_nm"": ""625"", ""stat"": ""median""}",43
psi.vnir.band.A625.min,psi.vnir.band,concept_family,canonical_concrete,concrete_only,VNIR band statistic at wavelength (patterned),psi_vendor_analysis,hyperspectral,"A625-minimum (e.g., A570-avg)",a.u.,float,plant_round,PSI:VNIR_PLANT:BAND_A625_MIN,[MANUAL],root region (PSI-defined),[MANUAL],spectral intensity,PATO:0000049,none,Exported by PSI hyperspectral analysis table (Hc_Plant).,VNIR*/Analysis/Hc_Plant.(xlsx|csv),check NaN; verify wavelengths present in header; compare to Hc_avgSpectrum as sanity,"Expanded from template psi.vnir.band.A{band_nm}.{stat} with axes {""band_nm"": ""625"", ""stat"": ""min""}.",psi_export,no,yes,no,,,avg=mean intensity at wavelength band; stddev=standard deviation; median=median; min=minimum; max=maximum,psi_root_region_roi,[MANUAL],PSI VNIR band intensity,[MANUAL],root region (PSI-defined),[MANUAL],spectral intensity,PATO:0000049,PSI VNIR vendor export from Hc_Plant table; wavelength-specific summary statistics,[MANUAL],a.u.,[MANUAL],vendor_derived,active,1.0.0,,,ontology_review|method_mapping|roi_cv|unit_policy,internal_only,psi.vnir.band.A625.minimum,"{""band_nm"": ""625"", ""stat"": ""min""}",43
psi.vnir.band.A625.stddev,psi.vnir.band,concept_family,canonical_concrete,concrete_only,VNIR band statistic at wavelength (patterned),psi_vendor_analysis,hyperspectral,"A625-standard deviation (e.g., A570-avg)",a.u.,float,plant_round,PSI:VNIR_PLANT:BAND_A625_STDDEV,[MANUAL],root region (PSI-defined),[MANUAL],spectral intensity,PATO:0000049,none,Exported by PSI hyperspectral analysis table (Hc_Plant).,VNIR*/Analysis/Hc_Plant.(xlsx|csv),check NaN; verify wavelengths present in header; compare to Hc_avgSpectrum as sanity,"Expanded from template psi.vnir.band.A{band_nm}.{stat} with axes {""band_nm"": ""625"", ""stat"": ""stddev""}.",psi_export,no,yes,no,,,avg=mean intensity at wavelength band; stddev=standard deviation; median=median; min=minimum; max=maximum,psi_root_region_roi,[MANUAL],PSI VNIR band intensity,[MANUAL],root region (PSI-defined),[MANUAL],spectral intensity,PATO:0000049,PSI VNIR vendor export from Hc_Plant table; wavelength-specific summary statistics,[MANUAL],a.u.,[MANUAL],vendor_derived,active,1.0.0,,,ontology_review|method_mapping|roi_cv|unit_policy,internal_only,psi.vnir.band.A625.standard deviation,"{""band_nm"": ""625"", ""stat"": ""stddev""}",43
psi.vnir.band.A680.avg,psi.vnir.band,concept_family,canonical_concrete,concrete_only,VNIR band statistic at wavelength (patterned),psi_vendor_analysis,hyperspectral,"A680-average (e.g., A570-avg)",a.u.,float,plant_round,PSI:VNIR_PLANT:BAND_A680_AVG,[MANUAL],root region (PSI-defined),[MANUAL],spectral intensity,PATO:0000049,none,Exported by PSI hyperspectral analysis table (Hc_Plant).,VNIR*/Analysis/Hc_Plant.(xlsx|csv),check NaN; verify wavelengths present in header; compare to Hc_avgSpectrum as sanity,"Expanded from template psi.vnir.band.A{band_nm}.{stat} with axes {""band_nm"": ""680"", ""stat"": ""avg""}.",psi_export,no,yes,no,,,avg=mean intensity at wavelength band; stddev=standard deviation; median=median; min=minimum; max=maximum,psi_root_region_roi,[MANUAL],PSI VNIR band intensity,[MANUAL],root region (PSI-defined),[MANUAL],spectral intensity,PATO:0000049,PSI VNIR vendor export from Hc_Plant table; wavelength-specific summary statistics,[MANUAL],a.u.,[MANUAL],vendor_derived,active,1.0.0,,,ontology_review|method_mapping|roi_cv|unit_policy,internal_only,psi.vnir.band.A680.average,"{""band_nm"": ""680"", ""stat"": ""avg""}",43
psi.vnir.band.A680.max,psi.vnir.band,concept_family,canonical_concrete,concrete_only,VNIR band statistic at wavelength (patterned),psi_vendor_analysis,hyperspectral,"A680-maximum (e.g., A570-avg)",a.u.,float,plant_round,PSI:VNIR_PLANT:BAND_A680_MAX,[MANUAL],root region (PSI-defined),[MANUAL],spectral intensity,PATO:0000049,none,Exported by PSI hyperspectral analysis table (Hc_Plant).,VNIR*/Analysis/Hc_Plant.(xlsx|csv),check NaN; verify wavelengths present in header; compare to Hc_avgSpectrum as sanity,"Expanded from template psi.vnir.band.A{band_nm}.{stat} with axes {""band_nm"": ""680"", ""stat"": ""max""}.",psi_export,no,yes,no,,,avg=mean intensity at wavelength band; stddev=standard deviation; median=median; min=minimum; max=maximum,psi_root_region_roi,[MANUAL],PSI VNIR band intensity,[MANUAL],root region (PSI-defined),[MANUAL],spectral intensity,PATO:0000049,PSI VNIR vendor export from Hc_Plant table; wavelength-specific summary statistics,[MANUAL],a.u.,[MANUAL],vendor_derived,active,1.0.0,,,ontology_review|method_mapping|roi_cv|unit_policy,internal_only,psi.vnir.band.A680.maximum,"{""band_nm"": ""680"", ""stat"": ""max""}",43
psi.vnir.band.A680.median,psi.vnir.band,concept_family,canonical_concrete,concrete_only,VNIR band statistic at wavelength (patterned),psi_vendor_analysis,hyperspectral,"A680-median (e.g., A570-avg)",a.u.,float,plant_round,PSI:VNIR_PLANT:BAND_A680_MEDIAN,[MANUAL],root region (PSI-defined),[MANUAL],spectral intensity,PATO:0000049,none,Exported by PSI hyperspectral analysis table (Hc_Plant).,VNIR*/Analysis/Hc_Plant.(xlsx|csv),check NaN; verify wavelengths present in header; compare to Hc_avgSpectrum as sanity,"Expanded from template psi.vnir.band.A{band_nm}.{stat} with axes {""band_nm"": ""680"", ""stat"": ""median""}.",psi_export,no,yes,no,,,avg=mean intensity at wavelength band; stddev=standard deviation; median=median; min=minimum; max=maximum,psi_root_region_roi,[MANUAL],PSI VNIR band intensity,[MANUAL],root region (PSI-defined),[MANUAL],spectral intensity,PATO:0000049,PSI VNIR vendor export from Hc_Plant table; wavelength-specific summary statistics,[MANUAL],a.u.,[MANUAL],vendor_derived,active,1.0.0,,,ontology_review|method_mapping|roi_cv|unit_policy,internal_only,psi.vnir.band.A680.median,"{""band_nm"": ""680"", ""stat"": ""median""}",43
psi.vnir.band.A680.min,psi.vnir.band,concept_family,canonical_concrete,concrete_only,VNIR band statistic at wavelength (patterned),psi_vendor_analysis,hyperspectral,"A680-minimum (e.g., A570-avg)",a.u.,float,plant_round,PSI:VNIR_PLANT:BAND_A680_MIN,[MANUAL],root region (PSI-defined),[MANUAL],spectral intensity,PATO:0000049,none,Exported by PSI hyperspectral analysis table (Hc_Plant).,VNIR*/Analysis/Hc_Plant.(xlsx|csv),check NaN; verify wavelengths present in header; compare to Hc_avgSpectrum as sanity,"Expanded from template psi.vnir.band.A{band_nm}.{stat} with axes {""band_nm"": ""680"", ""stat"": ""min""}.",psi_export,no,yes,no,,,avg=mean intensity at wavelength band; stddev=standard deviation; median=median; min=minimum; max=maximum,psi_root_region_roi,[MANUAL],PSI VNIR band intensity,[MANUAL],root region (PSI-defined),[MANUAL],spectral intensity,PATO:0000049,PSI VNIR vendor export from Hc_Plant table; wavelength-specific summary statistics,[MANUAL],a.u.,[MANUAL],vendor_derived,active,1.0.0,,,ontology_review|method_mapping|roi_cv|unit_policy,internal_only,psi.vnir.band.A680.minimum,"{""band_nm"": ""680"", ""stat"": ""min""}",43
psi.vnir.band.A680.stddev,psi.vnir.band,concept_family,canonical_concrete,concrete_only,VNIR band statistic at wavelength (patterned),psi_vendor_analysis,hyperspectral,"A680-standard deviation (e.g., A570-avg)",a.u.,float,plant_round,PSI:VNIR_PLANT:BAND_A680_STDDEV,[MANUAL],root region (PSI-defined),[MANUAL],spectral intensity,PATO:0000049,none,Exported by PSI hyperspectral analysis table (Hc_Plant).,VNIR*/Analysis/Hc_Plant.(xlsx|csv),check NaN; verify wavelengths present in header; compare to Hc_avgSpectrum as sanity,"Expanded from template psi.vnir.band.A{band_nm}.{stat} with axes {""band_nm"": ""680"", ""stat"": ""stddev""}.",psi_export,no,yes,no,,,avg=mean intensity at wavelength band; stddev=standard deviation; median=median; min=minimum; max=maximum,psi_root_region_roi,[MANUAL],PSI VNIR band intensity,[MANUAL],root region (PSI-defined),[MANUAL],spectral intensity,PATO:0000049,PSI VNIR vendor export from Hc_Plant table; wavelength-specific summary statistics,[MANUAL],a.u.,[MANUAL],vendor_derived,active,1.0.0,,,ontology_review|method_mapping|roi_cv|unit_policy,internal_only,psi.vnir.band.A680.standard deviation,"{""band_nm"": ""680"", ""stat"": ""stddev""}",43
psi.vnir.band.A720.avg,psi.vnir.band,concept_family,canonical_concrete,concrete_only,VNIR band statistic at wavelength (patterned),psi_vendor_analysis,hyperspectral,"A720-average (e.g., A570-avg)",a.u.,float,plant_round,PSI:VNIR_PLANT:BAND_A720_AVG,[MANUAL],root region (PSI-defined),[MANUAL],spectral intensity,PATO:0000049,none,Exported by PSI hyperspectral analysis table (Hc_Plant).,VNIR*/Analysis/Hc_Plant.(xlsx|csv),check NaN; verify wavelengths present in header; compare to Hc_avgSpectrum as sanity,"Expanded from template psi.vnir.band.A{band_nm}.{stat} with axes {""band_nm"": ""720"", ""stat"": ""avg""}.",psi_export,no,yes,no,,,avg=mean intensity at wavelength band; stddev=standard deviation; median=median; min=minimum; max=maximum,psi_root_region_roi,[MANUAL],PSI VNIR band intensity,[MANUAL],root region (PSI-defined),[MANUAL],spectral intensity,PATO:0000049,PSI VNIR vendor export from Hc_Plant table; wavelength-specific summary statistics,[MANUAL],a.u.,[MANUAL],vendor_derived,active,1.0.0,,,ontology_review|method_mapping|roi_cv|unit_policy,internal_only,psi.vnir.band.A720.average,"{""band_nm"": ""720"", ""stat"": ""avg""}",43
psi.vnir.band.A720.max,psi.vnir.band,concept_family,canonical_concrete,concrete_only,VNIR band statistic at wavelength (patterned),psi_vendor_analysis,hyperspectral,"A720-maximum (e.g., A570-avg)",a.u.,float,plant_round,PSI:VNIR_PLANT:BAND_A720_MAX,[MANUAL],root region (PSI-defined),[MANUAL],spectral intensity,PATO:0000049,none,Exported by PSI hyperspectral analysis table (Hc_Plant).,VNIR*/Analysis/Hc_Plant.(xlsx|csv),check NaN; verify wavelengths present in header; compare to Hc_avgSpectrum as sanity,"Expanded from template psi.vnir.band.A{band_nm}.{stat} with axes {""band_nm"": ""720"", ""stat"": ""max""}.",psi_export,no,yes,no,,,avg=mean intensity at wavelength band; stddev=standard deviation; median=median; min=minimum; max=maximum,psi_root_region_roi,[MANUAL],PSI VNIR band intensity,[MANUAL],root region (PSI-defined),[MANUAL],spectral intensity,PATO:0000049,PSI VNIR vendor export from Hc_Plant table; wavelength-specific summary statistics,[MANUAL],a.u.,[MANUAL],vendor_derived,active,1.0.0,,,ontology_review|method_mapping|roi_cv|unit_policy,internal_only,psi.vnir.band.A720.maximum,"{""band_nm"": ""720"", ""stat"": ""max""}",43
psi.vnir.band.A720.median,psi.vnir.band,concept_family,canonical_concrete,concrete_only,VNIR band statistic at wavelength (patterned),psi_vendor_analysis,hyperspectral,"A720-median (e.g., A570-avg)",a.u.,float,plant_round,PSI:VNIR_PLANT:BAND_A720_MEDIAN,[MANUAL],root region (PSI-defined),[MANUAL],spectral intensity,PATO:0000049,none,Exported by PSI hyperspectral analysis table (Hc_Plant).,VNIR*/Analysis/Hc_Plant.(xlsx|csv),check NaN; verify wavelengths present in header; compare to Hc_avgSpectrum as sanity,"Expanded from template psi.vnir.band.A{band_nm}.{stat} with axes {""band_nm"": ""720"", ""stat"": ""median""}.",psi_export,no,yes,no,,,avg=mean intensity at wavelength band; stddev=standard deviation; median=median; min=minimum; max=maximum,psi_root_region_roi,[MANUAL],PSI VNIR band intensity,[MANUAL],root region (PSI-defined),[MANUAL],spectral intensity,PATO:0000049,PSI VNIR vendor export from Hc_Plant table; wavelength-specific summary statistics,[MANUAL],a.u.,[MANUAL],vendor_derived,active,1.0.0,,,ontology_review|method_mapping|roi_cv|unit_policy,internal_only,psi.vnir.band.A720.median,"{""band_nm"": ""720"", ""stat"": ""median""}",43
psi.vnir.band.A720.min,psi.vnir.band,concept_family,canonical_concrete,concrete_only,VNIR band statistic at wavelength (patterned),psi_vendor_analysis,hyperspectral,"A720-minimum (e.g., A570-avg)",a.u.,float,plant_round,PSI:VNIR_PLANT:BAND_A720_MIN,[MANUAL],root region (PSI-defined),[MANUAL],spectral intensity,PATO:0000049,none,Exported by PSI hyperspectral analysis table (Hc_Plant).,VNIR*/Analysis/Hc_Plant.(xlsx|csv),check NaN; verify wavelengths present in header; compare to Hc_avgSpectrum as sanity,"Expanded from template psi.vnir.band.A{band_nm}.{stat} with axes {""band_nm"": ""720"", ""stat"": ""min""}.",psi_export,no,yes,no,,,avg=mean intensity at wavelength band; stddev=standard deviation; median=median; min=minimum; max=maximum,psi_root_region_roi,[MANUAL],PSI VNIR band intensity,[MANUAL],root region (PSI-defined),[MANUAL],spectral intensity,PATO:0000049,PSI VNIR vendor export from Hc_Plant table; wavelength-specific summary statistics,[MANUAL],a.u.,[MANUAL],vendor_derived,active,1.0.0,,,ontology_review|method_mapping|roi_cv|unit_policy,internal_only,psi.vnir.band.A720.minimum,"{""band_nm"": ""720"", ""stat"": ""min""}",43
psi.vnir.band.A720.stddev,psi.vnir.band,concept_family,canonical_concrete,concrete_only,VNIR band statistic at wavelength (patterned),psi_vendor_analysis,hyperspectral,"A720-standard deviation (e.g., A570-avg)",a.u.,float,plant_round,PSI:VNIR_PLANT:BAND_A720_STDDEV,[MANUAL],root region (PSI-defined),[MANUAL],spectral intensity,PATO:0000049,none,Exported by PSI hyperspectral analysis table (Hc_Plant).,VNIR*/Analysis/Hc_Plant.(xlsx|csv),check NaN; verify wavelengths present in header; compare to Hc_avgSpectrum as sanity,"Expanded from template psi.vnir.band.A{band_nm}.{stat} with axes {""band_nm"": ""720"", ""stat"": ""stddev""}.",psi_export,no,yes,no,,,avg=mean intensity at wavelength band; stddev=standard deviation; median=median; min=minimum; max=maximum,psi_root_region_roi,[MANUAL],PSI VNIR band intensity,[MANUAL],root region (PSI-defined),[MANUAL],spectral intensity,PATO:0000049,PSI VNIR vendor export from Hc_Plant table; wavelength-specific summary statistics,[MANUAL],a.u.,[MANUAL],vendor_derived,active,1.0.0,,,ontology_review|method_mapping|roi_cv|unit_policy,internal_only,psi.vnir.band.A720.standard deviation,"{""band_nm"": ""720"", ""stat"": ""stddev""}",43
psi.vnir.band.A750.avg,psi.vnir.band,concept_family,canonical_concrete,concrete_only,VNIR band statistic at wavelength (patterned),psi_vendor_analysis,hyperspectral,"A750-average (e.g., A570-avg)",a.u.,float,plant_round,PSI:VNIR_PLANT:BAND_A750_AVG,[MANUAL],root region (PSI-defined),[MANUAL],spectral intensity,PATO:0000049,none,Exported by PSI hyperspectral analysis table (Hc_Plant).,VNIR*/Analysis/Hc_Plant.(xlsx|csv),check NaN; verify wavelengths present in header; compare to Hc_avgSpectrum as sanity,"Expanded from template psi.vnir.band.A{band_nm}.{stat} with axes {""band_nm"": ""750"", ""stat"": ""avg""}.",psi_export,no,yes,no,,,avg=mean intensity at wavelength band; stddev=standard deviation; median=median; min=minimum; max=maximum,psi_root_region_roi,[MANUAL],PSI VNIR band intensity,[MANUAL],root region (PSI-defined),[MANUAL],spectral intensity,PATO:0000049,PSI VNIR vendor export from Hc_Plant table; wavelength-specific summary statistics,[MANUAL],a.u.,[MANUAL],vendor_derived,active,1.0.0,,,ontology_review|method_mapping|roi_cv|unit_policy,internal_only,psi.vnir.band.A750.average,"{""band_nm"": ""750"", ""stat"": ""avg""}",43
psi.vnir.band.A750.max,psi.vnir.band,concept_family,canonical_concrete,concrete_only,VNIR band statistic at wavelength (patterned),psi_vendor_analysis,hyperspectral,"A750-maximum (e.g., A570-avg)",a.u.,float,plant_round,PSI:VNIR_PLANT:BAND_A750_MAX,[MANUAL],root region (PSI-defined),[MANUAL],spectral intensity,PATO:0000049,none,Exported by PSI hyperspectral analysis table (Hc_Plant).,VNIR*/Analysis/Hc_Plant.(xlsx|csv),check NaN; verify wavelengths present in header; compare to Hc_avgSpectrum as sanity,"Expanded from template psi.vnir.band.A{band_nm}.{stat} with axes {""band_nm"": ""750"", ""stat"": ""max""}.",psi_export,no,yes,no,,,avg=mean intensity at wavelength band; stddev=standard deviation; median=median; min=minimum; max=maximum,psi_root_region_roi,[MANUAL],PSI VNIR band intensity,[MANUAL],root region (PSI-defined),[MANUAL],spectral intensity,PATO:0000049,PSI VNIR vendor export from Hc_Plant table; wavelength-specific summary statistics,[MANUAL],a.u.,[MANUAL],vendor_derived,active,1.0.0,,,ontology_review|method_mapping|roi_cv|unit_policy,internal_only,psi.vnir.band.A750.maximum,"{""band_nm"": ""750"", ""stat"": ""max""}",43
psi.vnir.band.A750.median,psi.vnir.band,concept_family,canonical_concrete,concrete_only,VNIR band statistic at wavelength (patterned),psi_vendor_analysis,hyperspectral,"A750-median (e.g., A570-avg)",a.u.,float,plant_round,PSI:VNIR_PLANT:BAND_A750_MEDIAN,[MANUAL],root region (PSI-defined),[MANUAL],spectral intensity,PATO:0000049,none,Exported by PSI hyperspectral analysis table (Hc_Plant).,VNIR*/Analysis/Hc_Plant.(xlsx|csv),check NaN; verify wavelengths present in header; compare to Hc_avgSpectrum as sanity,"Expanded from template psi.vnir.band.A{band_nm}.{stat} with axes {""band_nm"": ""750"", ""stat"": ""median""}.",psi_export,no,yes,no,,,avg=mean intensity at wavelength band; stddev=standard deviation; median=median; min=minimum; max=maximum,psi_root_region_roi,[MANUAL],PSI VNIR band intensity,[MANUAL],root region (PSI-defined),[MANUAL],spectral intensity,PATO:0000049,PSI VNIR vendor export from Hc_Plant table; wavelength-specific summary statistics,[MANUAL],a.u.,[MANUAL],vendor_derived,active,1.0.0,,,ontology_review|method_mapping|roi_cv|unit_policy,internal_only,psi.vnir.band.A750.median,"{""band_nm"": ""750"", ""stat"": ""median""}",43
psi.vnir.band.A750.min,psi.vnir.band,concept_family,canonical_concrete,concrete_only,VNIR band statistic at wavelength (patterned),psi_vendor_analysis,hyperspectral,"A750-minimum (e.g., A570-avg)",a.u.,float,plant_round,PSI:VNIR_PLANT:BAND_A750_MIN,[MANUAL],root region (PSI-defined),[MANUAL],spectral intensity,PATO:0000049,none,Exported by PSI hyperspectral analysis table (Hc_Plant).,VNIR*/Analysis/Hc_Plant.(xlsx|csv),check NaN; verify wavelengths present in header; compare to Hc_avgSpectrum as sanity,"Expanded from template psi.vnir.band.A{band_nm}.{stat} with axes {""band_nm"": ""750"", ""stat"": ""min""}.",psi_export,no,yes,no,,,avg=mean intensity at wavelength band; stddev=standard deviation; median=median; min=minimum; max=maximum,psi_root_region_roi,[MANUAL],PSI VNIR band intensity,[MANUAL],root region (PSI-defined),[MANUAL],spectral intensity,PATO:0000049,PSI VNIR vendor export from Hc_Plant table; wavelength-specific summary statistics,[MANUAL],a.u.,[MANUAL],vendor_derived,active,1.0.0,,,ontology_review|method_mapping|roi_cv|unit_policy,internal_only,psi.vnir.band.A750.minimum,"{""band_nm"": ""750"", ""stat"": ""min""}",43
psi.vnir.band.A750.stddev,psi.vnir.band,concept_family,canonical_concrete,concrete_only,VNIR band statistic at wavelength (patterned),psi_vendor_analysis,hyperspectral,"A750-standard deviation (e.g., A570-avg)",a.u.,float,plant_round,PSI:VNIR_PLANT:BAND_A750_STDDEV,[MANUAL],root region (PSI-defined),[MANUAL],spectral intensity,PATO:0000049,none,Exported by PSI hyperspectral analysis table (Hc_Plant).,VNIR*/Analysis/Hc_Plant.(xlsx|csv),check NaN; verify wavelengths present in header; compare to Hc_avgSpectrum as sanity,"Expanded from template psi.vnir.band.A{band_nm}.{stat} with axes {""band_nm"": ""750"", ""stat"": ""stddev""}.",psi_export,no,yes,no,,,avg=mean intensity at wavelength band; stddev=standard deviation; median=median; min=minimum; max=maximum,psi_root_region_roi,[MANUAL],PSI VNIR band intensity,[MANUAL],root region (PSI-defined),[MANUAL],spectral intensity,PATO:0000049,PSI VNIR vendor export from Hc_Plant table; wavelength-specific summary statistics,[MANUAL],a.u.,[MANUAL],vendor_derived,active,1.0.0,,,ontology_review|method_mapping|roi_cv|unit_policy,internal_only,psi.vnir.band.A750.standard deviation,"{""band_nm"": ""750"", ""stat"": ""stddev""}",43
psi.vnir.size.avg,psi.vnir.size,concept_family,canonical_concrete,concrete_only,VNIR ROI size statistic (patterned),psi_vendor_analysis,hyperspectral,"Size-average (e.g., Size-avg)",px,float,plant_round,PSI:VNIR_PLANT:SIZE_AVG,[MANUAL],plant region (PSI-defined),[MANUAL],area (pixel count),PATO:0001323,none,Exported by PSI hyperspectral analysis table (Hc_Plant).,VNIR*/Analysis/Hc_Plant.(xlsx|csv),>=0; check sudden jumps across rounds,"Expanded from template psi.vnir.size.{stat} with axes {""stat"": ""avg""}.",psi_export,no,yes,no,,,avg=mean ROI size; stddev=standard deviation ROI size; median=median ROI size; min=minimum ROI size; max=maximum ROI size,psi_plant_region_roi,[MANUAL],PSI VNIR ROI size,[MANUAL],plant region (PSI-defined),[MANUAL],area (pixel count),PATO:0001323,PSI VNIR vendor export from Hc_Plant table; ROI size summary statistics,[MANUAL],px,[MANUAL],vendor_derived,active,1.0.0,,,ontology_review|method_mapping|roi_cv|unit_policy,internal_only,psi.vnir.size.average,"{""stat"": ""avg""}",44
psi.vnir.size.max,psi.vnir.size,concept_family,canonical_concrete,concrete_only,VNIR ROI size statistic (patterned),psi_vendor_analysis,hyperspectral,"Size-maximum (e.g., Size-avg)",px,float,plant_round,PSI:VNIR_PLANT:SIZE_MAX,[MANUAL],plant region (PSI-defined),[MANUAL],area (pixel count),PATO:0001323,none,Exported by PSI hyperspectral analysis table (Hc_Plant).,VNIR*/Analysis/Hc_Plant.(xlsx|csv),>=0; check sudden jumps across rounds,"Expanded from template psi.vnir.size.{stat} with axes {""stat"": ""max""}.",psi_export,no,yes,no,,,avg=mean ROI size; stddev=standard deviation ROI size; median=median ROI size; min=minimum ROI size; max=maximum ROI size,psi_plant_region_roi,[MANUAL],PSI VNIR ROI size,[MANUAL],plant region (PSI-defined),[MANUAL],area (pixel count),PATO:0001323,PSI VNIR vendor export from Hc_Plant table; ROI size summary statistics,[MANUAL],px,[MANUAL],vendor_derived,active,1.0.0,,,ontology_review|method_mapping|roi_cv|unit_policy,internal_only,psi.vnir.size.maximum,"{""stat"": ""max""}",44
psi.vnir.size.median,psi.vnir.size,concept_family,canonical_concrete,concrete_only,VNIR ROI size statistic (patterned),psi_vendor_analysis,hyperspectral,"Size-median (e.g., Size-avg)",px,float,plant_round,PSI:VNIR_PLANT:SIZE_MEDIAN,[MANUAL],plant region (PSI-defined),[MANUAL],area (pixel count),PATO:0001323,none,Exported by PSI hyperspectral analysis table (Hc_Plant).,VNIR*/Analysis/Hc_Plant.(xlsx|csv),>=0; check sudden jumps across rounds,"Expanded from template psi.vnir.size.{stat} with axes {""stat"": ""median""}.",psi_export,no,yes,no,,,avg=mean ROI size; stddev=standard deviation ROI size; median=median ROI size; min=minimum ROI size; max=maximum ROI size,psi_plant_region_roi,[MANUAL],PSI VNIR ROI size,[MANUAL],plant region (PSI-defined),[MANUAL],area (pixel count),PATO:0001323,PSI VNIR vendor export from Hc_Plant table; ROI size summary statistics,[MANUAL],px,[MANUAL],vendor_derived,active,1.0.0,,,ontology_review|method_mapping|roi_cv|unit_policy,internal_only,psi.vnir.size.median,"{""stat"": ""median""}",44
psi.vnir.size.min,psi.vnir.size,concept_family,canonical_concrete,concrete_only,VNIR ROI size statistic (patterned),psi_vendor_analysis,hyperspectral,"Size-minimum (e.g., Size-avg)",px,float,plant_round,PSI:VNIR_PLANT:SIZE_MIN,[MANUAL],plant region (PSI-defined),[MANUAL],area (pixel count),PATO:0001323,none,Exported by PSI hyperspectral analysis table (Hc_Plant).,VNIR*/Analysis/Hc_Plant.(xlsx|csv),>=0; check sudden jumps across rounds,"Expanded from template psi.vnir.size.{stat} with axes {""stat"": ""min""}.",psi_export,no,yes,no,,,avg=mean ROI size; stddev=standard deviation ROI size; median=median ROI size; min=minimum ROI size; max=maximum ROI size,psi_plant_region_roi,[MANUAL],PSI VNIR ROI size,[MANUAL],plant region (PSI-defined),[MANUAL],area (pixel count),PATO:0001323,PSI VNIR vendor export from Hc_Plant table; ROI size summary statistics,[MANUAL],px,[MANUAL],vendor_derived,active,1.0.0,,,ontology_review|method_mapping|roi_cv|unit_policy,internal_only,psi.vnir.size.minimum,"{""stat"": ""min""}",44
psi.vnir.size.stddev,psi.vnir.size,concept_family,canonical_concrete,concrete_only,VNIR ROI size statistic (patterned),psi_vendor_analysis,hyperspectral,"Size-standard deviation (e.g., Size-avg)",px,float,plant_round,PSI:VNIR_PLANT:SIZE_STDDEV,[MANUAL],plant region (PSI-defined),[MANUAL],area (pixel count),PATO:0001323,none,Exported by PSI hyperspectral analysis table (Hc_Plant).,VNIR*/Analysis/Hc_Plant.(xlsx|csv),>=0; check sudden jumps across rounds,"Expanded from template psi.vnir.size.{stat} with axes {""stat"": ""stddev""}.",psi_export,no,yes,no,,,avg=mean ROI size; stddev=standard deviation ROI size; median=median ROI size; min=minimum ROI size; max=maximum ROI size,psi_plant_region_roi,[MANUAL],PSI VNIR ROI size,[MANUAL],plant region (PSI-defined),[MANUAL],area (pixel count),PATO:0001323,PSI VNIR vendor export from Hc_Plant table; ROI size summary statistics,[MANUAL],px,[MANUAL],vendor_derived,active,1.0.0,,,ontology_review|method_mapping|roi_cv|unit_policy,internal_only,psi.vnir.size.standard deviation,"{""stat"": ""stddev""}",44
root.branch_node.count,root.branch_node.count,self,canonical_concrete,concrete_only,Root branch node count,root_architecture,rootcam_segmentation,Node number,count,int,plant_day,HADES:ROOTCAM:BRANCH_NODE_COUNT,[MANUAL],root system,PO:0009005,count,PATO:0000070,none,Count branching nodes in the root skeleton graph.,RootCam derived traits table (pipeline output),>=0; integer,Algorithm-defined nodes; not directly mapped to a specific TO term.,external_pipeline,yes,no,no,,,,,,root branch node count,[MANUAL],root system,PO:0009005,count,PATO:0000070,Backlit RootCam imaging with segmentation and trait extraction,[MANUAL],count,UO:0000189,primary_trait,active,1.0.0,,,ontology_review|method_mapping,required_for_public_export,,{},22
root.lateral.count,root.lateral.count,self,canonical_concrete,concrete_only,Lateral root count,root_architecture,rootcam_segmentation,Lateral root number,count,int,plant_day,HADES:ROOTCAM:LATERAL_ROOT_COUNT,TO:0001013,lateral root(s),PO:0020121,count,PATO:0000070,exact,Count laterals/branching from segmentation graph.,RootCam derived traits table (pipeline output),>=0; integer,,external_pipeline,yes,no,no,,,,,,lateral root count,TO:0001013,lateral root(s),PO:0020121,count,PATO:0000070,Backlit RootCam imaging with segmentation and trait extraction,[MANUAL],count,UO:0000189,primary_trait,active,1.0.0,,,method_mapping,required_for_public_export,,{},23
root.lateral.total_length.px,root.lateral.total_length,concept_family,canonical_concrete,concrete_only,Total lateral root length (px),root_architecture,rootcam_segmentation,Total lateral root length,px,float,plant_day,HADES:ROOTCAM:TOTAL_LATERAL_ROOT_LENGTH_PX,TO:0001012,lateral root(s),PO:0020121,length,PATO:0000122,approx,"From RootCam segmentation: skeletonize laterals, sum branch lengths in pixels.",RootCam derived traits table (pipeline output),>=0; monotonicity not guaranteed; check NaN/inf,Mapped to lateral root length (TO:0001012) as a closer match than generic root length; variable remains total lateral root length summed over all laterals in pixel units.,external_pipeline,yes,no,no,,,,,,lateral root total length,TO:0001012,lateral root(s),PO:0020121,length,PATO:0000122,Backlit RootCam imaging with segmentation and trait extraction,[MANUAL],px,[MANUAL],primary_trait,active,1.0.0,,,method_mapping|unit_policy,required_for_public_export,,{},24
root.primary.length.px,root.primary.length,concept_family,canonical_concrete,concrete_only,Primary (main) root length (px),root_architecture,rootcam_segmentation,Primary/main root length,px,float,plant_day,HADES:ROOTCAM:PRIMARY_ROOT_LENGTH_PX,TO:0000227,primary root,PO:0020127,length,PATO:0000122,approx,From RootCam segmentation (+ occlusion inpainting when needed).,RootCam derived traits table (pipeline output),>=0; check NaN/inf,Trait ontology term is general root length; entity specifies primary root (PO:0020127).,external_pipeline,yes,no,no,,,,,,primary root length,TO:0000227,primary root,PO:0020127,length,PATO:0000122,Backlit RootCam imaging with segmentation and trait extraction,[MANUAL],px,[MANUAL],primary_trait,active,1.0.0,,,method_mapping|unit_policy,required_for_public_export,,{},25
root.tip.count,root.tip.count,self,canonical_concrete,concrete_only,Root tip count,root_architecture,rootcam_segmentation,Tip number,count,int,plant_day,HADES:ROOTCAM:ROOT_TIP_COUNT,[MANUAL],root tip(s),PO:0000025,count,PATO:0000070,none,Count skeleton endpoints (tips) in segmented root graph.,RootCam derived traits table (pipeline output),>=0; integer,No obvious TO term for 'tip number' found; using PO root tip + PATO amount.,external_pipeline,yes,no,no,,,,,,root tip count,[MANUAL],root tip(s),PO:0000025,count,PATO:0000070,Backlit RootCam imaging with segmentation and trait extraction,[MANUAL],count,UO:0000189,primary_trait,active,1.0.0,,,ontology_review|method_mapping,required_for_public_export,,{},26
screen.outlier_flag,screen.outlier_flag,self,canonical_concrete,concrete_only,Outlier flag (per trait; >95th percentile),screening,summary,Outlier flag (per trait; >95th percentile),unitless,bool,plant_day_trait,HADES:SCREEN:OUTLIER_FLAG_GT95PCT,[MANUAL],plant,PO:0000003,outlier status,[MANUAL],none,Derived flag: per-day/per-trait outlier defined as exceeding 95th percentile of distribution in screen.,Screening summary table,must be boolean; ensure threshold definition recorded,Not a biological trait; analysis-derived indicator used for high-throughput screening.,external_pipeline,yes,no,no,,,,,,outlier flag,[MANUAL],plant,PO:0000003,outlier status,[MANUAL],Screening summary computation; binary indicator for >95th percentile within day-by-trait distribution,[MANUAL],unitless,UO:0000186,analysis_derived,active,1.0.0,,,ontology_review|method_mapping,optional_for_public_export,,{},28
seed.ellipse_fit_sse,seed.shape,concept_family,canonical_concrete,concrete_only,Seed ellipse-fit SSE (unitless),seed_morphometrics,boxeed,Seed shape – SSE,unitless,float,seed,PSI:BOXEED:SEED_ELLIPSE_FIT_SSE,TO:0000484,seed,PO:0009010,shape / fit error,[MANUAL],approx,Sum of squared error of ellipse fit to segmented outline (Boxeed).,Seeding.csv (Boxeed traits),>=0; check heavy tails,Vendor public output labels this parameter as seed shape – SSE (sum of square errors). Exact ellipse-fit algorithm and normalization remain undisclosed. [MANUAL],psi_export,yes,yes,no,,,,,,seed ellipse-fit error,TO:0000484,seed,PO:0009010,shape / fit error,[MANUAL],Boxeed imaging-based seed phenotyping,[MANUAL],unitless,UO:0000186,analysis_derived,active,1.0.0,,,ontology_review|method_mapping,optional_for_public_export,,{},29
seed.fluorescence_intensity.percent,seed.fluorescence_intensity,concept_family,canonical_concrete,concrete_only,Seed fluorescence intensity (%),seed_morphometrics,boxeed,Seed Fluorescence intensity (%),%,float,seed,PSI:BOXEED:SEED_FLUORESCENCE_INTENSITY_PCT,[MANUAL],seed,PO:0009010,intensity,PATO:0000049,approx,Boxeed fluorescence module (optional accessory); vendor-reported fluorescence intensity as percent.,Seeding.csv (Boxeed traits),0<=value<=100; verify fluorescence module enabled; check missingness,"Boxeed public documentation lists seed fluorescence intensity (%) only for the optional fluorescence module, not the standard base system. Exact excitation/emission settings and quantification algorithm are not publicly disclosed. [MANUAL]",psi_export,yes,yes,no,,,,,,seed fluorescence intensity,[MANUAL],seed,PO:0009010,intensity,PATO:0000049,Boxeed imaging-based seed phenotyping,[MANUAL],%,UO:0000187,observed_variable,active,1.0.0,,,ontology_review|method_mapping,required_for_public_export,,{},30
seed.length.mm,seed.length,concept_family,canonical_concrete,concrete_only,Seed length (mm),seed_morphometrics,boxeed,Seed length,mm,float,seed,PSI:BOXEED:SEED_LENGTH_MM,TO:0000146,seed,PO:0009010,length,PATO:0000122,exact,Boxeed imaging + vendor analysis; calibrated to mm.,Seeding.csv (Boxeed traits),>=0; plausible range by species; no NaN expected,,psi_export,yes,yes,no,,,,,,seed length,TO:0000146,seed,PO:0009010,length,PATO:0000122,Boxeed imaging-based seed phenotyping,[MANUAL],mm,UO:0000016,primary_trait,active,1.0.0,,,method_mapping,required_for_public_export,,{},31
seed.length_area_ratio,seed.shape,concept_family,canonical_concrete,concrete_only,Seed L/S ratio (length/area),seed_morphometrics,boxeed,Seed shape – L/S ratio,unitless,float,seed,PSI:BOXEED:SEED_LENGTH_AREA_RATIO,TO:0000484,seed,PO:0009010,shape (elongation proxy),[MANUAL],approx,Length/area ratio from segmented outline (Boxeed).,Seeding.csv (Boxeed traits),>0; check outliers,Vendor public output labels this parameter as seed shape – L/S ratio (length/area ratio). Exact formula and any projection averaging remain undisclosed. [MANUAL],psi_export,yes,yes,no,,,,,,seed length-to-area ratio,TO:0000484,seed,PO:0009010,shape (elongation proxy),[MANUAL],Boxeed imaging-based seed phenotyping,[MANUAL],ratio,UO:0000190,analysis_derived,active,1.0.0,,,ontology_review|method_mapping,optional_for_public_export,,{},32
seed.major_axis_angle.deg,seed.major_axis_angle,concept_family,canonical_concrete,concrete_only,Seed axes angle (deg),seed_morphometrics,boxeed,Axes angle,deg,float,seed,PSI:BOXEED:SEED_MAJOR_AXIS_ANGLE_DEG,[MANUAL],seed,PO:0009010,orientation angle,PATO:0000133,approx,Orientation of segmented outline major axis (Boxeed).,Seeding.csv (Boxeed traits),"in [0,180) or vendor-defined range",Vendor public output labels this parameter as Axes angle. Exact angular convention and reference axis are not disclosed publicly. [MANUAL],psi_export,yes,yes,no,,,,,,seed axes angle,[MANUAL],seed,PO:0009010,orientation angle,PATO:0000133,Boxeed imaging-based seed phenotyping,[MANUAL],deg,UO:0000185,analysis_derived,active,1.0.0,,,ontology_review|method_mapping,optional_for_public_export,,{},33
seed.pixel_count.px,seed.pixel_count,concept_family,canonical_concrete,concrete_only,Seed pixel count (px),seed_morphometrics,boxeed,Pixel count,px,int,seed,PSI:BOXEED:SEED_PIXEL_COUNT,[MANUAL],seed,PO:0009010,count,PATO:0000070,none,Boxeed segmented seed pixel count.,Seeding.csv (Boxeed traits),>=0; integer; check outliers,"Raw unit label px is retained from the implementation, but the MIAPPE scale is normalized to count.",psi_export,yes,yes,no,,,,,,seed pixel count,[MANUAL],seed,PO:0009010,count,PATO:0000070,Boxeed imaging-based seed phenotyping,[MANUAL],count,UO:0000189,analysis_derived,active,1.0.0,,,ontology_review|method_mapping,optional_for_public_export,,{},34
seed.projected_area.px_per_mm2,seed.projected_area,concept_family,canonical_concrete,concrete_only,Seed area (px/mm2),seed_morphometrics,boxeed,Seed area (px/mm2),px/mm2,float,seed,PSI:BOXEED:SEED_PROJECTED_AREA_PX_PER_MM2,TO:0000391,seed,PO:0009010,area,PATO:0001323,approx,Boxeed silhouette-based seed area reported by vendor (unit px/mm2).,Seeding.csv (Boxeed traits),>=0; check outliers,"Variable_id retained from implementation (`seed.projected_area.px_per_mm2`), while the public Boxeed documentation and the user-provided output image label this parameter as seed area / surface area (px/mm2). Exact vendor calculation details remain undisclosed. [MANUAL]",psi_export,yes,yes,no,,,,,,seed area,TO:0000391,seed,PO:0009010,area,PATO:0001323,Boxeed imaging-based seed phenotyping,[MANUAL],px/mm2,[MANUAL],primary_trait,active,1.0.0,,,method_mapping|unit_policy,required_for_public_export,,{},35
seed.roundness,seed.shape,concept_family,canonical_concrete,concrete_only,Seed roundness (unitless),seed_morphometrics,boxeed,Seed roundness,unitless,float,seed,PSI:BOXEED:SEED_ROUNDNESS,TO:0000484,seed,PO:0009010,shape (roundness),PATO:0000052,approx,Boxeed imaging + vendor analysis (roundness / shape descriptor).,Seeding.csv (Boxeed traits),0<=roundness<=1 (if defined as circularity); check vendor definition; check outliers,Paper draft Methods mention extraction of roundness; exact formula may differ by vendor.,psi_export,yes,yes,no,,,,,,seed roundness,TO:0000484,seed,PO:0009010,shape (roundness),PATO:0000052,Boxeed imaging-based seed phenotyping,[MANUAL],unitless,UO:0000186,primary_trait,active,1.0.0,,,method_mapping,required_for_public_export,,{},36
seed.width.mm,seed.width,concept_family,canonical_concrete,concrete_only,Seed width (mm),seed_morphometrics,boxeed,Seed width,mm,float,seed,PSI:BOXEED:SEED_WIDTH_MM,TO:0000149,seed,PO:0009010,width,PATO:0000921,exact,Boxeed imaging + vendor analysis; calibrated to mm.,Seeding.csv (Boxeed traits),>=0; plausible range by species; no NaN expected,,psi_export,yes,yes,no,,,,,,seed width,TO:0000149,seed,PO:0009010,width,PATO:0000921,Boxeed imaging-based seed phenotyping,[MANUAL],mm,UO:0000016,primary_trait,active,1.0.0,,,method_mapping,required_for_public_export,,{},37
shoot.area.px,shoot.area,concept_family,canonical_concrete,concrete_only,Shoot segmented area (px),shoot_growth,image_segmentation,Shoot area (n_pixels_shoot),px,float,plant_day,HADES:SHOOT:AREA_PX,[MANUAL],shoot system,PO:0009006,area,PATO:0001323,none,Area of segmented shoot region in pixels.,Shoot derived traits table (pipeline output),>=0; check outliers,No clear TO term selected for shoot area; entity+quality given via PO+PATO.,external_pipeline,yes,no,no,,,,,,shoot area,[MANUAL],shoot system,PO:0009006,area,PATO:0001323,Backlit RootCam imaging with segmentation and trait extraction,[MANUAL],px,[MANUAL],primary_trait,active,1.0.0,,,ontology_review|method_mapping|unit_policy,required_for_public_export,,{},27
vnir.emission_peak_wavelength.rhizoplane_425_600.nm,vnir.emission_spectrum.rhizoplane_425_600,concept_family,canonical_concrete,concrete_only,Peak emission wavelength in rhizoplane region (425-600 nm),hyperspectral,vnir_emission,Peak emission wavelength (425–600nm) in rhizoplane region,nm,float,plant_timepoint,HADES:VNIR:EMISSION_PEAK_WAVELENGTH_RHIZOPLANE_425_600_NM,[MANUAL],peri-root region (agar-adjacent ROI),[MANUAL],wavelength,[MANUAL],none,Derived from VNIR emission spectrum: wavelength (nm) at which emission intensity is maximal within 425–600 nm in ROI.,VNIR derived spectra (post-processing),425<=value<=600; check stability across replicate images; flag multimodal spectra,Paper Results mention emission maxima ~460 nm and ~480 nm (example coumarin standards); store per-sample peak for summary.,external_pipeline,yes,no,no,,,,peri_root_dilated_mask,[MANUAL],peri-root region fluorescence emission peak wavelength,[MANUAL],peri-root region (agar-adjacent ROI),[MANUAL],wavelength,[MANUAL],VNIR hyperspectral fluorescence imaging (UV 365 nm excitation; 350-900 nm sensor range; 425-600 nm analysis window) with registered ROI masks,[MANUAL],nm,UO:0000018,observed_variable,active,1.0.0,,,ontology_review|method_mapping|roi_cv,required_for_public_export,,{},19
vnir.emission_peak_wavelength.root_425_600.nm,vnir.emission_spectrum.root_425_600,concept_family,canonical_concrete,concrete_only,Peak emission wavelength in root region (425-600 nm),hyperspectral,vnir_emission,Peak emission wavelength (425–600nm) in root region,nm,float,plant_timepoint,HADES:VNIR:EMISSION_PEAK_WAVELENGTH_ROOT_425_600_NM,[MANUAL],root system,PO:0009005,wavelength,[MANUAL],none,Derived from VNIR emission spectrum: wavelength (nm) at which emission intensity is maximal within 425–600 nm in ROI.,VNIR derived spectra (post-processing),425<=value<=600; check stability across replicate images; flag multimodal spectra,Paper Results mention emission maxima ~460 nm and ~480 nm (example coumarin standards); store per-sample peak for summary.,external_pipeline,yes,no,no,,,,root_mask,[MANUAL],root system fluorescence emission peak wavelength,[MANUAL],root system,PO:0009005,wavelength,[MANUAL],VNIR hyperspectral fluorescence imaging (UV 365 nm excitation; 350-900 nm sensor range; 425-600 nm analysis window) with registered ROI masks,[MANUAL],nm,UO:0000018,observed_variable,active,1.0.0,,,ontology_review|method_mapping|roi_cv,required_for_public_export,,{},21
vnir.emission_spectrum.rhizoplane_425_600.mean,vnir.emission_spectrum.rhizoplane_425_600,concept_family,canonical_concrete,concrete_only,"VNIR emission spectrum in peri-root region, 425-600 nm (mean)",hyperspectral,vnir_emission,Emission spectrum mean in peri-root region (425-600 nm),a.u.,array<float>,plant_timepoint,HADES:VNIR:EMISSION_SPECTRUM_RHIZOPLANE_425_600_MEAN,[MANUAL],peri-root region (agar-adjacent ROI),[MANUAL],spectral intensity,PATO:0000049,none,"Pattern row. Expand stat in {mean,sum,std}; wavelength axis defined by band range encoded in variable_id.",VNIR analysis outputs (Hdr/BIL + derived spectra),axis length should match 425-600nm bands; check non-negative,"Expanded from template vnir.emission_spectrum.rhizoplane_425_600.{stat} with axes {""stat"": ""mean""}.",external_pipeline,yes,no,no,,,mean=mean spectrum across ROI pixels; sum=summed spectrum across ROI pixels; std=standard deviation spectrum across ROI pixels,peri_root_dilated_mask,[MANUAL],peri-root region fluorescence emission spectrum,[MANUAL],peri-root region (agar-adjacent ROI),[MANUAL],spectral intensity,PATO:0000049,VNIR hyperspectral fluorescence imaging (UV 365 nm excitation; 350-900 nm sensor range; 425-600 nm analysis window) with registered ROI masks,[MANUAL],a.u.,[MANUAL],matrix_trait,active,1.1.0,,,ontology_review|method_mapping|roi_cv|unit_policy,required_for_public_export,vnir.emission_spectrum.rhizoplane_425_600.mean,"{""stat"": ""mean""}",18
vnir.emission_spectrum.rhizoplane_425_600.std,vnir.emission_spectrum.rhizoplane_425_600,concept_family,canonical_concrete,concrete_only,"VNIR emission spectrum in peri-root region, 425-600 nm (standard deviation)",hyperspectral,vnir_emission,Emission spectrum standard deviation in peri-root region (425-600 nm),a.u.,array<float>,plant_timepoint,HADES:VNIR:EMISSION_SPECTRUM_RHIZOPLANE_425_600_STD,[MANUAL],peri-root region (agar-adjacent ROI),[MANUAL],spectral intensity,PATO:0000049,none,"Pattern row. Expand stat in {mean,sum,std}; wavelength axis defined by band range encoded in variable_id.",VNIR analysis outputs (Hdr/BIL + derived spectra),axis length should match 425-600nm bands; check non-negative,"Expanded from template vnir.emission_spectrum.rhizoplane_425_600.{stat} with axes {""stat"": ""std""}.",external_pipeline,yes,no,no,,,mean=mean spectrum across ROI pixels; sum=summed spectrum across ROI pixels; std=standard deviation spectrum across ROI pixels,peri_root_dilated_mask,[MANUAL],peri-root region fluorescence emission spectrum,[MANUAL],peri-root region (agar-adjacent ROI),[MANUAL],spectral intensity,PATO:0000049,VNIR hyperspectral fluorescence imaging (UV 365 nm excitation; 350-900 nm sensor range; 425-600 nm analysis window) with registered ROI masks,[MANUAL],a.u.,[MANUAL],matrix_trait,active,1.1.0,,,ontology_review|method_mapping|roi_cv|unit_policy,required_for_public_export,vnir.emission_spectrum.rhizoplane_425_600.standard deviation,"{""stat"": ""std""}",18
vnir.emission_spectrum.rhizoplane_425_600.sum,vnir.emission_spectrum.rhizoplane_425_600,concept_family,canonical_concrete,concrete_only,"VNIR emission spectrum in peri-root region, 425-600 nm (sum)",hyperspectral,vnir_emission,Emission spectrum sum in peri-root region (425-600 nm),a.u.,array<float>,plant_timepoint,HADES:VNIR:EMISSION_SPECTRUM_RHIZOPLANE_425_600_SUM,[MANUAL],peri-root region (agar-adjacent ROI),[MANUAL],spectral intensity,PATO:0000049,none,"Pattern row. Expand stat in {mean,sum,std}; wavelength axis defined by band range encoded in variable_id.",VNIR analysis outputs (Hdr/BIL + derived spectra),axis length should match 425-600nm bands; check non-negative,"Expanded from template vnir.emission_spectrum.rhizoplane_425_600.{stat} with axes {""stat"": ""sum""}.",external_pipeline,yes,no,no,,,mean=mean spectrum across ROI pixels; sum=summed spectrum across ROI pixels; std=standard deviation spectrum across ROI pixels,peri_root_dilated_mask,[MANUAL],peri-root region fluorescence emission spectrum,[MANUAL],peri-root region (agar-adjacent ROI),[MANUAL],spectral intensity,PATO:0000049,VNIR hyperspectral fluorescence imaging (UV 365 nm excitation; 350-900 nm sensor range; 425-600 nm analysis window) with registered ROI masks,[MANUAL],a.u.,[MANUAL],matrix_trait,active,1.1.0,,,ontology_review|method_mapping|roi_cv|unit_policy,required_for_public_export,vnir.emission_spectrum.rhizoplane_425_600.sum,"{""stat"": ""sum""}",18
vnir.emission_spectrum.root_425_600.mean,vnir.emission_spectrum.root_425_600,concept_family,canonical_concrete,concrete_only,"VNIR emission spectrum in root region, 425-600 nm (mean)",hyperspectral,vnir_emission,Emission spectrum mean in root region (425-600 nm),a.u.,array<float>,plant_timepoint,HADES:VNIR:EMISSION_SPECTRUM_ROOT_425_600_MEAN,[MANUAL],root system,PO:0009005,spectral intensity,PATO:0000049,none,"Pattern row. Expand stat in {mean,sum,std}; wavelength axis defined by band range encoded in variable_id.",VNIR analysis outputs (Hdr/BIL + derived spectra),axis length should match 425-600nm bands; check non-negative,"Expanded from template vnir.emission_spectrum.root_425_600.{stat} with axes {""stat"": ""mean""}.",external_pipeline,yes,no,no,,,mean=mean spectrum across ROI pixels; sum=summed spectrum across ROI pixels; std=standard deviation spectrum across ROI pixels,root_mask,[MANUAL],root system fluorescence emission spectrum,[MANUAL],root system,PO:0009005,spectral intensity,PATO:0000049,VNIR hyperspectral fluorescence imaging (UV 365 nm excitation; 350-900 nm sensor range; 425-600 nm analysis window) with registered ROI masks,[MANUAL],a.u.,[MANUAL],matrix_trait,active,1.1.0,,,ontology_review|method_mapping|roi_cv|unit_policy,required_for_public_export,vnir.emission_spectrum.root_425_600.mean,"{""stat"": ""mean""}",20
vnir.emission_spectrum.root_425_600.std,vnir.emission_spectrum.root_425_600,concept_family,canonical_concrete,concrete_only,"VNIR emission spectrum in root region, 425-600 nm (standard deviation)",hyperspectral,vnir_emission,Emission spectrum standard deviation in root region (425-600 nm),a.u.,array<float>,plant_timepoint,HADES:VNIR:EMISSION_SPECTRUM_ROOT_425_600_STD,[MANUAL],root system,PO:0009005,spectral intensity,PATO:0000049,none,"Pattern row. Expand stat in {mean,sum,std}; wavelength axis defined by band range encoded in variable_id.",VNIR analysis outputs (Hdr/BIL + derived spectra),axis length should match 425-600nm bands; check non-negative,"Expanded from template vnir.emission_spectrum.root_425_600.{stat} with axes {""stat"": ""std""}.",external_pipeline,yes,no,no,,,mean=mean spectrum across ROI pixels; sum=summed spectrum across ROI pixels; std=standard deviation spectrum across ROI pixels,root_mask,[MANUAL],root system fluorescence emission spectrum,[MANUAL],root system,PO:0009005,spectral intensity,PATO:0000049,VNIR hyperspectral fluorescence imaging (UV 365 nm excitation; 350-900 nm sensor range; 425-600 nm analysis window) with registered ROI masks,[MANUAL],a.u.,[MANUAL],matrix_trait,active,1.1.0,,,ontology_review|method_mapping|roi_cv|unit_policy,required_for_public_export,vnir.emission_spectrum.root_425_600.standard deviation,"{""stat"": ""std""}",20
vnir.emission_spectrum.root_425_600.sum,vnir.emission_spectrum.root_425_600,concept_family,canonical_concrete,concrete_only,"VNIR emission spectrum in root region, 425-600 nm (sum)",hyperspectral,vnir_emission,Emission spectrum sum in root region (425-600 nm),a.u.,array<float>,plant_timepoint,HADES:VNIR:EMISSION_SPECTRUM_ROOT_425_600_SUM,[MANUAL],root system,PO:0009005,spectral intensity,PATO:0000049,none,"Pattern row. Expand stat in {mean,sum,std}; wavelength axis defined by band range encoded in variable_id.",VNIR analysis outputs (Hdr/BIL + derived spectra),axis length should match 425-600nm bands; check non-negative,"Expanded from template vnir.emission_spectrum.root_425_600.{stat} with axes {""stat"": ""sum""}.",external_pipeline,yes,no,no,,,mean=mean spectrum across ROI pixels; sum=summed spectrum across ROI pixels; std=standard deviation spectrum across ROI pixels,root_mask,[MANUAL],root system fluorescence emission spectrum,[MANUAL],root system,PO:0009005,spectral intensity,PATO:0000049,VNIR hyperspectral fluorescence imaging (UV 365 nm excitation; 350-900 nm sensor range; 425-600 nm analysis window) with registered ROI masks,[MANUAL],a.u.,[MANUAL],matrix_trait,active,1.1.0,,,ontology_review|method_mapping|roi_cv|unit_policy,required_for_public_export,vnir.emission_spectrum.root_425_600.sum,"{""stat"": ""sum""}",20
