variableId,parent_variable_id,category,subcategory,variableName,unit,unit_accession,value_type,observation_level,scaleName,scaleClass,system_id,acquisition_modality,acquisition_filter,acquisition_light_profile,acquisition_geometry,signal_interpretation,roi_canonical,implementation_roi_alias,acquisition_unit,filter_notes,axis_definition,export_shape,traitName,traitAccNumber,traitEntity,traitEntityAccessionNumber,traitCharacteristic,traitCharacteristicAccessionNumber,methodName,methodDesc,methodRef,record_status,introduced_in_version,deprecated_in_version,replaced_by_variable_id
root.branch_node.count,root.branch_node.count,root_architecture,rootcam_segmentation,Node number,count,UO:0000189,int,plant_round,,,HADES:ROOTCAM:BRANCH_NODE_COUNT,rootcam_transmission,,"Cool-White transmitted backlight (5,700 K)",transmission,,,,,,,scalar,root branch node count,,root system,PO:0009005,count,PATO:0000070,Backlit root architecture extraction,Grayscale backlit RootCam images are segmented with the HADES U-Net-based image-analysis pipeline. Root masks are skeletonized and converted into graph representations. The primary root is reconstructed on the root skeleton using Dijkstra's shortest-path algorithm between the root-shoot junction and the primary-root tip; graph paths and landmarks are then used to derive root lengths and root architectural counts in image-native coordinates. Each image is analyzed independently and temporal continuity is not required for the per-image trait calculation.,https://doi.org/10.64898/2026.03.27.714898,active,1.0.0,,
root.lateral.count,root.lateral.count,root_architecture,rootcam_segmentation,Lateral root number,count,UO:0000189,int,plant_round,,,HADES:ROOTCAM:LATERAL_ROOT_COUNT,rootcam_transmission,,"Cool-White transmitted backlight (5,700 K)",transmission,,,,,,,scalar,lateral root count,TO:0001013,lateral root(s),PO:0020121,count,PATO:0000070,Backlit root architecture extraction,Grayscale backlit RootCam images are segmented with the HADES U-Net-based image-analysis pipeline. Root masks are skeletonized and converted into graph representations. The primary root is reconstructed on the root skeleton using Dijkstra's shortest-path algorithm between the root-shoot junction and the primary-root tip; graph paths and landmarks are then used to derive root lengths and root architectural counts in image-native coordinates. Each image is analyzed independently and temporal continuity is not required for the per-image trait calculation.,https://doi.org/10.64898/2026.03.27.714898,active,1.0.0,,
root.lateral.total_length.px,root.lateral.total_length,root_architecture,rootcam_segmentation,Total lateral root length,px,,float,plant_round,,,HADES:ROOTCAM:TOTAL_LATERAL_ROOT_LENGTH_PX,rootcam_transmission,,"Cool-White transmitted backlight (5,700 K)",transmission,,,,,,,scalar,lateral root total length,TO:0001012,lateral root(s),PO:0020121,length,PATO:0000122,Backlit root architecture extraction,Grayscale backlit RootCam images are segmented with the HADES U-Net-based image-analysis pipeline. Root masks are skeletonized and converted into graph representations. The primary root is reconstructed on the root skeleton using Dijkstra's shortest-path algorithm between the root-shoot junction and the primary-root tip; graph paths and landmarks are then used to derive root lengths and root architectural counts in image-native coordinates. Each image is analyzed independently and temporal continuity is not required for the per-image trait calculation.,https://doi.org/10.64898/2026.03.27.714898,active,1.0.0,,
root.primary.length.px,root.primary.length,root_architecture,rootcam_segmentation,Primary/main root length,px,,float,plant_round,,,HADES:ROOTCAM:PRIMARY_ROOT_LENGTH_PX,rootcam_transmission,,"Cool-White transmitted backlight (5,700 K)",transmission,,,,,,,scalar,primary root length,TO:0000227,primary root,PO:0020127,length,PATO:0000122,Backlit root architecture extraction,Grayscale backlit RootCam images are segmented with the HADES U-Net-based image-analysis pipeline. Root masks are skeletonized and converted into graph representations. The primary root is reconstructed on the root skeleton using Dijkstra's shortest-path algorithm between the root-shoot junction and the primary-root tip; graph paths and landmarks are then used to derive root lengths and root architectural counts in image-native coordinates. Each image is analyzed independently and temporal continuity is not required for the per-image trait calculation.,https://doi.org/10.64898/2026.03.27.714898,active,1.0.0,,
root.tip.count,root.tip.count,root_architecture,rootcam_segmentation,Tip number,count,UO:0000189,int,plant_round,,,HADES:ROOTCAM:ROOT_TIP_COUNT,rootcam_transmission,,"Cool-White transmitted backlight (5,700 K)",transmission,,,,,,,scalar,root tip count,,root tip(s),PO:0000025,count,PATO:0000070,Backlit root architecture extraction,Grayscale backlit RootCam images are segmented with the HADES U-Net-based image-analysis pipeline. Root masks are skeletonized and converted into graph representations. The primary root is reconstructed on the root skeleton using Dijkstra's shortest-path algorithm between the root-shoot junction and the primary-root tip; graph paths and landmarks are then used to derive root lengths and root architectural counts in image-native coordinates. Each image is analyzed independently and temporal continuity is not required for the per-image trait calculation.,https://doi.org/10.64898/2026.03.27.714898,active,1.0.0,,
shoot.area.px,shoot.area,shoot_growth,rootcam_segmentation,Shoot area (n_pixels_shoot),px,,float,plant_round,,,HADES:SHOOT:AREA_PX,rootcam_transmission,,"Cool-White transmitted backlight (5,700 K)",transmission,,,,,,,scalar,shoot area,,shoot system,PO:0009006,area,PATO:0001323,Backlit root architecture extraction,"Grayscale backlit RootCam images are segmented with the HADES U-Net-based image-analysis pipeline. The segmented shoot mask is counted in image pixels to obtain shoot area. The same shoot mask is reused as an ROI in fluorescence analysis, so the channel-independent n_pixels_shoot quantity is represented by this single canonical variable rather than duplicated for each fluorescence filter or excitation protocol.",https://doi.org/10.64898/2026.03.27.714898,active,1.0.0,,
roi.main_root.pixel_count.px,roi.main_root,image_segmentation,rootcam_roi_mask,Pixel count in main root ROI,px,,int,plant_round,count,Numerical,HADES:ROOTCAM:ROI:MAIN_ROOT:PIXELS,rootcam_roi_mask,,"Cool-White transmitted backlight (5,700 K)",transmission,,main_root,main_root,,,,scalar,main root segmented area (pixel count),,primary root,PO:0020127,area (pixel count),PATO:0001323,RootCam ROI mask pixel-count extraction,Binary ROI masks originate from the backlit RootCam segmentation and are reused by FC_analysis.py. Primary-root and lateral-root masks are transferred directly from segmentation outputs. Root-tip and node ROIs are implementation-defined mask regions used by the fluorescence pipeline. The peri-root ROI is the exclusive region obtained by dilating the full root mask and subtracting the original root mask; root_plus_peri is the corresponding inclusive dilated mask. Pixel count is therefore a channel-independent property of the ROI mask and is not expanded across fluorescence filters or excitation protocols.,https://github.com/valerian-meline/HADES_FC; https://doi.org/10.64898/2026.03.27.714898; https://npec-nl.github.io/hades-research-resources,active,1.0.0,,
roi.lateral_root.pixel_count.px,roi.lateral_root,image_segmentation,rootcam_roi_mask,Pixel count in lateral root ROI,px,,int,plant_round,count,Numerical,HADES:ROOTCAM:ROI:LATERAL_ROOT:PIXELS,rootcam_roi_mask,,"Cool-White transmitted backlight (5,700 K)",transmission,,lateral_root,lateral_root,,,,scalar,lateral root segmented area (pixel count),,lateral root(s),PO:0020121,area (pixel count),PATO:0001323,RootCam ROI mask pixel-count extraction,Binary ROI masks originate from the backlit RootCam segmentation and are reused by FC_analysis.py. Primary-root and lateral-root masks are transferred directly from segmentation outputs. Root-tip and node ROIs are implementation-defined mask regions used by the fluorescence pipeline. The peri-root ROI is the exclusive region obtained by dilating the full root mask and subtracting the original root mask; root_plus_peri is the corresponding inclusive dilated mask. Pixel count is therefore a channel-independent property of the ROI mask and is not expanded across fluorescence filters or excitation protocols.,https://github.com/valerian-meline/HADES_FC; https://doi.org/10.64898/2026.03.27.714898; https://npec-nl.github.io/hades-research-resources,active,1.0.0,,
roi.main_root_tip.pixel_count.px,roi.main_root_tip,image_segmentation,rootcam_roi_mask,Pixel count in main root tip ROI,px,,int,plant_round,count,Numerical,HADES:ROOTCAM:ROI:MAIN_ROOT_TIP:PIXELS,rootcam_roi_mask,,"Cool-White transmitted backlight (5,700 K)",transmission,,main_root_tip,main_root_tip,,,,scalar,main root tip segmented area (pixel count),,root tip,PO:0000025,area (pixel count),PATO:0001323,RootCam ROI mask pixel-count extraction,Binary ROI masks originate from the backlit RootCam segmentation and are reused by FC_analysis.py. Primary-root and lateral-root masks are transferred directly from segmentation outputs. Root-tip and node ROIs are implementation-defined mask regions used by the fluorescence pipeline. The peri-root ROI is the exclusive region obtained by dilating the full root mask and subtracting the original root mask; root_plus_peri is the corresponding inclusive dilated mask. Pixel count is therefore a channel-independent property of the ROI mask and is not expanded across fluorescence filters or excitation protocols.,https://github.com/valerian-meline/HADES_FC; https://doi.org/10.64898/2026.03.27.714898; https://npec-nl.github.io/hades-research-resources,active,1.0.0,,
roi.node.pixel_count.px,roi.node,image_segmentation,rootcam_roi_mask,Pixel count in node ROI,px,,int,plant_round,count,Numerical,HADES:ROOTCAM:ROI:NODE:PIXELS,rootcam_roi_mask,,"Cool-White transmitted backlight (5,700 K)",transmission,,node,node,,,,scalar,node segmented area (pixel count),,primary root,PO:0020127,area (pixel count),PATO:0001323,RootCam ROI mask pixel-count extraction,Binary ROI masks originate from the backlit RootCam segmentation and are reused by FC_analysis.py. Primary-root and lateral-root masks are transferred directly from segmentation outputs. Root-tip and node ROIs are implementation-defined mask regions used by the fluorescence pipeline. The peri-root ROI is the exclusive region obtained by dilating the full root mask and subtracting the original root mask; root_plus_peri is the corresponding inclusive dilated mask. Pixel count is therefore a channel-independent property of the ROI mask and is not expanded across fluorescence filters or excitation protocols.,https://github.com/valerian-meline/HADES_FC; https://doi.org/10.64898/2026.03.27.714898; https://npec-nl.github.io/hades-research-resources,active,1.0.0,,
roi.other_tip.pixel_count.px,roi.other_tip,image_segmentation,rootcam_roi_mask,Pixel count in other tip ROI,px,,int,plant_round,count,Numerical,HADES:ROOTCAM:ROI:OTHER_TIP:PIXELS,rootcam_roi_mask,,"Cool-White transmitted backlight (5,700 K)",transmission,,other_tip,other_tip,,,,scalar,other tip segmented area (pixel count),,root tip(s),PO:0000025,area (pixel count),PATO:0001323,RootCam ROI mask pixel-count extraction,Binary ROI masks originate from the backlit RootCam segmentation and are reused by FC_analysis.py. Primary-root and lateral-root masks are transferred directly from segmentation outputs. Root-tip and node ROIs are implementation-defined mask regions used by the fluorescence pipeline. The peri-root ROI is the exclusive region obtained by dilating the full root mask and subtracting the original root mask; root_plus_peri is the corresponding inclusive dilated mask. Pixel count is therefore a channel-independent property of the ROI mask and is not expanded across fluorescence filters or excitation protocols.,https://github.com/valerian-meline/HADES_FC; https://doi.org/10.64898/2026.03.27.714898; https://npec-nl.github.io/hades-research-resources,active,1.0.0,,
roi.peri_root.pixel_count.px,roi.peri_root,image_segmentation,rootcam_roi_mask,Pixel count in peri root ROI,px,,int,plant_round,count,Numerical,HADES:ROOTCAM:ROI:PERI_ROOT:PIXELS,rootcam_roi_mask,,"Cool-White transmitted backlight (5,700 K)",transmission,,peri_root,dilated_root_exclusive,,,,scalar,peri root segmented area (pixel count),,peri-root region,,area (pixel count),PATO:0001323,RootCam ROI mask pixel-count extraction,Binary ROI masks originate from the backlit RootCam segmentation and are reused by FC_analysis.py. Primary-root and lateral-root masks are transferred directly from segmentation outputs. Root-tip and node ROIs are implementation-defined mask regions used by the fluorescence pipeline. The peri-root ROI is the exclusive region obtained by dilating the full root mask and subtracting the original root mask; root_plus_peri is the corresponding inclusive dilated mask. Pixel count is therefore a channel-independent property of the ROI mask and is not expanded across fluorescence filters or excitation protocols.,https://github.com/valerian-meline/HADES_FC; https://doi.org/10.64898/2026.03.27.714898; https://npec-nl.github.io/hades-research-resources,active,1.0.0,,
roi.root_plus_peri.pixel_count.px,roi.root_plus_peri,image_segmentation,rootcam_roi_mask,Pixel count in root plus peri ROI,px,,int,plant_round,count,Numerical,HADES:ROOTCAM:ROI:ROOT_PLUS_PERI:PIXELS,rootcam_roi_mask,,"Cool-White transmitted backlight (5,700 K)",transmission,,root_plus_peri,dilated_root,,,,scalar,root plus peri segmented area (pixel count),,root and peri-root region,,area (pixel count),PATO:0001323,RootCam ROI mask pixel-count extraction,Binary ROI masks originate from the backlit RootCam segmentation and are reused by FC_analysis.py. Primary-root and lateral-root masks are transferred directly from segmentation outputs. Root-tip and node ROIs are implementation-defined mask regions used by the fluorescence pipeline. The peri-root ROI is the exclusive region obtained by dilating the full root mask and subtracting the original root mask; root_plus_peri is the corresponding inclusive dilated mask. Pixel count is therefore a channel-independent property of the ROI mask and is not expanded across fluorescence filters or excitation protocols.,https://github.com/valerian-meline/HADES_FC; https://doi.org/10.64898/2026.03.27.714898; https://npec-nl.github.io/hades-research-resources,active,1.0.0,,
fluor.F448.lateral_root.mean,fluor.F448.lateral_root,fluorescence,fluorcam_single_channel_roi,Fluorescence mean in lateral root(s) (filter F448),a.u.,,float,plant_round,,,HADES:FLUOR:F448:LATERAL_ROOT:MEAN,fluorcam_single_channel,F448,"Per-acquisition FluorCam protocol from the raw acquisition TAR. The protocol may activate one or multiple excitation channels at user-defined percentages (Act1, Act2, Super, FAR, UV, RBLUE, BLUE, GREEN, AMBER, RED) and also records settings such as Filter, ShutterTime, and Sensitivity.",,assay-dependent,lateral_root,,FC2,Common assay mappings used at NPEC: mCherry -> F635; coumarin-related fluorescence -> F483; mTurquoise2 -> F513; GFP -> F513/F520; YFP emission near 596 nm is captured with the HADES F593 filter.,,scalar,lateral root fluorescence signal,,lateral root(s),PO:0020121,fluorescence signal,,RootCam fluorescence ROI quantification,"A RootCam fluorescence image is acquired using a user-selected FluorCam protocol and emission filter. The raw TAR contains the acquisition protocol, including excitation-channel percentages, filter selection, shutter time and sensitivity. FC_analysis.py extracts the archived .dumm image, horizontally flips it, and applies filter- and FC-unit-specific geometric alignment to the ROI masks generated from the corresponding backlit image. Mean or summed pixel intensity is then calculated within each ROI. ROI pixel counts are represented separately as channel-independent mask variables rather than duplicated by filter.",https://github.com/valerian-meline/HADES_FC; https://npec-nl.github.io/hades-research-resources,active,1.0.0,,
fluor.F448.lateral_root.sum,fluor.F448.lateral_root,fluorescence,fluorcam_single_channel_roi,Fluorescence sum in lateral root(s) (filter F448),a.u.,,float,plant_round,,,HADES:FLUOR:F448:LATERAL_ROOT:SUM,fluorcam_single_channel,F448,"Per-acquisition FluorCam protocol from the raw acquisition TAR. The protocol may activate one or multiple excitation channels at user-defined percentages (Act1, Act2, Super, FAR, UV, RBLUE, BLUE, GREEN, AMBER, RED) and also records settings such as Filter, ShutterTime, and Sensitivity.",,assay-dependent,lateral_root,,FC2,Common assay mappings used at NPEC: mCherry -> F635; coumarin-related fluorescence -> F483; mTurquoise2 -> F513; GFP -> F513/F520; YFP emission near 596 nm is captured with the HADES F593 filter.,,scalar,lateral root fluorescence signal,,lateral root(s),PO:0020121,fluorescence signal,,RootCam fluorescence ROI quantification,"A RootCam fluorescence image is acquired using a user-selected FluorCam protocol and emission filter. The raw TAR contains the acquisition protocol, including excitation-channel percentages, filter selection, shutter time and sensitivity. FC_analysis.py extracts the archived .dumm image, horizontally flips it, and applies filter- and FC-unit-specific geometric alignment to the ROI masks generated from the corresponding backlit image. Mean or summed pixel intensity is then calculated within each ROI. ROI pixel counts are represented separately as channel-independent mask variables rather than duplicated by filter.",https://github.com/valerian-meline/HADES_FC; https://npec-nl.github.io/hades-research-resources,active,1.0.0,,
fluor.F469.lateral_root.mean,fluor.F469.lateral_root,fluorescence,fluorcam_single_channel_roi,Fluorescence mean in lateral root(s) (filter F469),a.u.,,float,plant_round,,,HADES:FLUOR:F469:LATERAL_ROOT:MEAN,fluorcam_single_channel,F469,"Per-acquisition FluorCam protocol from the raw acquisition TAR. The protocol may activate one or multiple excitation channels at user-defined percentages (Act1, Act2, Super, FAR, UV, RBLUE, BLUE, GREEN, AMBER, RED) and also records settings such as Filter, ShutterTime, and Sensitivity.",,assay-dependent,lateral_root,,FC1,Common assay mappings used at NPEC: mCherry -> F635; coumarin-related fluorescence -> F483; mTurquoise2 -> F513; GFP -> F513/F520; YFP emission near 596 nm is captured with the HADES F593 filter.,,scalar,lateral root fluorescence signal,,lateral root(s),PO:0020121,fluorescence signal,,RootCam fluorescence ROI quantification,"A RootCam fluorescence image is acquired using a user-selected FluorCam protocol and emission filter. The raw TAR contains the acquisition protocol, including excitation-channel percentages, filter selection, shutter time and sensitivity. FC_analysis.py extracts the archived .dumm image, horizontally flips it, and applies filter- and FC-unit-specific geometric alignment to the ROI masks generated from the corresponding backlit image. Mean or summed pixel intensity is then calculated within each ROI. ROI pixel counts are represented separately as channel-independent mask variables rather than duplicated by filter.",https://github.com/valerian-meline/HADES_FC; https://npec-nl.github.io/hades-research-resources,active,1.0.0,,
fluor.F469.lateral_root.sum,fluor.F469.lateral_root,fluorescence,fluorcam_single_channel_roi,Fluorescence sum in lateral root(s) (filter F469),a.u.,,float,plant_round,,,HADES:FLUOR:F469:LATERAL_ROOT:SUM,fluorcam_single_channel,F469,"Per-acquisition FluorCam protocol from the raw acquisition TAR. The protocol may activate one or multiple excitation channels at user-defined percentages (Act1, Act2, Super, FAR, UV, RBLUE, BLUE, GREEN, AMBER, RED) and also records settings such as Filter, ShutterTime, and Sensitivity.",,assay-dependent,lateral_root,,FC1,Common assay mappings used at NPEC: mCherry -> F635; coumarin-related fluorescence -> F483; mTurquoise2 -> F513; GFP -> F513/F520; YFP emission near 596 nm is captured with the HADES F593 filter.,,scalar,lateral root fluorescence signal,,lateral root(s),PO:0020121,fluorescence signal,,RootCam fluorescence ROI quantification,"A RootCam fluorescence image is acquired using a user-selected FluorCam protocol and emission filter. The raw TAR contains the acquisition protocol, including excitation-channel percentages, filter selection, shutter time and sensitivity. FC_analysis.py extracts the archived .dumm image, horizontally flips it, and applies filter- and FC-unit-specific geometric alignment to the ROI masks generated from the corresponding backlit image. Mean or summed pixel intensity is then calculated within each ROI. ROI pixel counts are represented separately as channel-independent mask variables rather than duplicated by filter.",https://github.com/valerian-meline/HADES_FC; https://npec-nl.github.io/hades-research-resources,active,1.0.0,,
fluor.F483.lateral_root.mean,fluor.F483.lateral_root,fluorescence,fluorcam_single_channel_roi,Fluorescence mean in lateral root(s) (filter F483),a.u.,,float,plant_round,,,HADES:FLUOR:F483:LATERAL_ROOT:MEAN,fluorcam_single_channel,F483,"Per-acquisition FluorCam protocol from the raw acquisition TAR. The protocol may activate one or multiple excitation channels at user-defined percentages (Act1, Act2, Super, FAR, UV, RBLUE, BLUE, GREEN, AMBER, RED) and also records settings such as Filter, ShutterTime, and Sensitivity.",,assay-dependent,lateral_root,,FC1,Common assay mappings used at NPEC: mCherry -> F635; coumarin-related fluorescence -> F483; mTurquoise2 -> F513; GFP -> F513/F520; YFP emission near 596 nm is captured with the HADES F593 filter.,,scalar,lateral root fluorescence signal,,lateral root(s),PO:0020121,fluorescence signal,,RootCam fluorescence ROI quantification,"A RootCam fluorescence image is acquired using a user-selected FluorCam protocol and emission filter. The raw TAR contains the acquisition protocol, including excitation-channel percentages, filter selection, shutter time and sensitivity. FC_analysis.py extracts the archived .dumm image, horizontally flips it, and applies filter- and FC-unit-specific geometric alignment to the ROI masks generated from the corresponding backlit image. Mean or summed pixel intensity is then calculated within each ROI. ROI pixel counts are represented separately as channel-independent mask variables rather than duplicated by filter.",https://github.com/valerian-meline/HADES_FC; https://npec-nl.github.io/hades-research-resources,active,1.0.0,,
fluor.F483.lateral_root.sum,fluor.F483.lateral_root,fluorescence,fluorcam_single_channel_roi,Fluorescence sum in lateral root(s) (filter F483),a.u.,,float,plant_round,,,HADES:FLUOR:F483:LATERAL_ROOT:SUM,fluorcam_single_channel,F483,"Per-acquisition FluorCam protocol from the raw acquisition TAR. The protocol may activate one or multiple excitation channels at user-defined percentages (Act1, Act2, Super, FAR, UV, RBLUE, BLUE, GREEN, AMBER, RED) and also records settings such as Filter, ShutterTime, and Sensitivity.",,assay-dependent,lateral_root,,FC1,Common assay mappings used at NPEC: mCherry -> F635; coumarin-related fluorescence -> F483; mTurquoise2 -> F513; GFP -> F513/F520; YFP emission near 596 nm is captured with the HADES F593 filter.,,scalar,lateral root fluorescence signal,,lateral root(s),PO:0020121,fluorescence signal,,RootCam fluorescence ROI quantification,"A RootCam fluorescence image is acquired using a user-selected FluorCam protocol and emission filter. The raw TAR contains the acquisition protocol, including excitation-channel percentages, filter selection, shutter time and sensitivity. FC_analysis.py extracts the archived .dumm image, horizontally flips it, and applies filter- and FC-unit-specific geometric alignment to the ROI masks generated from the corresponding backlit image. Mean or summed pixel intensity is then calculated within each ROI. ROI pixel counts are represented separately as channel-independent mask variables rather than duplicated by filter.",https://github.com/valerian-meline/HADES_FC; https://npec-nl.github.io/hades-research-resources,active,1.0.0,,
fluor.F513.lateral_root.mean,fluor.F513.lateral_root,fluorescence,fluorcam_single_channel_roi,Fluorescence mean in lateral root(s) (filter F513),a.u.,,float,plant_round,,,HADES:FLUOR:F513:LATERAL_ROOT:MEAN,fluorcam_single_channel,F513,"Per-acquisition FluorCam protocol from the raw acquisition TAR. The protocol may activate one or multiple excitation channels at user-defined percentages (Act1, Act2, Super, FAR, UV, RBLUE, BLUE, GREEN, AMBER, RED) and also records settings such as Filter, ShutterTime, and Sensitivity.",,assay-dependent,lateral_root,,FC1|FC2,Common assay mappings used at NPEC: mCherry -> F635; coumarin-related fluorescence -> F483; mTurquoise2 -> F513; GFP -> F513/F520; YFP emission near 596 nm is captured with the HADES F593 filter.,,scalar,lateral root fluorescence signal,,lateral root(s),PO:0020121,fluorescence signal,,RootCam fluorescence ROI quantification,"A RootCam fluorescence image is acquired using a user-selected FluorCam protocol and emission filter. The raw TAR contains the acquisition protocol, including excitation-channel percentages, filter selection, shutter time and sensitivity. FC_analysis.py extracts the archived .dumm image, horizontally flips it, and applies filter- and FC-unit-specific geometric alignment to the ROI masks generated from the corresponding backlit image. Mean or summed pixel intensity is then calculated within each ROI. ROI pixel counts are represented separately as channel-independent mask variables rather than duplicated by filter.",https://github.com/valerian-meline/HADES_FC; https://npec-nl.github.io/hades-research-resources,active,1.0.0,,
fluor.F513.lateral_root.sum,fluor.F513.lateral_root,fluorescence,fluorcam_single_channel_roi,Fluorescence sum in lateral root(s) (filter F513),a.u.,,float,plant_round,,,HADES:FLUOR:F513:LATERAL_ROOT:SUM,fluorcam_single_channel,F513,"Per-acquisition FluorCam protocol from the raw acquisition TAR. The protocol may activate one or multiple excitation channels at user-defined percentages (Act1, Act2, Super, FAR, UV, RBLUE, BLUE, GREEN, AMBER, RED) and also records settings such as Filter, ShutterTime, and Sensitivity.",,assay-dependent,lateral_root,,FC1|FC2,Common assay mappings used at NPEC: mCherry -> F635; coumarin-related fluorescence -> F483; mTurquoise2 -> F513; GFP -> F513/F520; YFP emission near 596 nm is captured with the HADES F593 filter.,,scalar,lateral root fluorescence signal,,lateral root(s),PO:0020121,fluorescence signal,,RootCam fluorescence ROI quantification,"A RootCam fluorescence image is acquired using a user-selected FluorCam protocol and emission filter. The raw TAR contains the acquisition protocol, including excitation-channel percentages, filter selection, shutter time and sensitivity. FC_analysis.py extracts the archived .dumm image, horizontally flips it, and applies filter- and FC-unit-specific geometric alignment to the ROI masks generated from the corresponding backlit image. Mean or summed pixel intensity is then calculated within each ROI. ROI pixel counts are represented separately as channel-independent mask variables rather than duplicated by filter.",https://github.com/valerian-meline/HADES_FC; https://npec-nl.github.io/hades-research-resources,active,1.0.0,,
fluor.F520.lateral_root.mean,fluor.F520.lateral_root,fluorescence,fluorcam_single_channel_roi,Fluorescence mean in lateral root(s) (filter F520),a.u.,,float,plant_round,,,HADES:FLUOR:F520:LATERAL_ROOT:MEAN,fluorcam_single_channel,F520,"Per-acquisition FluorCam protocol from the raw acquisition TAR. The protocol may activate one or multiple excitation channels at user-defined percentages (Act1, Act2, Super, FAR, UV, RBLUE, BLUE, GREEN, AMBER, RED) and also records settings such as Filter, ShutterTime, and Sensitivity.",,assay-dependent,lateral_root,,FC2,Common assay mappings used at NPEC: mCherry -> F635; coumarin-related fluorescence -> F483; mTurquoise2 -> F513; GFP -> F513/F520; YFP emission near 596 nm is captured with the HADES F593 filter.,,scalar,lateral root fluorescence signal,,lateral root(s),PO:0020121,fluorescence signal,,RootCam fluorescence ROI quantification,"A RootCam fluorescence image is acquired using a user-selected FluorCam protocol and emission filter. The raw TAR contains the acquisition protocol, including excitation-channel percentages, filter selection, shutter time and sensitivity. FC_analysis.py extracts the archived .dumm image, horizontally flips it, and applies filter- and FC-unit-specific geometric alignment to the ROI masks generated from the corresponding backlit image. Mean or summed pixel intensity is then calculated within each ROI. ROI pixel counts are represented separately as channel-independent mask variables rather than duplicated by filter.",https://github.com/valerian-meline/HADES_FC; https://npec-nl.github.io/hades-research-resources,active,1.0.0,,
fluor.F520.lateral_root.sum,fluor.F520.lateral_root,fluorescence,fluorcam_single_channel_roi,Fluorescence sum in lateral root(s) (filter F520),a.u.,,float,plant_round,,,HADES:FLUOR:F520:LATERAL_ROOT:SUM,fluorcam_single_channel,F520,"Per-acquisition FluorCam protocol from the raw acquisition TAR. The protocol may activate one or multiple excitation channels at user-defined percentages (Act1, Act2, Super, FAR, UV, RBLUE, BLUE, GREEN, AMBER, RED) and also records settings such as Filter, ShutterTime, and Sensitivity.",,assay-dependent,lateral_root,,FC2,Common assay mappings used at NPEC: mCherry -> F635; coumarin-related fluorescence -> F483; mTurquoise2 -> F513; GFP -> F513/F520; YFP emission near 596 nm is captured with the HADES F593 filter.,,scalar,lateral root fluorescence signal,,lateral root(s),PO:0020121,fluorescence signal,,RootCam fluorescence ROI quantification,"A RootCam fluorescence image is acquired using a user-selected FluorCam protocol and emission filter. The raw TAR contains the acquisition protocol, including excitation-channel percentages, filter selection, shutter time and sensitivity. FC_analysis.py extracts the archived .dumm image, horizontally flips it, and applies filter- and FC-unit-specific geometric alignment to the ROI masks generated from the corresponding backlit image. Mean or summed pixel intensity is then calculated within each ROI. ROI pixel counts are represented separately as channel-independent mask variables rather than duplicated by filter.",https://github.com/valerian-meline/HADES_FC; https://npec-nl.github.io/hades-research-resources,active,1.0.0,,
fluor.F565.lateral_root.mean,fluor.F565.lateral_root,fluorescence,fluorcam_single_channel_roi,Fluorescence mean in lateral root(s) (filter F565),a.u.,,float,plant_round,,,HADES:FLUOR:F565:LATERAL_ROOT:MEAN,fluorcam_single_channel,F565,"Per-acquisition FluorCam protocol from the raw acquisition TAR. The protocol may activate one or multiple excitation channels at user-defined percentages (Act1, Act2, Super, FAR, UV, RBLUE, BLUE, GREEN, AMBER, RED) and also records settings such as Filter, ShutterTime, and Sensitivity.",,assay-dependent,lateral_root,,FC1,Common assay mappings used at NPEC: mCherry -> F635; coumarin-related fluorescence -> F483; mTurquoise2 -> F513; GFP -> F513/F520; YFP emission near 596 nm is captured with the HADES F593 filter.,,scalar,lateral root fluorescence signal,,lateral root(s),PO:0020121,fluorescence signal,,RootCam fluorescence ROI quantification,"A RootCam fluorescence image is acquired using a user-selected FluorCam protocol and emission filter. The raw TAR contains the acquisition protocol, including excitation-channel percentages, filter selection, shutter time and sensitivity. FC_analysis.py extracts the archived .dumm image, horizontally flips it, and applies filter- and FC-unit-specific geometric alignment to the ROI masks generated from the corresponding backlit image. Mean or summed pixel intensity is then calculated within each ROI. ROI pixel counts are represented separately as channel-independent mask variables rather than duplicated by filter.",https://github.com/valerian-meline/HADES_FC; https://npec-nl.github.io/hades-research-resources,active,1.0.0,,
fluor.F565.lateral_root.sum,fluor.F565.lateral_root,fluorescence,fluorcam_single_channel_roi,Fluorescence sum in lateral root(s) (filter F565),a.u.,,float,plant_round,,,HADES:FLUOR:F565:LATERAL_ROOT:SUM,fluorcam_single_channel,F565,"Per-acquisition FluorCam protocol from the raw acquisition TAR. The protocol may activate one or multiple excitation channels at user-defined percentages (Act1, Act2, Super, FAR, UV, RBLUE, BLUE, GREEN, AMBER, RED) and also records settings such as Filter, ShutterTime, and Sensitivity.",,assay-dependent,lateral_root,,FC1,Common assay mappings used at NPEC: mCherry -> F635; coumarin-related fluorescence -> F483; mTurquoise2 -> F513; GFP -> F513/F520; YFP emission near 596 nm is captured with the HADES F593 filter.,,scalar,lateral root fluorescence signal,,lateral root(s),PO:0020121,fluorescence signal,,RootCam fluorescence ROI quantification,"A RootCam fluorescence image is acquired using a user-selected FluorCam protocol and emission filter. The raw TAR contains the acquisition protocol, including excitation-channel percentages, filter selection, shutter time and sensitivity. FC_analysis.py extracts the archived .dumm image, horizontally flips it, and applies filter- and FC-unit-specific geometric alignment to the ROI masks generated from the corresponding backlit image. Mean or summed pixel intensity is then calculated within each ROI. ROI pixel counts are represented separately as channel-independent mask variables rather than duplicated by filter.",https://github.com/valerian-meline/HADES_FC; https://npec-nl.github.io/hades-research-resources,active,1.0.0,,
fluor.F586.lateral_root.mean,fluor.F586.lateral_root,fluorescence,fluorcam_single_channel_roi,Fluorescence mean in lateral root(s) (filter F586),a.u.,,float,plant_round,,,HADES:FLUOR:F586:LATERAL_ROOT:MEAN,fluorcam_single_channel,F586,"Per-acquisition FluorCam protocol from the raw acquisition TAR. The protocol may activate one or multiple excitation channels at user-defined percentages (Act1, Act2, Super, FAR, UV, RBLUE, BLUE, GREEN, AMBER, RED) and also records settings such as Filter, ShutterTime, and Sensitivity.",,assay-dependent,lateral_root,,FC1,Common assay mappings used at NPEC: mCherry -> F635; coumarin-related fluorescence -> F483; mTurquoise2 -> F513; GFP -> F513/F520; YFP emission near 596 nm is captured with the HADES F593 filter.,,scalar,lateral root fluorescence signal,,lateral root(s),PO:0020121,fluorescence signal,,RootCam fluorescence ROI quantification,"A RootCam fluorescence image is acquired using a user-selected FluorCam protocol and emission filter. The raw TAR contains the acquisition protocol, including excitation-channel percentages, filter selection, shutter time and sensitivity. FC_analysis.py extracts the archived .dumm image, horizontally flips it, and applies filter- and FC-unit-specific geometric alignment to the ROI masks generated from the corresponding backlit image. Mean or summed pixel intensity is then calculated within each ROI. ROI pixel counts are represented separately as channel-independent mask variables rather than duplicated by filter.",https://github.com/valerian-meline/HADES_FC; https://npec-nl.github.io/hades-research-resources,active,1.0.0,,
fluor.F586.lateral_root.sum,fluor.F586.lateral_root,fluorescence,fluorcam_single_channel_roi,Fluorescence sum in lateral root(s) (filter F586),a.u.,,float,plant_round,,,HADES:FLUOR:F586:LATERAL_ROOT:SUM,fluorcam_single_channel,F586,"Per-acquisition FluorCam protocol from the raw acquisition TAR. The protocol may activate one or multiple excitation channels at user-defined percentages (Act1, Act2, Super, FAR, UV, RBLUE, BLUE, GREEN, AMBER, RED) and also records settings such as Filter, ShutterTime, and Sensitivity.",,assay-dependent,lateral_root,,FC1,Common assay mappings used at NPEC: mCherry -> F635; coumarin-related fluorescence -> F483; mTurquoise2 -> F513; GFP -> F513/F520; YFP emission near 596 nm is captured with the HADES F593 filter.,,scalar,lateral root fluorescence signal,,lateral root(s),PO:0020121,fluorescence signal,,RootCam fluorescence ROI quantification,"A RootCam fluorescence image is acquired using a user-selected FluorCam protocol and emission filter. The raw TAR contains the acquisition protocol, including excitation-channel percentages, filter selection, shutter time and sensitivity. FC_analysis.py extracts the archived .dumm image, horizontally flips it, and applies filter- and FC-unit-specific geometric alignment to the ROI masks generated from the corresponding backlit image. Mean or summed pixel intensity is then calculated within each ROI. ROI pixel counts are represented separately as channel-independent mask variables rather than duplicated by filter.",https://github.com/valerian-meline/HADES_FC; https://npec-nl.github.io/hades-research-resources,active,1.0.0,,
fluor.F593.lateral_root.mean,fluor.F593.lateral_root,fluorescence,fluorcam_single_channel_roi,Fluorescence mean in lateral root(s) (filter F593),a.u.,,float,plant_round,,,HADES:FLUOR:F593:LATERAL_ROOT:MEAN,fluorcam_single_channel,F593,"Per-acquisition FluorCam protocol from the raw acquisition TAR. The protocol may activate one or multiple excitation channels at user-defined percentages (Act1, Act2, Super, FAR, UV, RBLUE, BLUE, GREEN, AMBER, RED) and also records settings such as Filter, ShutterTime, and Sensitivity.",,assay-dependent,lateral_root,,FC1|FC2,Common assay mappings used at NPEC: mCherry -> F635; coumarin-related fluorescence -> F483; mTurquoise2 -> F513; GFP -> F513/F520; YFP emission near 596 nm is captured with the HADES F593 filter.,,scalar,lateral root fluorescence signal,,lateral root(s),PO:0020121,fluorescence signal,,RootCam fluorescence ROI quantification,"A RootCam fluorescence image is acquired using a user-selected FluorCam protocol and emission filter. The raw TAR contains the acquisition protocol, including excitation-channel percentages, filter selection, shutter time and sensitivity. FC_analysis.py extracts the archived .dumm image, horizontally flips it, and applies filter- and FC-unit-specific geometric alignment to the ROI masks generated from the corresponding backlit image. Mean or summed pixel intensity is then calculated within each ROI. ROI pixel counts are represented separately as channel-independent mask variables rather than duplicated by filter.",https://github.com/valerian-meline/HADES_FC; https://npec-nl.github.io/hades-research-resources,active,1.0.0,,
fluor.F593.lateral_root.sum,fluor.F593.lateral_root,fluorescence,fluorcam_single_channel_roi,Fluorescence sum in lateral root(s) (filter F593),a.u.,,float,plant_round,,,HADES:FLUOR:F593:LATERAL_ROOT:SUM,fluorcam_single_channel,F593,"Per-acquisition FluorCam protocol from the raw acquisition TAR. The protocol may activate one or multiple excitation channels at user-defined percentages (Act1, Act2, Super, FAR, UV, RBLUE, BLUE, GREEN, AMBER, RED) and also records settings such as Filter, ShutterTime, and Sensitivity.",,assay-dependent,lateral_root,,FC1|FC2,Common assay mappings used at NPEC: mCherry -> F635; coumarin-related fluorescence -> F483; mTurquoise2 -> F513; GFP -> F513/F520; YFP emission near 596 nm is captured with the HADES F593 filter.,,scalar,lateral root fluorescence signal,,lateral root(s),PO:0020121,fluorescence signal,,RootCam fluorescence ROI quantification,"A RootCam fluorescence image is acquired using a user-selected FluorCam protocol and emission filter. The raw TAR contains the acquisition protocol, including excitation-channel percentages, filter selection, shutter time and sensitivity. FC_analysis.py extracts the archived .dumm image, horizontally flips it, and applies filter- and FC-unit-specific geometric alignment to the ROI masks generated from the corresponding backlit image. Mean or summed pixel intensity is then calculated within each ROI. ROI pixel counts are represented separately as channel-independent mask variables rather than duplicated by filter.",https://github.com/valerian-meline/HADES_FC; https://npec-nl.github.io/hades-research-resources,active,1.0.0,,
fluor.F635.lateral_root.mean,fluor.F635.lateral_root,fluorescence,fluorcam_single_channel_roi,Fluorescence mean in lateral root(s) (filter F635),a.u.,,float,plant_round,,,HADES:FLUOR:F635:LATERAL_ROOT:MEAN,fluorcam_single_channel,F635,"Per-acquisition FluorCam protocol from the raw acquisition TAR. The protocol may activate one or multiple excitation channels at user-defined percentages (Act1, Act2, Super, FAR, UV, RBLUE, BLUE, GREEN, AMBER, RED) and also records settings such as Filter, ShutterTime, and Sensitivity.",,assay-dependent,lateral_root,,FC2,Common assay mappings used at NPEC: mCherry -> F635; coumarin-related fluorescence -> F483; mTurquoise2 -> F513; GFP -> F513/F520; YFP emission near 596 nm is captured with the HADES F593 filter.,,scalar,lateral root fluorescence signal,,lateral root(s),PO:0020121,fluorescence signal,,RootCam fluorescence ROI quantification,"A RootCam fluorescence image is acquired using a user-selected FluorCam protocol and emission filter. The raw TAR contains the acquisition protocol, including excitation-channel percentages, filter selection, shutter time and sensitivity. FC_analysis.py extracts the archived .dumm image, horizontally flips it, and applies filter- and FC-unit-specific geometric alignment to the ROI masks generated from the corresponding backlit image. Mean or summed pixel intensity is then calculated within each ROI. ROI pixel counts are represented separately as channel-independent mask variables rather than duplicated by filter.",https://github.com/valerian-meline/HADES_FC; https://npec-nl.github.io/hades-research-resources,active,1.0.0,,
fluor.F635.lateral_root.sum,fluor.F635.lateral_root,fluorescence,fluorcam_single_channel_roi,Fluorescence sum in lateral root(s) (filter F635),a.u.,,float,plant_round,,,HADES:FLUOR:F635:LATERAL_ROOT:SUM,fluorcam_single_channel,F635,"Per-acquisition FluorCam protocol from the raw acquisition TAR. The protocol may activate one or multiple excitation channels at user-defined percentages (Act1, Act2, Super, FAR, UV, RBLUE, BLUE, GREEN, AMBER, RED) and also records settings such as Filter, ShutterTime, and Sensitivity.",,assay-dependent,lateral_root,,FC2,Common assay mappings used at NPEC: mCherry -> F635; coumarin-related fluorescence -> F483; mTurquoise2 -> F513; GFP -> F513/F520; YFP emission near 596 nm is captured with the HADES F593 filter.,,scalar,lateral root fluorescence signal,,lateral root(s),PO:0020121,fluorescence signal,,RootCam fluorescence ROI quantification,"A RootCam fluorescence image is acquired using a user-selected FluorCam protocol and emission filter. The raw TAR contains the acquisition protocol, including excitation-channel percentages, filter selection, shutter time and sensitivity. FC_analysis.py extracts the archived .dumm image, horizontally flips it, and applies filter- and FC-unit-specific geometric alignment to the ROI masks generated from the corresponding backlit image. Mean or summed pixel intensity is then calculated within each ROI. ROI pixel counts are represented separately as channel-independent mask variables rather than duplicated by filter.",https://github.com/valerian-meline/HADES_FC; https://npec-nl.github.io/hades-research-resources,active,1.0.0,,
fluor.ChlF.lateral_root.mean,fluor.ChlF.lateral_root,fluorescence,fluorcam_single_channel_roi,Fluorescence mean in lateral root(s) (filter ChlF),a.u.,,float,plant_round,,,HADES:FLUOR:ChlF:LATERAL_ROOT:MEAN,fluorcam_single_channel,ChlF,"Per-acquisition FluorCam protocol from the raw acquisition TAR. The protocol may activate one or multiple excitation channels at user-defined percentages (Act1, Act2, Super, FAR, UV, RBLUE, BLUE, GREEN, AMBER, RED) and also records settings such as Filter, ShutterTime, and Sensitivity.",,assay-dependent,lateral_root,,FC2,Common assay mappings used at NPEC: mCherry -> F635; coumarin-related fluorescence -> F483; mTurquoise2 -> F513; GFP -> F513/F520; YFP emission near 596 nm is captured with the HADES F593 filter.,,scalar,lateral root fluorescence signal,,lateral root(s),PO:0020121,fluorescence signal,,RootCam fluorescence ROI quantification,"A RootCam fluorescence image is acquired using a user-selected FluorCam protocol and emission filter. The raw TAR contains the acquisition protocol, including excitation-channel percentages, filter selection, shutter time and sensitivity. FC_analysis.py extracts the archived .dumm image, horizontally flips it, and applies filter- and FC-unit-specific geometric alignment to the ROI masks generated from the corresponding backlit image. Mean or summed pixel intensity is then calculated within each ROI. ROI pixel counts are represented separately as channel-independent mask variables rather than duplicated by filter.",https://github.com/valerian-meline/HADES_FC; https://npec-nl.github.io/hades-research-resources,active,1.0.0,,
fluor.ChlF.lateral_root.sum,fluor.ChlF.lateral_root,fluorescence,fluorcam_single_channel_roi,Fluorescence sum in lateral root(s) (filter ChlF),a.u.,,float,plant_round,,,HADES:FLUOR:ChlF:LATERAL_ROOT:SUM,fluorcam_single_channel,ChlF,"Per-acquisition FluorCam protocol from the raw acquisition TAR. The protocol may activate one or multiple excitation channels at user-defined percentages (Act1, Act2, Super, FAR, UV, RBLUE, BLUE, GREEN, AMBER, RED) and also records settings such as Filter, ShutterTime, and Sensitivity.",,assay-dependent,lateral_root,,FC2,Common assay mappings used at NPEC: mCherry -> F635; coumarin-related fluorescence -> F483; mTurquoise2 -> F513; GFP -> F513/F520; YFP emission near 596 nm is captured with the HADES F593 filter.,,scalar,lateral root fluorescence signal,,lateral root(s),PO:0020121,fluorescence signal,,RootCam fluorescence ROI quantification,"A RootCam fluorescence image is acquired using a user-selected FluorCam protocol and emission filter. The raw TAR contains the acquisition protocol, including excitation-channel percentages, filter selection, shutter time and sensitivity. FC_analysis.py extracts the archived .dumm image, horizontally flips it, and applies filter- and FC-unit-specific geometric alignment to the ROI masks generated from the corresponding backlit image. Mean or summed pixel intensity is then calculated within each ROI. ROI pixel counts are represented separately as channel-independent mask variables rather than duplicated by filter.",https://github.com/valerian-meline/HADES_FC; https://npec-nl.github.io/hades-research-resources,active,1.0.0,,
fluor.glass.lateral_root.mean,fluor.glass.lateral_root,fluorescence,fluorcam_single_channel_roi,Fluorescence mean in lateral root(s) (filter glass),a.u.,,float,plant_round,,,HADES:FLUOR:glass:LATERAL_ROOT:MEAN,fluorcam_single_channel,glass,"Per-acquisition FluorCam protocol from the raw acquisition TAR. The protocol may activate one or multiple excitation channels at user-defined percentages (Act1, Act2, Super, FAR, UV, RBLUE, BLUE, GREEN, AMBER, RED) and also records settings such as Filter, ShutterTime, and Sensitivity.",,assay-dependent,lateral_root,,FC1|FC2,Common assay mappings used at NPEC: mCherry -> F635; coumarin-related fluorescence -> F483; mTurquoise2 -> F513; GFP -> F513/F520; YFP emission near 596 nm is captured with the HADES F593 filter.,,scalar,lateral root fluorescence signal,,lateral root(s),PO:0020121,fluorescence signal,,RootCam fluorescence ROI quantification,"A RootCam fluorescence image is acquired using a user-selected FluorCam protocol and emission filter. The raw TAR contains the acquisition protocol, including excitation-channel percentages, filter selection, shutter time and sensitivity. FC_analysis.py extracts the archived .dumm image, horizontally flips it, and applies filter- and FC-unit-specific geometric alignment to the ROI masks generated from the corresponding backlit image. Mean or summed pixel intensity is then calculated within each ROI. ROI pixel counts are represented separately as channel-independent mask variables rather than duplicated by filter.",https://github.com/valerian-meline/HADES_FC; https://npec-nl.github.io/hades-research-resources,active,1.0.0,,
fluor.glass.lateral_root.sum,fluor.glass.lateral_root,fluorescence,fluorcam_single_channel_roi,Fluorescence sum in lateral root(s) (filter glass),a.u.,,float,plant_round,,,HADES:FLUOR:glass:LATERAL_ROOT:SUM,fluorcam_single_channel,glass,"Per-acquisition FluorCam protocol from the raw acquisition TAR. The protocol may activate one or multiple excitation channels at user-defined percentages (Act1, Act2, Super, FAR, UV, RBLUE, BLUE, GREEN, AMBER, RED) and also records settings such as Filter, ShutterTime, and Sensitivity.",,assay-dependent,lateral_root,,FC1|FC2,Common assay mappings used at NPEC: mCherry -> F635; coumarin-related fluorescence -> F483; mTurquoise2 -> F513; GFP -> F513/F520; YFP emission near 596 nm is captured with the HADES F593 filter.,,scalar,lateral root fluorescence signal,,lateral root(s),PO:0020121,fluorescence signal,,RootCam fluorescence ROI quantification,"A RootCam fluorescence image is acquired using a user-selected FluorCam protocol and emission filter. The raw TAR contains the acquisition protocol, including excitation-channel percentages, filter selection, shutter time and sensitivity. FC_analysis.py extracts the archived .dumm image, horizontally flips it, and applies filter- and FC-unit-specific geometric alignment to the ROI masks generated from the corresponding backlit image. Mean or summed pixel intensity is then calculated within each ROI. ROI pixel counts are represented separately as channel-independent mask variables rather than duplicated by filter.",https://github.com/valerian-meline/HADES_FC; https://npec-nl.github.io/hades-research-resources,active,1.0.0,,
fluor.F448.main_root.mean,fluor.F448.main_root,fluorescence,fluorcam_single_channel_roi,Fluorescence mean in primary root (filter F448),a.u.,,float,plant_round,,,HADES:FLUOR:F448:MAIN_ROOT:MEAN,fluorcam_single_channel,F448,"Per-acquisition FluorCam protocol from the raw acquisition TAR. The protocol may activate one or multiple excitation channels at user-defined percentages (Act1, Act2, Super, FAR, UV, RBLUE, BLUE, GREEN, AMBER, RED) and also records settings such as Filter, ShutterTime, and Sensitivity.",,assay-dependent,main_root,,FC2,Common assay mappings used at NPEC: mCherry -> F635; coumarin-related fluorescence -> F483; mTurquoise2 -> F513; GFP -> F513/F520; YFP emission near 596 nm is captured with the HADES F593 filter.,,scalar,primary root fluorescence signal,,primary root,PO:0020127,fluorescence signal,,RootCam fluorescence ROI quantification,"A RootCam fluorescence image is acquired using a user-selected FluorCam protocol and emission filter. The raw TAR contains the acquisition protocol, including excitation-channel percentages, filter selection, shutter time and sensitivity. FC_analysis.py extracts the archived .dumm image, horizontally flips it, and applies filter- and FC-unit-specific geometric alignment to the ROI masks generated from the corresponding backlit image. Mean or summed pixel intensity is then calculated within each ROI. ROI pixel counts are represented separately as channel-independent mask variables rather than duplicated by filter.",https://github.com/valerian-meline/HADES_FC; https://npec-nl.github.io/hades-research-resources,active,1.0.0,,
fluor.F448.main_root.sum,fluor.F448.main_root,fluorescence,fluorcam_single_channel_roi,Fluorescence sum in primary root (filter F448),a.u.,,float,plant_round,,,HADES:FLUOR:F448:MAIN_ROOT:SUM,fluorcam_single_channel,F448,"Per-acquisition FluorCam protocol from the raw acquisition TAR. The protocol may activate one or multiple excitation channels at user-defined percentages (Act1, Act2, Super, FAR, UV, RBLUE, BLUE, GREEN, AMBER, RED) and also records settings such as Filter, ShutterTime, and Sensitivity.",,assay-dependent,main_root,,FC2,Common assay mappings used at NPEC: mCherry -> F635; coumarin-related fluorescence -> F483; mTurquoise2 -> F513; GFP -> F513/F520; YFP emission near 596 nm is captured with the HADES F593 filter.,,scalar,primary root fluorescence signal,,primary root,PO:0020127,fluorescence signal,,RootCam fluorescence ROI quantification,"A RootCam fluorescence image is acquired using a user-selected FluorCam protocol and emission filter. The raw TAR contains the acquisition protocol, including excitation-channel percentages, filter selection, shutter time and sensitivity. FC_analysis.py extracts the archived .dumm image, horizontally flips it, and applies filter- and FC-unit-specific geometric alignment to the ROI masks generated from the corresponding backlit image. Mean or summed pixel intensity is then calculated within each ROI. ROI pixel counts are represented separately as channel-independent mask variables rather than duplicated by filter.",https://github.com/valerian-meline/HADES_FC; https://npec-nl.github.io/hades-research-resources,active,1.0.0,,
fluor.F469.main_root.mean,fluor.F469.main_root,fluorescence,fluorcam_single_channel_roi,Fluorescence mean in primary root (filter F469),a.u.,,float,plant_round,,,HADES:FLUOR:F469:MAIN_ROOT:MEAN,fluorcam_single_channel,F469,"Per-acquisition FluorCam protocol from the raw acquisition TAR. The protocol may activate one or multiple excitation channels at user-defined percentages (Act1, Act2, Super, FAR, UV, RBLUE, BLUE, GREEN, AMBER, RED) and also records settings such as Filter, ShutterTime, and Sensitivity.",,assay-dependent,main_root,,FC1,Common assay mappings used at NPEC: mCherry -> F635; coumarin-related fluorescence -> F483; mTurquoise2 -> F513; GFP -> F513/F520; YFP emission near 596 nm is captured with the HADES F593 filter.,,scalar,primary root fluorescence signal,,primary root,PO:0020127,fluorescence signal,,RootCam fluorescence ROI quantification,"A RootCam fluorescence image is acquired using a user-selected FluorCam protocol and emission filter. The raw TAR contains the acquisition protocol, including excitation-channel percentages, filter selection, shutter time and sensitivity. FC_analysis.py extracts the archived .dumm image, horizontally flips it, and applies filter- and FC-unit-specific geometric alignment to the ROI masks generated from the corresponding backlit image. Mean or summed pixel intensity is then calculated within each ROI. ROI pixel counts are represented separately as channel-independent mask variables rather than duplicated by filter.",https://github.com/valerian-meline/HADES_FC; https://npec-nl.github.io/hades-research-resources,active,1.0.0,,
fluor.F469.main_root.sum,fluor.F469.main_root,fluorescence,fluorcam_single_channel_roi,Fluorescence sum in primary root (filter F469),a.u.,,float,plant_round,,,HADES:FLUOR:F469:MAIN_ROOT:SUM,fluorcam_single_channel,F469,"Per-acquisition FluorCam protocol from the raw acquisition TAR. The protocol may activate one or multiple excitation channels at user-defined percentages (Act1, Act2, Super, FAR, UV, RBLUE, BLUE, GREEN, AMBER, RED) and also records settings such as Filter, ShutterTime, and Sensitivity.",,assay-dependent,main_root,,FC1,Common assay mappings used at NPEC: mCherry -> F635; coumarin-related fluorescence -> F483; mTurquoise2 -> F513; GFP -> F513/F520; YFP emission near 596 nm is captured with the HADES F593 filter.,,scalar,primary root fluorescence signal,,primary root,PO:0020127,fluorescence signal,,RootCam fluorescence ROI quantification,"A RootCam fluorescence image is acquired using a user-selected FluorCam protocol and emission filter. The raw TAR contains the acquisition protocol, including excitation-channel percentages, filter selection, shutter time and sensitivity. FC_analysis.py extracts the archived .dumm image, horizontally flips it, and applies filter- and FC-unit-specific geometric alignment to the ROI masks generated from the corresponding backlit image. Mean or summed pixel intensity is then calculated within each ROI. ROI pixel counts are represented separately as channel-independent mask variables rather than duplicated by filter.",https://github.com/valerian-meline/HADES_FC; https://npec-nl.github.io/hades-research-resources,active,1.0.0,,
fluor.F483.main_root.mean,fluor.F483.main_root,fluorescence,fluorcam_single_channel_roi,Fluorescence mean in primary root (filter F483),a.u.,,float,plant_round,,,HADES:FLUOR:F483:MAIN_ROOT:MEAN,fluorcam_single_channel,F483,"Per-acquisition FluorCam protocol from the raw acquisition TAR. The protocol may activate one or multiple excitation channels at user-defined percentages (Act1, Act2, Super, FAR, UV, RBLUE, BLUE, GREEN, AMBER, RED) and also records settings such as Filter, ShutterTime, and Sensitivity.",,assay-dependent,main_root,,FC1,Common assay mappings used at NPEC: mCherry -> F635; coumarin-related fluorescence -> F483; mTurquoise2 -> F513; GFP -> F513/F520; YFP emission near 596 nm is captured with the HADES F593 filter.,,scalar,primary root fluorescence signal,,primary root,PO:0020127,fluorescence signal,,RootCam fluorescence ROI quantification,"A RootCam fluorescence image is acquired using a user-selected FluorCam protocol and emission filter. The raw TAR contains the acquisition protocol, including excitation-channel percentages, filter selection, shutter time and sensitivity. FC_analysis.py extracts the archived .dumm image, horizontally flips it, and applies filter- and FC-unit-specific geometric alignment to the ROI masks generated from the corresponding backlit image. Mean or summed pixel intensity is then calculated within each ROI. ROI pixel counts are represented separately as channel-independent mask variables rather than duplicated by filter.",https://github.com/valerian-meline/HADES_FC; https://npec-nl.github.io/hades-research-resources,active,1.0.0,,
fluor.F483.main_root.sum,fluor.F483.main_root,fluorescence,fluorcam_single_channel_roi,Fluorescence sum in primary root (filter F483),a.u.,,float,plant_round,,,HADES:FLUOR:F483:MAIN_ROOT:SUM,fluorcam_single_channel,F483,"Per-acquisition FluorCam protocol from the raw acquisition TAR. The protocol may activate one or multiple excitation channels at user-defined percentages (Act1, Act2, Super, FAR, UV, RBLUE, BLUE, GREEN, AMBER, RED) and also records settings such as Filter, ShutterTime, and Sensitivity.",,assay-dependent,main_root,,FC1,Common assay mappings used at NPEC: mCherry -> F635; coumarin-related fluorescence -> F483; mTurquoise2 -> F513; GFP -> F513/F520; YFP emission near 596 nm is captured with the HADES F593 filter.,,scalar,primary root fluorescence signal,,primary root,PO:0020127,fluorescence signal,,RootCam fluorescence ROI quantification,"A RootCam fluorescence image is acquired using a user-selected FluorCam protocol and emission filter. The raw TAR contains the acquisition protocol, including excitation-channel percentages, filter selection, shutter time and sensitivity. FC_analysis.py extracts the archived .dumm image, horizontally flips it, and applies filter- and FC-unit-specific geometric alignment to the ROI masks generated from the corresponding backlit image. Mean or summed pixel intensity is then calculated within each ROI. ROI pixel counts are represented separately as channel-independent mask variables rather than duplicated by filter.",https://github.com/valerian-meline/HADES_FC; https://npec-nl.github.io/hades-research-resources,active,1.0.0,,
fluor.F513.main_root.mean,fluor.F513.main_root,fluorescence,fluorcam_single_channel_roi,Fluorescence mean in primary root (filter F513),a.u.,,float,plant_round,,,HADES:FLUOR:F513:MAIN_ROOT:MEAN,fluorcam_single_channel,F513,"Per-acquisition FluorCam protocol from the raw acquisition TAR. The protocol may activate one or multiple excitation channels at user-defined percentages (Act1, Act2, Super, FAR, UV, RBLUE, BLUE, GREEN, AMBER, RED) and also records settings such as Filter, ShutterTime, and Sensitivity.",,assay-dependent,main_root,,FC1|FC2,Common assay mappings used at NPEC: mCherry -> F635; coumarin-related fluorescence -> F483; mTurquoise2 -> F513; GFP -> F513/F520; YFP emission near 596 nm is captured with the HADES F593 filter.,,scalar,primary root fluorescence signal,,primary root,PO:0020127,fluorescence signal,,RootCam fluorescence ROI quantification,"A RootCam fluorescence image is acquired using a user-selected FluorCam protocol and emission filter. The raw TAR contains the acquisition protocol, including excitation-channel percentages, filter selection, shutter time and sensitivity. FC_analysis.py extracts the archived .dumm image, horizontally flips it, and applies filter- and FC-unit-specific geometric alignment to the ROI masks generated from the corresponding backlit image. Mean or summed pixel intensity is then calculated within each ROI. ROI pixel counts are represented separately as channel-independent mask variables rather than duplicated by filter.",https://github.com/valerian-meline/HADES_FC; https://npec-nl.github.io/hades-research-resources,active,1.0.0,,
fluor.F513.main_root.sum,fluor.F513.main_root,fluorescence,fluorcam_single_channel_roi,Fluorescence sum in primary root (filter F513),a.u.,,float,plant_round,,,HADES:FLUOR:F513:MAIN_ROOT:SUM,fluorcam_single_channel,F513,"Per-acquisition FluorCam protocol from the raw acquisition TAR. The protocol may activate one or multiple excitation channels at user-defined percentages (Act1, Act2, Super, FAR, UV, RBLUE, BLUE, GREEN, AMBER, RED) and also records settings such as Filter, ShutterTime, and Sensitivity.",,assay-dependent,main_root,,FC1|FC2,Common assay mappings used at NPEC: mCherry -> F635; coumarin-related fluorescence -> F483; mTurquoise2 -> F513; GFP -> F513/F520; YFP emission near 596 nm is captured with the HADES F593 filter.,,scalar,primary root fluorescence signal,,primary root,PO:0020127,fluorescence signal,,RootCam fluorescence ROI quantification,"A RootCam fluorescence image is acquired using a user-selected FluorCam protocol and emission filter. The raw TAR contains the acquisition protocol, including excitation-channel percentages, filter selection, shutter time and sensitivity. FC_analysis.py extracts the archived .dumm image, horizontally flips it, and applies filter- and FC-unit-specific geometric alignment to the ROI masks generated from the corresponding backlit image. Mean or summed pixel intensity is then calculated within each ROI. ROI pixel counts are represented separately as channel-independent mask variables rather than duplicated by filter.",https://github.com/valerian-meline/HADES_FC; https://npec-nl.github.io/hades-research-resources,active,1.0.0,,
fluor.F520.main_root.mean,fluor.F520.main_root,fluorescence,fluorcam_single_channel_roi,Fluorescence mean in primary root (filter F520),a.u.,,float,plant_round,,,HADES:FLUOR:F520:MAIN_ROOT:MEAN,fluorcam_single_channel,F520,"Per-acquisition FluorCam protocol from the raw acquisition TAR. The protocol may activate one or multiple excitation channels at user-defined percentages (Act1, Act2, Super, FAR, UV, RBLUE, BLUE, GREEN, AMBER, RED) and also records settings such as Filter, ShutterTime, and Sensitivity.",,assay-dependent,main_root,,FC2,Common assay mappings used at NPEC: mCherry -> F635; coumarin-related fluorescence -> F483; mTurquoise2 -> F513; GFP -> F513/F520; YFP emission near 596 nm is captured with the HADES F593 filter.,,scalar,primary root fluorescence signal,,primary root,PO:0020127,fluorescence signal,,RootCam fluorescence ROI quantification,"A RootCam fluorescence image is acquired using a user-selected FluorCam protocol and emission filter. The raw TAR contains the acquisition protocol, including excitation-channel percentages, filter selection, shutter time and sensitivity. FC_analysis.py extracts the archived .dumm image, horizontally flips it, and applies filter- and FC-unit-specific geometric alignment to the ROI masks generated from the corresponding backlit image. Mean or summed pixel intensity is then calculated within each ROI. ROI pixel counts are represented separately as channel-independent mask variables rather than duplicated by filter.",https://github.com/valerian-meline/HADES_FC; https://npec-nl.github.io/hades-research-resources,active,1.0.0,,
fluor.F520.main_root.sum,fluor.F520.main_root,fluorescence,fluorcam_single_channel_roi,Fluorescence sum in primary root (filter F520),a.u.,,float,plant_round,,,HADES:FLUOR:F520:MAIN_ROOT:SUM,fluorcam_single_channel,F520,"Per-acquisition FluorCam protocol from the raw acquisition TAR. The protocol may activate one or multiple excitation channels at user-defined percentages (Act1, Act2, Super, FAR, UV, RBLUE, BLUE, GREEN, AMBER, RED) and also records settings such as Filter, ShutterTime, and Sensitivity.",,assay-dependent,main_root,,FC2,Common assay mappings used at NPEC: mCherry -> F635; coumarin-related fluorescence -> F483; mTurquoise2 -> F513; GFP -> F513/F520; YFP emission near 596 nm is captured with the HADES F593 filter.,,scalar,primary root fluorescence signal,,primary root,PO:0020127,fluorescence signal,,RootCam fluorescence ROI quantification,"A RootCam fluorescence image is acquired using a user-selected FluorCam protocol and emission filter. The raw TAR contains the acquisition protocol, including excitation-channel percentages, filter selection, shutter time and sensitivity. FC_analysis.py extracts the archived .dumm image, horizontally flips it, and applies filter- and FC-unit-specific geometric alignment to the ROI masks generated from the corresponding backlit image. Mean or summed pixel intensity is then calculated within each ROI. ROI pixel counts are represented separately as channel-independent mask variables rather than duplicated by filter.",https://github.com/valerian-meline/HADES_FC; https://npec-nl.github.io/hades-research-resources,active,1.0.0,,
fluor.F565.main_root.mean,fluor.F565.main_root,fluorescence,fluorcam_single_channel_roi,Fluorescence mean in primary root (filter F565),a.u.,,float,plant_round,,,HADES:FLUOR:F565:MAIN_ROOT:MEAN,fluorcam_single_channel,F565,"Per-acquisition FluorCam protocol from the raw acquisition TAR. The protocol may activate one or multiple excitation channels at user-defined percentages (Act1, Act2, Super, FAR, UV, RBLUE, BLUE, GREEN, AMBER, RED) and also records settings such as Filter, ShutterTime, and Sensitivity.",,assay-dependent,main_root,,FC1,Common assay mappings used at NPEC: mCherry -> F635; coumarin-related fluorescence -> F483; mTurquoise2 -> F513; GFP -> F513/F520; YFP emission near 596 nm is captured with the HADES F593 filter.,,scalar,primary root fluorescence signal,,primary root,PO:0020127,fluorescence signal,,RootCam fluorescence ROI quantification,"A RootCam fluorescence image is acquired using a user-selected FluorCam protocol and emission filter. The raw TAR contains the acquisition protocol, including excitation-channel percentages, filter selection, shutter time and sensitivity. FC_analysis.py extracts the archived .dumm image, horizontally flips it, and applies filter- and FC-unit-specific geometric alignment to the ROI masks generated from the corresponding backlit image. Mean or summed pixel intensity is then calculated within each ROI. ROI pixel counts are represented separately as channel-independent mask variables rather than duplicated by filter.",https://github.com/valerian-meline/HADES_FC; https://npec-nl.github.io/hades-research-resources,active,1.0.0,,
fluor.F565.main_root.sum,fluor.F565.main_root,fluorescence,fluorcam_single_channel_roi,Fluorescence sum in primary root (filter F565),a.u.,,float,plant_round,,,HADES:FLUOR:F565:MAIN_ROOT:SUM,fluorcam_single_channel,F565,"Per-acquisition FluorCam protocol from the raw acquisition TAR. The protocol may activate one or multiple excitation channels at user-defined percentages (Act1, Act2, Super, FAR, UV, RBLUE, BLUE, GREEN, AMBER, RED) and also records settings such as Filter, ShutterTime, and Sensitivity.",,assay-dependent,main_root,,FC1,Common assay mappings used at NPEC: mCherry -> F635; coumarin-related fluorescence -> F483; mTurquoise2 -> F513; GFP -> F513/F520; YFP emission near 596 nm is captured with the HADES F593 filter.,,scalar,primary root fluorescence signal,,primary root,PO:0020127,fluorescence signal,,RootCam fluorescence ROI quantification,"A RootCam fluorescence image is acquired using a user-selected FluorCam protocol and emission filter. The raw TAR contains the acquisition protocol, including excitation-channel percentages, filter selection, shutter time and sensitivity. FC_analysis.py extracts the archived .dumm image, horizontally flips it, and applies filter- and FC-unit-specific geometric alignment to the ROI masks generated from the corresponding backlit image. Mean or summed pixel intensity is then calculated within each ROI. ROI pixel counts are represented separately as channel-independent mask variables rather than duplicated by filter.",https://github.com/valerian-meline/HADES_FC; https://npec-nl.github.io/hades-research-resources,active,1.0.0,,
fluor.F586.main_root.mean,fluor.F586.main_root,fluorescence,fluorcam_single_channel_roi,Fluorescence mean in primary root (filter F586),a.u.,,float,plant_round,,,HADES:FLUOR:F586:MAIN_ROOT:MEAN,fluorcam_single_channel,F586,"Per-acquisition FluorCam protocol from the raw acquisition TAR. The protocol may activate one or multiple excitation channels at user-defined percentages (Act1, Act2, Super, FAR, UV, RBLUE, BLUE, GREEN, AMBER, RED) and also records settings such as Filter, ShutterTime, and Sensitivity.",,assay-dependent,main_root,,FC1,Common assay mappings used at NPEC: mCherry -> F635; coumarin-related fluorescence -> F483; mTurquoise2 -> F513; GFP -> F513/F520; YFP emission near 596 nm is captured with the HADES F593 filter.,,scalar,primary root fluorescence signal,,primary root,PO:0020127,fluorescence signal,,RootCam fluorescence ROI quantification,"A RootCam fluorescence image is acquired using a user-selected FluorCam protocol and emission filter. The raw TAR contains the acquisition protocol, including excitation-channel percentages, filter selection, shutter time and sensitivity. FC_analysis.py extracts the archived .dumm image, horizontally flips it, and applies filter- and FC-unit-specific geometric alignment to the ROI masks generated from the corresponding backlit image. Mean or summed pixel intensity is then calculated within each ROI. ROI pixel counts are represented separately as channel-independent mask variables rather than duplicated by filter.",https://github.com/valerian-meline/HADES_FC; https://npec-nl.github.io/hades-research-resources,active,1.0.0,,
fluor.F586.main_root.sum,fluor.F586.main_root,fluorescence,fluorcam_single_channel_roi,Fluorescence sum in primary root (filter F586),a.u.,,float,plant_round,,,HADES:FLUOR:F586:MAIN_ROOT:SUM,fluorcam_single_channel,F586,"Per-acquisition FluorCam protocol from the raw acquisition TAR. The protocol may activate one or multiple excitation channels at user-defined percentages (Act1, Act2, Super, FAR, UV, RBLUE, BLUE, GREEN, AMBER, RED) and also records settings such as Filter, ShutterTime, and Sensitivity.",,assay-dependent,main_root,,FC1,Common assay mappings used at NPEC: mCherry -> F635; coumarin-related fluorescence -> F483; mTurquoise2 -> F513; GFP -> F513/F520; YFP emission near 596 nm is captured with the HADES F593 filter.,,scalar,primary root fluorescence signal,,primary root,PO:0020127,fluorescence signal,,RootCam fluorescence ROI quantification,"A RootCam fluorescence image is acquired using a user-selected FluorCam protocol and emission filter. The raw TAR contains the acquisition protocol, including excitation-channel percentages, filter selection, shutter time and sensitivity. FC_analysis.py extracts the archived .dumm image, horizontally flips it, and applies filter- and FC-unit-specific geometric alignment to the ROI masks generated from the corresponding backlit image. Mean or summed pixel intensity is then calculated within each ROI. ROI pixel counts are represented separately as channel-independent mask variables rather than duplicated by filter.",https://github.com/valerian-meline/HADES_FC; https://npec-nl.github.io/hades-research-resources,active,1.0.0,,
fluor.F593.main_root.mean,fluor.F593.main_root,fluorescence,fluorcam_single_channel_roi,Fluorescence mean in primary root (filter F593),a.u.,,float,plant_round,,,HADES:FLUOR:F593:MAIN_ROOT:MEAN,fluorcam_single_channel,F593,"Per-acquisition FluorCam protocol from the raw acquisition TAR. The protocol may activate one or multiple excitation channels at user-defined percentages (Act1, Act2, Super, FAR, UV, RBLUE, BLUE, GREEN, AMBER, RED) and also records settings such as Filter, ShutterTime, and Sensitivity.",,assay-dependent,main_root,,FC1|FC2,Common assay mappings used at NPEC: mCherry -> F635; coumarin-related fluorescence -> F483; mTurquoise2 -> F513; GFP -> F513/F520; YFP emission near 596 nm is captured with the HADES F593 filter.,,scalar,primary root fluorescence signal,,primary root,PO:0020127,fluorescence signal,,RootCam fluorescence ROI quantification,"A RootCam fluorescence image is acquired using a user-selected FluorCam protocol and emission filter. The raw TAR contains the acquisition protocol, including excitation-channel percentages, filter selection, shutter time and sensitivity. FC_analysis.py extracts the archived .dumm image, horizontally flips it, and applies filter- and FC-unit-specific geometric alignment to the ROI masks generated from the corresponding backlit image. Mean or summed pixel intensity is then calculated within each ROI. ROI pixel counts are represented separately as channel-independent mask variables rather than duplicated by filter.",https://github.com/valerian-meline/HADES_FC; https://npec-nl.github.io/hades-research-resources,active,1.0.0,,
fluor.F593.main_root.sum,fluor.F593.main_root,fluorescence,fluorcam_single_channel_roi,Fluorescence sum in primary root (filter F593),a.u.,,float,plant_round,,,HADES:FLUOR:F593:MAIN_ROOT:SUM,fluorcam_single_channel,F593,"Per-acquisition FluorCam protocol from the raw acquisition TAR. The protocol may activate one or multiple excitation channels at user-defined percentages (Act1, Act2, Super, FAR, UV, RBLUE, BLUE, GREEN, AMBER, RED) and also records settings such as Filter, ShutterTime, and Sensitivity.",,assay-dependent,main_root,,FC1|FC2,Common assay mappings used at NPEC: mCherry -> F635; coumarin-related fluorescence -> F483; mTurquoise2 -> F513; GFP -> F513/F520; YFP emission near 596 nm is captured with the HADES F593 filter.,,scalar,primary root fluorescence signal,,primary root,PO:0020127,fluorescence signal,,RootCam fluorescence ROI quantification,"A RootCam fluorescence image is acquired using a user-selected FluorCam protocol and emission filter. The raw TAR contains the acquisition protocol, including excitation-channel percentages, filter selection, shutter time and sensitivity. FC_analysis.py extracts the archived .dumm image, horizontally flips it, and applies filter- and FC-unit-specific geometric alignment to the ROI masks generated from the corresponding backlit image. Mean or summed pixel intensity is then calculated within each ROI. ROI pixel counts are represented separately as channel-independent mask variables rather than duplicated by filter.",https://github.com/valerian-meline/HADES_FC; https://npec-nl.github.io/hades-research-resources,active,1.0.0,,
fluor.F635.main_root.mean,fluor.F635.main_root,fluorescence,fluorcam_single_channel_roi,Fluorescence mean in primary root (filter F635),a.u.,,float,plant_round,,,HADES:FLUOR:F635:MAIN_ROOT:MEAN,fluorcam_single_channel,F635,"Per-acquisition FluorCam protocol from the raw acquisition TAR. The protocol may activate one or multiple excitation channels at user-defined percentages (Act1, Act2, Super, FAR, UV, RBLUE, BLUE, GREEN, AMBER, RED) and also records settings such as Filter, ShutterTime, and Sensitivity.",,assay-dependent,main_root,,FC2,Common assay mappings used at NPEC: mCherry -> F635; coumarin-related fluorescence -> F483; mTurquoise2 -> F513; GFP -> F513/F520; YFP emission near 596 nm is captured with the HADES F593 filter.,,scalar,primary root fluorescence signal,,primary root,PO:0020127,fluorescence signal,,RootCam fluorescence ROI quantification,"A RootCam fluorescence image is acquired using a user-selected FluorCam protocol and emission filter. The raw TAR contains the acquisition protocol, including excitation-channel percentages, filter selection, shutter time and sensitivity. FC_analysis.py extracts the archived .dumm image, horizontally flips it, and applies filter- and FC-unit-specific geometric alignment to the ROI masks generated from the corresponding backlit image. Mean or summed pixel intensity is then calculated within each ROI. ROI pixel counts are represented separately as channel-independent mask variables rather than duplicated by filter.",https://github.com/valerian-meline/HADES_FC; https://npec-nl.github.io/hades-research-resources,active,1.0.0,,
fluor.F635.main_root.sum,fluor.F635.main_root,fluorescence,fluorcam_single_channel_roi,Fluorescence sum in primary root (filter F635),a.u.,,float,plant_round,,,HADES:FLUOR:F635:MAIN_ROOT:SUM,fluorcam_single_channel,F635,"Per-acquisition FluorCam protocol from the raw acquisition TAR. The protocol may activate one or multiple excitation channels at user-defined percentages (Act1, Act2, Super, FAR, UV, RBLUE, BLUE, GREEN, AMBER, RED) and also records settings such as Filter, ShutterTime, and Sensitivity.",,assay-dependent,main_root,,FC2,Common assay mappings used at NPEC: mCherry -> F635; coumarin-related fluorescence -> F483; mTurquoise2 -> F513; GFP -> F513/F520; YFP emission near 596 nm is captured with the HADES F593 filter.,,scalar,primary root fluorescence signal,,primary root,PO:0020127,fluorescence signal,,RootCam fluorescence ROI quantification,"A RootCam fluorescence image is acquired using a user-selected FluorCam protocol and emission filter. The raw TAR contains the acquisition protocol, including excitation-channel percentages, filter selection, shutter time and sensitivity. FC_analysis.py extracts the archived .dumm image, horizontally flips it, and applies filter- and FC-unit-specific geometric alignment to the ROI masks generated from the corresponding backlit image. Mean or summed pixel intensity is then calculated within each ROI. ROI pixel counts are represented separately as channel-independent mask variables rather than duplicated by filter.",https://github.com/valerian-meline/HADES_FC; https://npec-nl.github.io/hades-research-resources,active,1.0.0,,
fluor.ChlF.main_root.mean,fluor.ChlF.main_root,fluorescence,fluorcam_single_channel_roi,Fluorescence mean in primary root (filter ChlF),a.u.,,float,plant_round,,,HADES:FLUOR:ChlF:MAIN_ROOT:MEAN,fluorcam_single_channel,ChlF,"Per-acquisition FluorCam protocol from the raw acquisition TAR. The protocol may activate one or multiple excitation channels at user-defined percentages (Act1, Act2, Super, FAR, UV, RBLUE, BLUE, GREEN, AMBER, RED) and also records settings such as Filter, ShutterTime, and Sensitivity.",,assay-dependent,main_root,,FC2,Common assay mappings used at NPEC: mCherry -> F635; coumarin-related fluorescence -> F483; mTurquoise2 -> F513; GFP -> F513/F520; YFP emission near 596 nm is captured with the HADES F593 filter.,,scalar,primary root fluorescence signal,,primary root,PO:0020127,fluorescence signal,,RootCam fluorescence ROI quantification,"A RootCam fluorescence image is acquired using a user-selected FluorCam protocol and emission filter. The raw TAR contains the acquisition protocol, including excitation-channel percentages, filter selection, shutter time and sensitivity. FC_analysis.py extracts the archived .dumm image, horizontally flips it, and applies filter- and FC-unit-specific geometric alignment to the ROI masks generated from the corresponding backlit image. Mean or summed pixel intensity is then calculated within each ROI. ROI pixel counts are represented separately as channel-independent mask variables rather than duplicated by filter.",https://github.com/valerian-meline/HADES_FC; https://npec-nl.github.io/hades-research-resources,active,1.0.0,,
fluor.ChlF.main_root.sum,fluor.ChlF.main_root,fluorescence,fluorcam_single_channel_roi,Fluorescence sum in primary root (filter ChlF),a.u.,,float,plant_round,,,HADES:FLUOR:ChlF:MAIN_ROOT:SUM,fluorcam_single_channel,ChlF,"Per-acquisition FluorCam protocol from the raw acquisition TAR. The protocol may activate one or multiple excitation channels at user-defined percentages (Act1, Act2, Super, FAR, UV, RBLUE, BLUE, GREEN, AMBER, RED) and also records settings such as Filter, ShutterTime, and Sensitivity.",,assay-dependent,main_root,,FC2,Common assay mappings used at NPEC: mCherry -> F635; coumarin-related fluorescence -> F483; mTurquoise2 -> F513; GFP -> F513/F520; YFP emission near 596 nm is captured with the HADES F593 filter.,,scalar,primary root fluorescence signal,,primary root,PO:0020127,fluorescence signal,,RootCam fluorescence ROI quantification,"A RootCam fluorescence image is acquired using a user-selected FluorCam protocol and emission filter. The raw TAR contains the acquisition protocol, including excitation-channel percentages, filter selection, shutter time and sensitivity. FC_analysis.py extracts the archived .dumm image, horizontally flips it, and applies filter- and FC-unit-specific geometric alignment to the ROI masks generated from the corresponding backlit image. Mean or summed pixel intensity is then calculated within each ROI. ROI pixel counts are represented separately as channel-independent mask variables rather than duplicated by filter.",https://github.com/valerian-meline/HADES_FC; https://npec-nl.github.io/hades-research-resources,active,1.0.0,,
fluor.glass.main_root.mean,fluor.glass.main_root,fluorescence,fluorcam_single_channel_roi,Fluorescence mean in primary root (filter glass),a.u.,,float,plant_round,,,HADES:FLUOR:glass:MAIN_ROOT:MEAN,fluorcam_single_channel,glass,"Per-acquisition FluorCam protocol from the raw acquisition TAR. The protocol may activate one or multiple excitation channels at user-defined percentages (Act1, Act2, Super, FAR, UV, RBLUE, BLUE, GREEN, AMBER, RED) and also records settings such as Filter, ShutterTime, and Sensitivity.",,assay-dependent,main_root,,FC1|FC2,Common assay mappings used at NPEC: mCherry -> F635; coumarin-related fluorescence -> F483; mTurquoise2 -> F513; GFP -> F513/F520; YFP emission near 596 nm is captured with the HADES F593 filter.,,scalar,primary root fluorescence signal,,primary root,PO:0020127,fluorescence signal,,RootCam fluorescence ROI quantification,"A RootCam fluorescence image is acquired using a user-selected FluorCam protocol and emission filter. The raw TAR contains the acquisition protocol, including excitation-channel percentages, filter selection, shutter time and sensitivity. FC_analysis.py extracts the archived .dumm image, horizontally flips it, and applies filter- and FC-unit-specific geometric alignment to the ROI masks generated from the corresponding backlit image. Mean or summed pixel intensity is then calculated within each ROI. ROI pixel counts are represented separately as channel-independent mask variables rather than duplicated by filter.",https://github.com/valerian-meline/HADES_FC; https://npec-nl.github.io/hades-research-resources,active,1.0.0,,
fluor.glass.main_root.sum,fluor.glass.main_root,fluorescence,fluorcam_single_channel_roi,Fluorescence sum in primary root (filter glass),a.u.,,float,plant_round,,,HADES:FLUOR:glass:MAIN_ROOT:SUM,fluorcam_single_channel,glass,"Per-acquisition FluorCam protocol from the raw acquisition TAR. The protocol may activate one or multiple excitation channels at user-defined percentages (Act1, Act2, Super, FAR, UV, RBLUE, BLUE, GREEN, AMBER, RED) and also records settings such as Filter, ShutterTime, and Sensitivity.",,assay-dependent,main_root,,FC1|FC2,Common assay mappings used at NPEC: mCherry -> F635; coumarin-related fluorescence -> F483; mTurquoise2 -> F513; GFP -> F513/F520; YFP emission near 596 nm is captured with the HADES F593 filter.,,scalar,primary root fluorescence signal,,primary root,PO:0020127,fluorescence signal,,RootCam fluorescence ROI quantification,"A RootCam fluorescence image is acquired using a user-selected FluorCam protocol and emission filter. The raw TAR contains the acquisition protocol, including excitation-channel percentages, filter selection, shutter time and sensitivity. FC_analysis.py extracts the archived .dumm image, horizontally flips it, and applies filter- and FC-unit-specific geometric alignment to the ROI masks generated from the corresponding backlit image. Mean or summed pixel intensity is then calculated within each ROI. ROI pixel counts are represented separately as channel-independent mask variables rather than duplicated by filter.",https://github.com/valerian-meline/HADES_FC; https://npec-nl.github.io/hades-research-resources,active,1.0.0,,
fluor.F448.main_root_tip.mean,fluor.F448.main_root_tip,fluorescence,fluorcam_single_channel_roi,Fluorescence mean in main root tip region (filter F448),a.u.,,float,plant_round,,,HADES:FLUOR:F448:MAIN_ROOT_TIP:MEAN,fluorcam_single_channel,F448,"Per-acquisition FluorCam protocol from the raw acquisition TAR. The protocol may activate one or multiple excitation channels at user-defined percentages (Act1, Act2, Super, FAR, UV, RBLUE, BLUE, GREEN, AMBER, RED) and also records settings such as Filter, ShutterTime, and Sensitivity.",,assay-dependent,main_root_tip,,FC2,Common assay mappings used at NPEC: mCherry -> F635; coumarin-related fluorescence -> F483; mTurquoise2 -> F513; GFP -> F513/F520; YFP emission near 596 nm is captured with the HADES F593 filter.,,scalar,main root tip fluorescence signal,,main root tip region,,fluorescence signal,,RootCam fluorescence ROI quantification,"A RootCam fluorescence image is acquired using a user-selected FluorCam protocol and emission filter. The raw TAR contains the acquisition protocol, including excitation-channel percentages, filter selection, shutter time and sensitivity. FC_analysis.py extracts the archived .dumm image, horizontally flips it, and applies filter- and FC-unit-specific geometric alignment to the ROI masks generated from the corresponding backlit image. Mean or summed pixel intensity is then calculated within each ROI. ROI pixel counts are represented separately as channel-independent mask variables rather than duplicated by filter.",https://github.com/valerian-meline/HADES_FC; https://npec-nl.github.io/hades-research-resources,active,1.0.0,,
fluor.F448.main_root_tip.sum,fluor.F448.main_root_tip,fluorescence,fluorcam_single_channel_roi,Fluorescence sum in main root tip region (filter F448),a.u.,,float,plant_round,,,HADES:FLUOR:F448:MAIN_ROOT_TIP:SUM,fluorcam_single_channel,F448,"Per-acquisition FluorCam protocol from the raw acquisition TAR. The protocol may activate one or multiple excitation channels at user-defined percentages (Act1, Act2, Super, FAR, UV, RBLUE, BLUE, GREEN, AMBER, RED) and also records settings such as Filter, ShutterTime, and Sensitivity.",,assay-dependent,main_root_tip,,FC2,Common assay mappings used at NPEC: mCherry -> F635; coumarin-related fluorescence -> F483; mTurquoise2 -> F513; GFP -> F513/F520; YFP emission near 596 nm is captured with the HADES F593 filter.,,scalar,main root tip fluorescence signal,,main root tip region,,fluorescence signal,,RootCam fluorescence ROI quantification,"A RootCam fluorescence image is acquired using a user-selected FluorCam protocol and emission filter. The raw TAR contains the acquisition protocol, including excitation-channel percentages, filter selection, shutter time and sensitivity. FC_analysis.py extracts the archived .dumm image, horizontally flips it, and applies filter- and FC-unit-specific geometric alignment to the ROI masks generated from the corresponding backlit image. Mean or summed pixel intensity is then calculated within each ROI. ROI pixel counts are represented separately as channel-independent mask variables rather than duplicated by filter.",https://github.com/valerian-meline/HADES_FC; https://npec-nl.github.io/hades-research-resources,active,1.0.0,,
fluor.F469.main_root_tip.mean,fluor.F469.main_root_tip,fluorescence,fluorcam_single_channel_roi,Fluorescence mean in main root tip region (filter F469),a.u.,,float,plant_round,,,HADES:FLUOR:F469:MAIN_ROOT_TIP:MEAN,fluorcam_single_channel,F469,"Per-acquisition FluorCam protocol from the raw acquisition TAR. The protocol may activate one or multiple excitation channels at user-defined percentages (Act1, Act2, Super, FAR, UV, RBLUE, BLUE, GREEN, AMBER, RED) and also records settings such as Filter, ShutterTime, and Sensitivity.",,assay-dependent,main_root_tip,,FC1,Common assay mappings used at NPEC: mCherry -> F635; coumarin-related fluorescence -> F483; mTurquoise2 -> F513; GFP -> F513/F520; YFP emission near 596 nm is captured with the HADES F593 filter.,,scalar,main root tip fluorescence signal,,main root tip region,,fluorescence signal,,RootCam fluorescence ROI quantification,"A RootCam fluorescence image is acquired using a user-selected FluorCam protocol and emission filter. The raw TAR contains the acquisition protocol, including excitation-channel percentages, filter selection, shutter time and sensitivity. FC_analysis.py extracts the archived .dumm image, horizontally flips it, and applies filter- and FC-unit-specific geometric alignment to the ROI masks generated from the corresponding backlit image. Mean or summed pixel intensity is then calculated within each ROI. ROI pixel counts are represented separately as channel-independent mask variables rather than duplicated by filter.",https://github.com/valerian-meline/HADES_FC; https://npec-nl.github.io/hades-research-resources,active,1.0.0,,
fluor.F469.main_root_tip.sum,fluor.F469.main_root_tip,fluorescence,fluorcam_single_channel_roi,Fluorescence sum in main root tip region (filter F469),a.u.,,float,plant_round,,,HADES:FLUOR:F469:MAIN_ROOT_TIP:SUM,fluorcam_single_channel,F469,"Per-acquisition FluorCam protocol from the raw acquisition TAR. The protocol may activate one or multiple excitation channels at user-defined percentages (Act1, Act2, Super, FAR, UV, RBLUE, BLUE, GREEN, AMBER, RED) and also records settings such as Filter, ShutterTime, and Sensitivity.",,assay-dependent,main_root_tip,,FC1,Common assay mappings used at NPEC: mCherry -> F635; coumarin-related fluorescence -> F483; mTurquoise2 -> F513; GFP -> F513/F520; YFP emission near 596 nm is captured with the HADES F593 filter.,,scalar,main root tip fluorescence signal,,main root tip region,,fluorescence signal,,RootCam fluorescence ROI quantification,"A RootCam fluorescence image is acquired using a user-selected FluorCam protocol and emission filter. The raw TAR contains the acquisition protocol, including excitation-channel percentages, filter selection, shutter time and sensitivity. FC_analysis.py extracts the archived .dumm image, horizontally flips it, and applies filter- and FC-unit-specific geometric alignment to the ROI masks generated from the corresponding backlit image. Mean or summed pixel intensity is then calculated within each ROI. ROI pixel counts are represented separately as channel-independent mask variables rather than duplicated by filter.",https://github.com/valerian-meline/HADES_FC; https://npec-nl.github.io/hades-research-resources,active,1.0.0,,
fluor.F483.main_root_tip.mean,fluor.F483.main_root_tip,fluorescence,fluorcam_single_channel_roi,Fluorescence mean in main root tip region (filter F483),a.u.,,float,plant_round,,,HADES:FLUOR:F483:MAIN_ROOT_TIP:MEAN,fluorcam_single_channel,F483,"Per-acquisition FluorCam protocol from the raw acquisition TAR. The protocol may activate one or multiple excitation channels at user-defined percentages (Act1, Act2, Super, FAR, UV, RBLUE, BLUE, GREEN, AMBER, RED) and also records settings such as Filter, ShutterTime, and Sensitivity.",,assay-dependent,main_root_tip,,FC1,Common assay mappings used at NPEC: mCherry -> F635; coumarin-related fluorescence -> F483; mTurquoise2 -> F513; GFP -> F513/F520; YFP emission near 596 nm is captured with the HADES F593 filter.,,scalar,main root tip fluorescence signal,,main root tip region,,fluorescence signal,,RootCam fluorescence ROI quantification,"A RootCam fluorescence image is acquired using a user-selected FluorCam protocol and emission filter. The raw TAR contains the acquisition protocol, including excitation-channel percentages, filter selection, shutter time and sensitivity. FC_analysis.py extracts the archived .dumm image, horizontally flips it, and applies filter- and FC-unit-specific geometric alignment to the ROI masks generated from the corresponding backlit image. Mean or summed pixel intensity is then calculated within each ROI. ROI pixel counts are represented separately as channel-independent mask variables rather than duplicated by filter.",https://github.com/valerian-meline/HADES_FC; https://npec-nl.github.io/hades-research-resources,active,1.0.0,,
fluor.F483.main_root_tip.sum,fluor.F483.main_root_tip,fluorescence,fluorcam_single_channel_roi,Fluorescence sum in main root tip region (filter F483),a.u.,,float,plant_round,,,HADES:FLUOR:F483:MAIN_ROOT_TIP:SUM,fluorcam_single_channel,F483,"Per-acquisition FluorCam protocol from the raw acquisition TAR. The protocol may activate one or multiple excitation channels at user-defined percentages (Act1, Act2, Super, FAR, UV, RBLUE, BLUE, GREEN, AMBER, RED) and also records settings such as Filter, ShutterTime, and Sensitivity.",,assay-dependent,main_root_tip,,FC1,Common assay mappings used at NPEC: mCherry -> F635; coumarin-related fluorescence -> F483; mTurquoise2 -> F513; GFP -> F513/F520; YFP emission near 596 nm is captured with the HADES F593 filter.,,scalar,main root tip fluorescence signal,,main root tip region,,fluorescence signal,,RootCam fluorescence ROI quantification,"A RootCam fluorescence image is acquired using a user-selected FluorCam protocol and emission filter. The raw TAR contains the acquisition protocol, including excitation-channel percentages, filter selection, shutter time and sensitivity. FC_analysis.py extracts the archived .dumm image, horizontally flips it, and applies filter- and FC-unit-specific geometric alignment to the ROI masks generated from the corresponding backlit image. Mean or summed pixel intensity is then calculated within each ROI. ROI pixel counts are represented separately as channel-independent mask variables rather than duplicated by filter.",https://github.com/valerian-meline/HADES_FC; https://npec-nl.github.io/hades-research-resources,active,1.0.0,,
fluor.F513.main_root_tip.mean,fluor.F513.main_root_tip,fluorescence,fluorcam_single_channel_roi,Fluorescence mean in main root tip region (filter F513),a.u.,,float,plant_round,,,HADES:FLUOR:F513:MAIN_ROOT_TIP:MEAN,fluorcam_single_channel,F513,"Per-acquisition FluorCam protocol from the raw acquisition TAR. The protocol may activate one or multiple excitation channels at user-defined percentages (Act1, Act2, Super, FAR, UV, RBLUE, BLUE, GREEN, AMBER, RED) and also records settings such as Filter, ShutterTime, and Sensitivity.",,assay-dependent,main_root_tip,,FC1|FC2,Common assay mappings used at NPEC: mCherry -> F635; coumarin-related fluorescence -> F483; mTurquoise2 -> F513; GFP -> F513/F520; YFP emission near 596 nm is captured with the HADES F593 filter.,,scalar,main root tip fluorescence signal,,main root tip region,,fluorescence signal,,RootCam fluorescence ROI quantification,"A RootCam fluorescence image is acquired using a user-selected FluorCam protocol and emission filter. The raw TAR contains the acquisition protocol, including excitation-channel percentages, filter selection, shutter time and sensitivity. FC_analysis.py extracts the archived .dumm image, horizontally flips it, and applies filter- and FC-unit-specific geometric alignment to the ROI masks generated from the corresponding backlit image. Mean or summed pixel intensity is then calculated within each ROI. ROI pixel counts are represented separately as channel-independent mask variables rather than duplicated by filter.",https://github.com/valerian-meline/HADES_FC; https://npec-nl.github.io/hades-research-resources,active,1.0.0,,
fluor.F513.main_root_tip.sum,fluor.F513.main_root_tip,fluorescence,fluorcam_single_channel_roi,Fluorescence sum in main root tip region (filter F513),a.u.,,float,plant_round,,,HADES:FLUOR:F513:MAIN_ROOT_TIP:SUM,fluorcam_single_channel,F513,"Per-acquisition FluorCam protocol from the raw acquisition TAR. The protocol may activate one or multiple excitation channels at user-defined percentages (Act1, Act2, Super, FAR, UV, RBLUE, BLUE, GREEN, AMBER, RED) and also records settings such as Filter, ShutterTime, and Sensitivity.",,assay-dependent,main_root_tip,,FC1|FC2,Common assay mappings used at NPEC: mCherry -> F635; coumarin-related fluorescence -> F483; mTurquoise2 -> F513; GFP -> F513/F520; YFP emission near 596 nm is captured with the HADES F593 filter.,,scalar,main root tip fluorescence signal,,main root tip region,,fluorescence signal,,RootCam fluorescence ROI quantification,"A RootCam fluorescence image is acquired using a user-selected FluorCam protocol and emission filter. The raw TAR contains the acquisition protocol, including excitation-channel percentages, filter selection, shutter time and sensitivity. FC_analysis.py extracts the archived .dumm image, horizontally flips it, and applies filter- and FC-unit-specific geometric alignment to the ROI masks generated from the corresponding backlit image. Mean or summed pixel intensity is then calculated within each ROI. ROI pixel counts are represented separately as channel-independent mask variables rather than duplicated by filter.",https://github.com/valerian-meline/HADES_FC; https://npec-nl.github.io/hades-research-resources,active,1.0.0,,
fluor.F520.main_root_tip.mean,fluor.F520.main_root_tip,fluorescence,fluorcam_single_channel_roi,Fluorescence mean in main root tip region (filter F520),a.u.,,float,plant_round,,,HADES:FLUOR:F520:MAIN_ROOT_TIP:MEAN,fluorcam_single_channel,F520,"Per-acquisition FluorCam protocol from the raw acquisition TAR. The protocol may activate one or multiple excitation channels at user-defined percentages (Act1, Act2, Super, FAR, UV, RBLUE, BLUE, GREEN, AMBER, RED) and also records settings such as Filter, ShutterTime, and Sensitivity.",,assay-dependent,main_root_tip,,FC2,Common assay mappings used at NPEC: mCherry -> F635; coumarin-related fluorescence -> F483; mTurquoise2 -> F513; GFP -> F513/F520; YFP emission near 596 nm is captured with the HADES F593 filter.,,scalar,main root tip fluorescence signal,,main root tip region,,fluorescence signal,,RootCam fluorescence ROI quantification,"A RootCam fluorescence image is acquired using a user-selected FluorCam protocol and emission filter. The raw TAR contains the acquisition protocol, including excitation-channel percentages, filter selection, shutter time and sensitivity. FC_analysis.py extracts the archived .dumm image, horizontally flips it, and applies filter- and FC-unit-specific geometric alignment to the ROI masks generated from the corresponding backlit image. Mean or summed pixel intensity is then calculated within each ROI. ROI pixel counts are represented separately as channel-independent mask variables rather than duplicated by filter.",https://github.com/valerian-meline/HADES_FC; https://npec-nl.github.io/hades-research-resources,active,1.0.0,,
fluor.F520.main_root_tip.sum,fluor.F520.main_root_tip,fluorescence,fluorcam_single_channel_roi,Fluorescence sum in main root tip region (filter F520),a.u.,,float,plant_round,,,HADES:FLUOR:F520:MAIN_ROOT_TIP:SUM,fluorcam_single_channel,F520,"Per-acquisition FluorCam protocol from the raw acquisition TAR. The protocol may activate one or multiple excitation channels at user-defined percentages (Act1, Act2, Super, FAR, UV, RBLUE, BLUE, GREEN, AMBER, RED) and also records settings such as Filter, ShutterTime, and Sensitivity.",,assay-dependent,main_root_tip,,FC2,Common assay mappings used at NPEC: mCherry -> F635; coumarin-related fluorescence -> F483; mTurquoise2 -> F513; GFP -> F513/F520; YFP emission near 596 nm is captured with the HADES F593 filter.,,scalar,main root tip fluorescence signal,,main root tip region,,fluorescence signal,,RootCam fluorescence ROI quantification,"A RootCam fluorescence image is acquired using a user-selected FluorCam protocol and emission filter. The raw TAR contains the acquisition protocol, including excitation-channel percentages, filter selection, shutter time and sensitivity. FC_analysis.py extracts the archived .dumm image, horizontally flips it, and applies filter- and FC-unit-specific geometric alignment to the ROI masks generated from the corresponding backlit image. Mean or summed pixel intensity is then calculated within each ROI. ROI pixel counts are represented separately as channel-independent mask variables rather than duplicated by filter.",https://github.com/valerian-meline/HADES_FC; https://npec-nl.github.io/hades-research-resources,active,1.0.0,,
fluor.F565.main_root_tip.mean,fluor.F565.main_root_tip,fluorescence,fluorcam_single_channel_roi,Fluorescence mean in main root tip region (filter F565),a.u.,,float,plant_round,,,HADES:FLUOR:F565:MAIN_ROOT_TIP:MEAN,fluorcam_single_channel,F565,"Per-acquisition FluorCam protocol from the raw acquisition TAR. The protocol may activate one or multiple excitation channels at user-defined percentages (Act1, Act2, Super, FAR, UV, RBLUE, BLUE, GREEN, AMBER, RED) and also records settings such as Filter, ShutterTime, and Sensitivity.",,assay-dependent,main_root_tip,,FC1,Common assay mappings used at NPEC: mCherry -> F635; coumarin-related fluorescence -> F483; mTurquoise2 -> F513; GFP -> F513/F520; YFP emission near 596 nm is captured with the HADES F593 filter.,,scalar,main root tip fluorescence signal,,main root tip region,,fluorescence signal,,RootCam fluorescence ROI quantification,"A RootCam fluorescence image is acquired using a user-selected FluorCam protocol and emission filter. The raw TAR contains the acquisition protocol, including excitation-channel percentages, filter selection, shutter time and sensitivity. FC_analysis.py extracts the archived .dumm image, horizontally flips it, and applies filter- and FC-unit-specific geometric alignment to the ROI masks generated from the corresponding backlit image. Mean or summed pixel intensity is then calculated within each ROI. ROI pixel counts are represented separately as channel-independent mask variables rather than duplicated by filter.",https://github.com/valerian-meline/HADES_FC; https://npec-nl.github.io/hades-research-resources,active,1.0.0,,
fluor.F565.main_root_tip.sum,fluor.F565.main_root_tip,fluorescence,fluorcam_single_channel_roi,Fluorescence sum in main root tip region (filter F565),a.u.,,float,plant_round,,,HADES:FLUOR:F565:MAIN_ROOT_TIP:SUM,fluorcam_single_channel,F565,"Per-acquisition FluorCam protocol from the raw acquisition TAR. The protocol may activate one or multiple excitation channels at user-defined percentages (Act1, Act2, Super, FAR, UV, RBLUE, BLUE, GREEN, AMBER, RED) and also records settings such as Filter, ShutterTime, and Sensitivity.",,assay-dependent,main_root_tip,,FC1,Common assay mappings used at NPEC: mCherry -> F635; coumarin-related fluorescence -> F483; mTurquoise2 -> F513; GFP -> F513/F520; YFP emission near 596 nm is captured with the HADES F593 filter.,,scalar,main root tip fluorescence signal,,main root tip region,,fluorescence signal,,RootCam fluorescence ROI quantification,"A RootCam fluorescence image is acquired using a user-selected FluorCam protocol and emission filter. The raw TAR contains the acquisition protocol, including excitation-channel percentages, filter selection, shutter time and sensitivity. FC_analysis.py extracts the archived .dumm image, horizontally flips it, and applies filter- and FC-unit-specific geometric alignment to the ROI masks generated from the corresponding backlit image. Mean or summed pixel intensity is then calculated within each ROI. ROI pixel counts are represented separately as channel-independent mask variables rather than duplicated by filter.",https://github.com/valerian-meline/HADES_FC; https://npec-nl.github.io/hades-research-resources,active,1.0.0,,
fluor.F586.main_root_tip.mean,fluor.F586.main_root_tip,fluorescence,fluorcam_single_channel_roi,Fluorescence mean in main root tip region (filter F586),a.u.,,float,plant_round,,,HADES:FLUOR:F586:MAIN_ROOT_TIP:MEAN,fluorcam_single_channel,F586,"Per-acquisition FluorCam protocol from the raw acquisition TAR. The protocol may activate one or multiple excitation channels at user-defined percentages (Act1, Act2, Super, FAR, UV, RBLUE, BLUE, GREEN, AMBER, RED) and also records settings such as Filter, ShutterTime, and Sensitivity.",,assay-dependent,main_root_tip,,FC1,Common assay mappings used at NPEC: mCherry -> F635; coumarin-related fluorescence -> F483; mTurquoise2 -> F513; GFP -> F513/F520; YFP emission near 596 nm is captured with the HADES F593 filter.,,scalar,main root tip fluorescence signal,,main root tip region,,fluorescence signal,,RootCam fluorescence ROI quantification,"A RootCam fluorescence image is acquired using a user-selected FluorCam protocol and emission filter. The raw TAR contains the acquisition protocol, including excitation-channel percentages, filter selection, shutter time and sensitivity. FC_analysis.py extracts the archived .dumm image, horizontally flips it, and applies filter- and FC-unit-specific geometric alignment to the ROI masks generated from the corresponding backlit image. Mean or summed pixel intensity is then calculated within each ROI. ROI pixel counts are represented separately as channel-independent mask variables rather than duplicated by filter.",https://github.com/valerian-meline/HADES_FC; https://npec-nl.github.io/hades-research-resources,active,1.0.0,,
fluor.F586.main_root_tip.sum,fluor.F586.main_root_tip,fluorescence,fluorcam_single_channel_roi,Fluorescence sum in main root tip region (filter F586),a.u.,,float,plant_round,,,HADES:FLUOR:F586:MAIN_ROOT_TIP:SUM,fluorcam_single_channel,F586,"Per-acquisition FluorCam protocol from the raw acquisition TAR. The protocol may activate one or multiple excitation channels at user-defined percentages (Act1, Act2, Super, FAR, UV, RBLUE, BLUE, GREEN, AMBER, RED) and also records settings such as Filter, ShutterTime, and Sensitivity.",,assay-dependent,main_root_tip,,FC1,Common assay mappings used at NPEC: mCherry -> F635; coumarin-related fluorescence -> F483; mTurquoise2 -> F513; GFP -> F513/F520; YFP emission near 596 nm is captured with the HADES F593 filter.,,scalar,main root tip fluorescence signal,,main root tip region,,fluorescence signal,,RootCam fluorescence ROI quantification,"A RootCam fluorescence image is acquired using a user-selected FluorCam protocol and emission filter. The raw TAR contains the acquisition protocol, including excitation-channel percentages, filter selection, shutter time and sensitivity. FC_analysis.py extracts the archived .dumm image, horizontally flips it, and applies filter- and FC-unit-specific geometric alignment to the ROI masks generated from the corresponding backlit image. Mean or summed pixel intensity is then calculated within each ROI. ROI pixel counts are represented separately as channel-independent mask variables rather than duplicated by filter.",https://github.com/valerian-meline/HADES_FC; https://npec-nl.github.io/hades-research-resources,active,1.0.0,,
fluor.F593.main_root_tip.mean,fluor.F593.main_root_tip,fluorescence,fluorcam_single_channel_roi,Fluorescence mean in main root tip region (filter F593),a.u.,,float,plant_round,,,HADES:FLUOR:F593:MAIN_ROOT_TIP:MEAN,fluorcam_single_channel,F593,"Per-acquisition FluorCam protocol from the raw acquisition TAR. The protocol may activate one or multiple excitation channels at user-defined percentages (Act1, Act2, Super, FAR, UV, RBLUE, BLUE, GREEN, AMBER, RED) and also records settings such as Filter, ShutterTime, and Sensitivity.",,assay-dependent,main_root_tip,,FC1|FC2,Common assay mappings used at NPEC: mCherry -> F635; coumarin-related fluorescence -> F483; mTurquoise2 -> F513; GFP -> F513/F520; YFP emission near 596 nm is captured with the HADES F593 filter.,,scalar,main root tip fluorescence signal,,main root tip region,,fluorescence signal,,RootCam fluorescence ROI quantification,"A RootCam fluorescence image is acquired using a user-selected FluorCam protocol and emission filter. The raw TAR contains the acquisition protocol, including excitation-channel percentages, filter selection, shutter time and sensitivity. FC_analysis.py extracts the archived .dumm image, horizontally flips it, and applies filter- and FC-unit-specific geometric alignment to the ROI masks generated from the corresponding backlit image. Mean or summed pixel intensity is then calculated within each ROI. ROI pixel counts are represented separately as channel-independent mask variables rather than duplicated by filter.",https://github.com/valerian-meline/HADES_FC; https://npec-nl.github.io/hades-research-resources,active,1.0.0,,
fluor.F593.main_root_tip.sum,fluor.F593.main_root_tip,fluorescence,fluorcam_single_channel_roi,Fluorescence sum in main root tip region (filter F593),a.u.,,float,plant_round,,,HADES:FLUOR:F593:MAIN_ROOT_TIP:SUM,fluorcam_single_channel,F593,"Per-acquisition FluorCam protocol from the raw acquisition TAR. The protocol may activate one or multiple excitation channels at user-defined percentages (Act1, Act2, Super, FAR, UV, RBLUE, BLUE, GREEN, AMBER, RED) and also records settings such as Filter, ShutterTime, and Sensitivity.",,assay-dependent,main_root_tip,,FC1|FC2,Common assay mappings used at NPEC: mCherry -> F635; coumarin-related fluorescence -> F483; mTurquoise2 -> F513; GFP -> F513/F520; YFP emission near 596 nm is captured with the HADES F593 filter.,,scalar,main root tip fluorescence signal,,main root tip region,,fluorescence signal,,RootCam fluorescence ROI quantification,"A RootCam fluorescence image is acquired using a user-selected FluorCam protocol and emission filter. The raw TAR contains the acquisition protocol, including excitation-channel percentages, filter selection, shutter time and sensitivity. FC_analysis.py extracts the archived .dumm image, horizontally flips it, and applies filter- and FC-unit-specific geometric alignment to the ROI masks generated from the corresponding backlit image. Mean or summed pixel intensity is then calculated within each ROI. ROI pixel counts are represented separately as channel-independent mask variables rather than duplicated by filter.",https://github.com/valerian-meline/HADES_FC; https://npec-nl.github.io/hades-research-resources,active,1.0.0,,
fluor.F635.main_root_tip.mean,fluor.F635.main_root_tip,fluorescence,fluorcam_single_channel_roi,Fluorescence mean in main root tip region (filter F635),a.u.,,float,plant_round,,,HADES:FLUOR:F635:MAIN_ROOT_TIP:MEAN,fluorcam_single_channel,F635,"Per-acquisition FluorCam protocol from the raw acquisition TAR. The protocol may activate one or multiple excitation channels at user-defined percentages (Act1, Act2, Super, FAR, UV, RBLUE, BLUE, GREEN, AMBER, RED) and also records settings such as Filter, ShutterTime, and Sensitivity.",,assay-dependent,main_root_tip,,FC2,Common assay mappings used at NPEC: mCherry -> F635; coumarin-related fluorescence -> F483; mTurquoise2 -> F513; GFP -> F513/F520; YFP emission near 596 nm is captured with the HADES F593 filter.,,scalar,main root tip fluorescence signal,,main root tip region,,fluorescence signal,,RootCam fluorescence ROI quantification,"A RootCam fluorescence image is acquired using a user-selected FluorCam protocol and emission filter. The raw TAR contains the acquisition protocol, including excitation-channel percentages, filter selection, shutter time and sensitivity. FC_analysis.py extracts the archived .dumm image, horizontally flips it, and applies filter- and FC-unit-specific geometric alignment to the ROI masks generated from the corresponding backlit image. Mean or summed pixel intensity is then calculated within each ROI. ROI pixel counts are represented separately as channel-independent mask variables rather than duplicated by filter.",https://github.com/valerian-meline/HADES_FC; https://npec-nl.github.io/hades-research-resources,active,1.0.0,,
fluor.F635.main_root_tip.sum,fluor.F635.main_root_tip,fluorescence,fluorcam_single_channel_roi,Fluorescence sum in main root tip region (filter F635),a.u.,,float,plant_round,,,HADES:FLUOR:F635:MAIN_ROOT_TIP:SUM,fluorcam_single_channel,F635,"Per-acquisition FluorCam protocol from the raw acquisition TAR. The protocol may activate one or multiple excitation channels at user-defined percentages (Act1, Act2, Super, FAR, UV, RBLUE, BLUE, GREEN, AMBER, RED) and also records settings such as Filter, ShutterTime, and Sensitivity.",,assay-dependent,main_root_tip,,FC2,Common assay mappings used at NPEC: mCherry -> F635; coumarin-related fluorescence -> F483; mTurquoise2 -> F513; GFP -> F513/F520; YFP emission near 596 nm is captured with the HADES F593 filter.,,scalar,main root tip fluorescence signal,,main root tip region,,fluorescence signal,,RootCam fluorescence ROI quantification,"A RootCam fluorescence image is acquired using a user-selected FluorCam protocol and emission filter. The raw TAR contains the acquisition protocol, including excitation-channel percentages, filter selection, shutter time and sensitivity. FC_analysis.py extracts the archived .dumm image, horizontally flips it, and applies filter- and FC-unit-specific geometric alignment to the ROI masks generated from the corresponding backlit image. Mean or summed pixel intensity is then calculated within each ROI. ROI pixel counts are represented separately as channel-independent mask variables rather than duplicated by filter.",https://github.com/valerian-meline/HADES_FC; https://npec-nl.github.io/hades-research-resources,active,1.0.0,,
fluor.ChlF.main_root_tip.mean,fluor.ChlF.main_root_tip,fluorescence,fluorcam_single_channel_roi,Fluorescence mean in main root tip region (filter ChlF),a.u.,,float,plant_round,,,HADES:FLUOR:ChlF:MAIN_ROOT_TIP:MEAN,fluorcam_single_channel,ChlF,"Per-acquisition FluorCam protocol from the raw acquisition TAR. The protocol may activate one or multiple excitation channels at user-defined percentages (Act1, Act2, Super, FAR, UV, RBLUE, BLUE, GREEN, AMBER, RED) and also records settings such as Filter, ShutterTime, and Sensitivity.",,assay-dependent,main_root_tip,,FC2,Common assay mappings used at NPEC: mCherry -> F635; coumarin-related fluorescence -> F483; mTurquoise2 -> F513; GFP -> F513/F520; YFP emission near 596 nm is captured with the HADES F593 filter.,,scalar,main root tip fluorescence signal,,main root tip region,,fluorescence signal,,RootCam fluorescence ROI quantification,"A RootCam fluorescence image is acquired using a user-selected FluorCam protocol and emission filter. The raw TAR contains the acquisition protocol, including excitation-channel percentages, filter selection, shutter time and sensitivity. FC_analysis.py extracts the archived .dumm image, horizontally flips it, and applies filter- and FC-unit-specific geometric alignment to the ROI masks generated from the corresponding backlit image. Mean or summed pixel intensity is then calculated within each ROI. ROI pixel counts are represented separately as channel-independent mask variables rather than duplicated by filter.",https://github.com/valerian-meline/HADES_FC; https://npec-nl.github.io/hades-research-resources,active,1.0.0,,
fluor.ChlF.main_root_tip.sum,fluor.ChlF.main_root_tip,fluorescence,fluorcam_single_channel_roi,Fluorescence sum in main root tip region (filter ChlF),a.u.,,float,plant_round,,,HADES:FLUOR:ChlF:MAIN_ROOT_TIP:SUM,fluorcam_single_channel,ChlF,"Per-acquisition FluorCam protocol from the raw acquisition TAR. The protocol may activate one or multiple excitation channels at user-defined percentages (Act1, Act2, Super, FAR, UV, RBLUE, BLUE, GREEN, AMBER, RED) and also records settings such as Filter, ShutterTime, and Sensitivity.",,assay-dependent,main_root_tip,,FC2,Common assay mappings used at NPEC: mCherry -> F635; coumarin-related fluorescence -> F483; mTurquoise2 -> F513; GFP -> F513/F520; YFP emission near 596 nm is captured with the HADES F593 filter.,,scalar,main root tip fluorescence signal,,main root tip region,,fluorescence signal,,RootCam fluorescence ROI quantification,"A RootCam fluorescence image is acquired using a user-selected FluorCam protocol and emission filter. The raw TAR contains the acquisition protocol, including excitation-channel percentages, filter selection, shutter time and sensitivity. FC_analysis.py extracts the archived .dumm image, horizontally flips it, and applies filter- and FC-unit-specific geometric alignment to the ROI masks generated from the corresponding backlit image. Mean or summed pixel intensity is then calculated within each ROI. ROI pixel counts are represented separately as channel-independent mask variables rather than duplicated by filter.",https://github.com/valerian-meline/HADES_FC; https://npec-nl.github.io/hades-research-resources,active,1.0.0,,
fluor.glass.main_root_tip.mean,fluor.glass.main_root_tip,fluorescence,fluorcam_single_channel_roi,Fluorescence mean in main root tip region (filter glass),a.u.,,float,plant_round,,,HADES:FLUOR:glass:MAIN_ROOT_TIP:MEAN,fluorcam_single_channel,glass,"Per-acquisition FluorCam protocol from the raw acquisition TAR. The protocol may activate one or multiple excitation channels at user-defined percentages (Act1, Act2, Super, FAR, UV, RBLUE, BLUE, GREEN, AMBER, RED) and also records settings such as Filter, ShutterTime, and Sensitivity.",,assay-dependent,main_root_tip,,FC1|FC2,Common assay mappings used at NPEC: mCherry -> F635; coumarin-related fluorescence -> F483; mTurquoise2 -> F513; GFP -> F513/F520; YFP emission near 596 nm is captured with the HADES F593 filter.,,scalar,main root tip fluorescence signal,,main root tip region,,fluorescence signal,,RootCam fluorescence ROI quantification,"A RootCam fluorescence image is acquired using a user-selected FluorCam protocol and emission filter. The raw TAR contains the acquisition protocol, including excitation-channel percentages, filter selection, shutter time and sensitivity. FC_analysis.py extracts the archived .dumm image, horizontally flips it, and applies filter- and FC-unit-specific geometric alignment to the ROI masks generated from the corresponding backlit image. Mean or summed pixel intensity is then calculated within each ROI. ROI pixel counts are represented separately as channel-independent mask variables rather than duplicated by filter.",https://github.com/valerian-meline/HADES_FC; https://npec-nl.github.io/hades-research-resources,active,1.0.0,,
fluor.glass.main_root_tip.sum,fluor.glass.main_root_tip,fluorescence,fluorcam_single_channel_roi,Fluorescence sum in main root tip region (filter glass),a.u.,,float,plant_round,,,HADES:FLUOR:glass:MAIN_ROOT_TIP:SUM,fluorcam_single_channel,glass,"Per-acquisition FluorCam protocol from the raw acquisition TAR. The protocol may activate one or multiple excitation channels at user-defined percentages (Act1, Act2, Super, FAR, UV, RBLUE, BLUE, GREEN, AMBER, RED) and also records settings such as Filter, ShutterTime, and Sensitivity.",,assay-dependent,main_root_tip,,FC1|FC2,Common assay mappings used at NPEC: mCherry -> F635; coumarin-related fluorescence -> F483; mTurquoise2 -> F513; GFP -> F513/F520; YFP emission near 596 nm is captured with the HADES F593 filter.,,scalar,main root tip fluorescence signal,,main root tip region,,fluorescence signal,,RootCam fluorescence ROI quantification,"A RootCam fluorescence image is acquired using a user-selected FluorCam protocol and emission filter. The raw TAR contains the acquisition protocol, including excitation-channel percentages, filter selection, shutter time and sensitivity. FC_analysis.py extracts the archived .dumm image, horizontally flips it, and applies filter- and FC-unit-specific geometric alignment to the ROI masks generated from the corresponding backlit image. Mean or summed pixel intensity is then calculated within each ROI. ROI pixel counts are represented separately as channel-independent mask variables rather than duplicated by filter.",https://github.com/valerian-meline/HADES_FC; https://npec-nl.github.io/hades-research-resources,active,1.0.0,,
fluor.F448.node.mean,fluor.F448.node,fluorescence,fluorcam_single_channel_roi,Fluorescence mean in root node region (filter F448),a.u.,,float,plant_round,,,HADES:FLUOR:F448:NODE:MEAN,fluorcam_single_channel,F448,"Per-acquisition FluorCam protocol from the raw acquisition TAR. The protocol may activate one or multiple excitation channels at user-defined percentages (Act1, Act2, Super, FAR, UV, RBLUE, BLUE, GREEN, AMBER, RED) and also records settings such as Filter, ShutterTime, and Sensitivity.",,assay-dependent,node,,FC2,Common assay mappings used at NPEC: mCherry -> F635; coumarin-related fluorescence -> F483; mTurquoise2 -> F513; GFP -> F513/F520; YFP emission near 596 nm is captured with the HADES F593 filter.,,scalar,root node fluorescence signal,,root node region,,fluorescence signal,,RootCam fluorescence ROI quantification,"A RootCam fluorescence image is acquired using a user-selected FluorCam protocol and emission filter. The raw TAR contains the acquisition protocol, including excitation-channel percentages, filter selection, shutter time and sensitivity. FC_analysis.py extracts the archived .dumm image, horizontally flips it, and applies filter- and FC-unit-specific geometric alignment to the ROI masks generated from the corresponding backlit image. Mean or summed pixel intensity is then calculated within each ROI. ROI pixel counts are represented separately as channel-independent mask variables rather than duplicated by filter.",https://github.com/valerian-meline/HADES_FC; https://npec-nl.github.io/hades-research-resources,active,1.0.0,,
fluor.F448.node.sum,fluor.F448.node,fluorescence,fluorcam_single_channel_roi,Fluorescence sum in root node region (filter F448),a.u.,,float,plant_round,,,HADES:FLUOR:F448:NODE:SUM,fluorcam_single_channel,F448,"Per-acquisition FluorCam protocol from the raw acquisition TAR. The protocol may activate one or multiple excitation channels at user-defined percentages (Act1, Act2, Super, FAR, UV, RBLUE, BLUE, GREEN, AMBER, RED) and also records settings such as Filter, ShutterTime, and Sensitivity.",,assay-dependent,node,,FC2,Common assay mappings used at NPEC: mCherry -> F635; coumarin-related fluorescence -> F483; mTurquoise2 -> F513; GFP -> F513/F520; YFP emission near 596 nm is captured with the HADES F593 filter.,,scalar,root node fluorescence signal,,root node region,,fluorescence signal,,RootCam fluorescence ROI quantification,"A RootCam fluorescence image is acquired using a user-selected FluorCam protocol and emission filter. The raw TAR contains the acquisition protocol, including excitation-channel percentages, filter selection, shutter time and sensitivity. FC_analysis.py extracts the archived .dumm image, horizontally flips it, and applies filter- and FC-unit-specific geometric alignment to the ROI masks generated from the corresponding backlit image. Mean or summed pixel intensity is then calculated within each ROI. ROI pixel counts are represented separately as channel-independent mask variables rather than duplicated by filter.",https://github.com/valerian-meline/HADES_FC; https://npec-nl.github.io/hades-research-resources,active,1.0.0,,
fluor.F469.node.mean,fluor.F469.node,fluorescence,fluorcam_single_channel_roi,Fluorescence mean in root node region (filter F469),a.u.,,float,plant_round,,,HADES:FLUOR:F469:NODE:MEAN,fluorcam_single_channel,F469,"Per-acquisition FluorCam protocol from the raw acquisition TAR. The protocol may activate one or multiple excitation channels at user-defined percentages (Act1, Act2, Super, FAR, UV, RBLUE, BLUE, GREEN, AMBER, RED) and also records settings such as Filter, ShutterTime, and Sensitivity.",,assay-dependent,node,,FC1,Common assay mappings used at NPEC: mCherry -> F635; coumarin-related fluorescence -> F483; mTurquoise2 -> F513; GFP -> F513/F520; YFP emission near 596 nm is captured with the HADES F593 filter.,,scalar,root node fluorescence signal,,root node region,,fluorescence signal,,RootCam fluorescence ROI quantification,"A RootCam fluorescence image is acquired using a user-selected FluorCam protocol and emission filter. The raw TAR contains the acquisition protocol, including excitation-channel percentages, filter selection, shutter time and sensitivity. FC_analysis.py extracts the archived .dumm image, horizontally flips it, and applies filter- and FC-unit-specific geometric alignment to the ROI masks generated from the corresponding backlit image. Mean or summed pixel intensity is then calculated within each ROI. ROI pixel counts are represented separately as channel-independent mask variables rather than duplicated by filter.",https://github.com/valerian-meline/HADES_FC; https://npec-nl.github.io/hades-research-resources,active,1.0.0,,
fluor.F469.node.sum,fluor.F469.node,fluorescence,fluorcam_single_channel_roi,Fluorescence sum in root node region (filter F469),a.u.,,float,plant_round,,,HADES:FLUOR:F469:NODE:SUM,fluorcam_single_channel,F469,"Per-acquisition FluorCam protocol from the raw acquisition TAR. The protocol may activate one or multiple excitation channels at user-defined percentages (Act1, Act2, Super, FAR, UV, RBLUE, BLUE, GREEN, AMBER, RED) and also records settings such as Filter, ShutterTime, and Sensitivity.",,assay-dependent,node,,FC1,Common assay mappings used at NPEC: mCherry -> F635; coumarin-related fluorescence -> F483; mTurquoise2 -> F513; GFP -> F513/F520; YFP emission near 596 nm is captured with the HADES F593 filter.,,scalar,root node fluorescence signal,,root node region,,fluorescence signal,,RootCam fluorescence ROI quantification,"A RootCam fluorescence image is acquired using a user-selected FluorCam protocol and emission filter. The raw TAR contains the acquisition protocol, including excitation-channel percentages, filter selection, shutter time and sensitivity. FC_analysis.py extracts the archived .dumm image, horizontally flips it, and applies filter- and FC-unit-specific geometric alignment to the ROI masks generated from the corresponding backlit image. Mean or summed pixel intensity is then calculated within each ROI. ROI pixel counts are represented separately as channel-independent mask variables rather than duplicated by filter.",https://github.com/valerian-meline/HADES_FC; https://npec-nl.github.io/hades-research-resources,active,1.0.0,,
fluor.F483.node.mean,fluor.F483.node,fluorescence,fluorcam_single_channel_roi,Fluorescence mean in root node region (filter F483),a.u.,,float,plant_round,,,HADES:FLUOR:F483:NODE:MEAN,fluorcam_single_channel,F483,"Per-acquisition FluorCam protocol from the raw acquisition TAR. The protocol may activate one or multiple excitation channels at user-defined percentages (Act1, Act2, Super, FAR, UV, RBLUE, BLUE, GREEN, AMBER, RED) and also records settings such as Filter, ShutterTime, and Sensitivity.",,assay-dependent,node,,FC1,Common assay mappings used at NPEC: mCherry -> F635; coumarin-related fluorescence -> F483; mTurquoise2 -> F513; GFP -> F513/F520; YFP emission near 596 nm is captured with the HADES F593 filter.,,scalar,root node fluorescence signal,,root node region,,fluorescence signal,,RootCam fluorescence ROI quantification,"A RootCam fluorescence image is acquired using a user-selected FluorCam protocol and emission filter. The raw TAR contains the acquisition protocol, including excitation-channel percentages, filter selection, shutter time and sensitivity. FC_analysis.py extracts the archived .dumm image, horizontally flips it, and applies filter- and FC-unit-specific geometric alignment to the ROI masks generated from the corresponding backlit image. Mean or summed pixel intensity is then calculated within each ROI. ROI pixel counts are represented separately as channel-independent mask variables rather than duplicated by filter.",https://github.com/valerian-meline/HADES_FC; https://npec-nl.github.io/hades-research-resources,active,1.0.0,,
fluor.F483.node.sum,fluor.F483.node,fluorescence,fluorcam_single_channel_roi,Fluorescence sum in root node region (filter F483),a.u.,,float,plant_round,,,HADES:FLUOR:F483:NODE:SUM,fluorcam_single_channel,F483,"Per-acquisition FluorCam protocol from the raw acquisition TAR. The protocol may activate one or multiple excitation channels at user-defined percentages (Act1, Act2, Super, FAR, UV, RBLUE, BLUE, GREEN, AMBER, RED) and also records settings such as Filter, ShutterTime, and Sensitivity.",,assay-dependent,node,,FC1,Common assay mappings used at NPEC: mCherry -> F635; coumarin-related fluorescence -> F483; mTurquoise2 -> F513; GFP -> F513/F520; YFP emission near 596 nm is captured with the HADES F593 filter.,,scalar,root node fluorescence signal,,root node region,,fluorescence signal,,RootCam fluorescence ROI quantification,"A RootCam fluorescence image is acquired using a user-selected FluorCam protocol and emission filter. The raw TAR contains the acquisition protocol, including excitation-channel percentages, filter selection, shutter time and sensitivity. FC_analysis.py extracts the archived .dumm image, horizontally flips it, and applies filter- and FC-unit-specific geometric alignment to the ROI masks generated from the corresponding backlit image. Mean or summed pixel intensity is then calculated within each ROI. ROI pixel counts are represented separately as channel-independent mask variables rather than duplicated by filter.",https://github.com/valerian-meline/HADES_FC; https://npec-nl.github.io/hades-research-resources,active,1.0.0,,
fluor.F513.node.mean,fluor.F513.node,fluorescence,fluorcam_single_channel_roi,Fluorescence mean in root node region (filter F513),a.u.,,float,plant_round,,,HADES:FLUOR:F513:NODE:MEAN,fluorcam_single_channel,F513,"Per-acquisition FluorCam protocol from the raw acquisition TAR. The protocol may activate one or multiple excitation channels at user-defined percentages (Act1, Act2, Super, FAR, UV, RBLUE, BLUE, GREEN, AMBER, RED) and also records settings such as Filter, ShutterTime, and Sensitivity.",,assay-dependent,node,,FC1|FC2,Common assay mappings used at NPEC: mCherry -> F635; coumarin-related fluorescence -> F483; mTurquoise2 -> F513; GFP -> F513/F520; YFP emission near 596 nm is captured with the HADES F593 filter.,,scalar,root node fluorescence signal,,root node region,,fluorescence signal,,RootCam fluorescence ROI quantification,"A RootCam fluorescence image is acquired using a user-selected FluorCam protocol and emission filter. The raw TAR contains the acquisition protocol, including excitation-channel percentages, filter selection, shutter time and sensitivity. FC_analysis.py extracts the archived .dumm image, horizontally flips it, and applies filter- and FC-unit-specific geometric alignment to the ROI masks generated from the corresponding backlit image. Mean or summed pixel intensity is then calculated within each ROI. ROI pixel counts are represented separately as channel-independent mask variables rather than duplicated by filter.",https://github.com/valerian-meline/HADES_FC; https://npec-nl.github.io/hades-research-resources,active,1.0.0,,
fluor.F513.node.sum,fluor.F513.node,fluorescence,fluorcam_single_channel_roi,Fluorescence sum in root node region (filter F513),a.u.,,float,plant_round,,,HADES:FLUOR:F513:NODE:SUM,fluorcam_single_channel,F513,"Per-acquisition FluorCam protocol from the raw acquisition TAR. The protocol may activate one or multiple excitation channels at user-defined percentages (Act1, Act2, Super, FAR, UV, RBLUE, BLUE, GREEN, AMBER, RED) and also records settings such as Filter, ShutterTime, and Sensitivity.",,assay-dependent,node,,FC1|FC2,Common assay mappings used at NPEC: mCherry -> F635; coumarin-related fluorescence -> F483; mTurquoise2 -> F513; GFP -> F513/F520; YFP emission near 596 nm is captured with the HADES F593 filter.,,scalar,root node fluorescence signal,,root node region,,fluorescence signal,,RootCam fluorescence ROI quantification,"A RootCam fluorescence image is acquired using a user-selected FluorCam protocol and emission filter. The raw TAR contains the acquisition protocol, including excitation-channel percentages, filter selection, shutter time and sensitivity. FC_analysis.py extracts the archived .dumm image, horizontally flips it, and applies filter- and FC-unit-specific geometric alignment to the ROI masks generated from the corresponding backlit image. Mean or summed pixel intensity is then calculated within each ROI. ROI pixel counts are represented separately as channel-independent mask variables rather than duplicated by filter.",https://github.com/valerian-meline/HADES_FC; https://npec-nl.github.io/hades-research-resources,active,1.0.0,,
fluor.F520.node.mean,fluor.F520.node,fluorescence,fluorcam_single_channel_roi,Fluorescence mean in root node region (filter F520),a.u.,,float,plant_round,,,HADES:FLUOR:F520:NODE:MEAN,fluorcam_single_channel,F520,"Per-acquisition FluorCam protocol from the raw acquisition TAR. The protocol may activate one or multiple excitation channels at user-defined percentages (Act1, Act2, Super, FAR, UV, RBLUE, BLUE, GREEN, AMBER, RED) and also records settings such as Filter, ShutterTime, and Sensitivity.",,assay-dependent,node,,FC2,Common assay mappings used at NPEC: mCherry -> F635; coumarin-related fluorescence -> F483; mTurquoise2 -> F513; GFP -> F513/F520; YFP emission near 596 nm is captured with the HADES F593 filter.,,scalar,root node fluorescence signal,,root node region,,fluorescence signal,,RootCam fluorescence ROI quantification,"A RootCam fluorescence image is acquired using a user-selected FluorCam protocol and emission filter. The raw TAR contains the acquisition protocol, including excitation-channel percentages, filter selection, shutter time and sensitivity. FC_analysis.py extracts the archived .dumm image, horizontally flips it, and applies filter- and FC-unit-specific geometric alignment to the ROI masks generated from the corresponding backlit image. Mean or summed pixel intensity is then calculated within each ROI. ROI pixel counts are represented separately as channel-independent mask variables rather than duplicated by filter.",https://github.com/valerian-meline/HADES_FC; https://npec-nl.github.io/hades-research-resources,active,1.0.0,,
fluor.F520.node.sum,fluor.F520.node,fluorescence,fluorcam_single_channel_roi,Fluorescence sum in root node region (filter F520),a.u.,,float,plant_round,,,HADES:FLUOR:F520:NODE:SUM,fluorcam_single_channel,F520,"Per-acquisition FluorCam protocol from the raw acquisition TAR. The protocol may activate one or multiple excitation channels at user-defined percentages (Act1, Act2, Super, FAR, UV, RBLUE, BLUE, GREEN, AMBER, RED) and also records settings such as Filter, ShutterTime, and Sensitivity.",,assay-dependent,node,,FC2,Common assay mappings used at NPEC: mCherry -> F635; coumarin-related fluorescence -> F483; mTurquoise2 -> F513; GFP -> F513/F520; YFP emission near 596 nm is captured with the HADES F593 filter.,,scalar,root node fluorescence signal,,root node region,,fluorescence signal,,RootCam fluorescence ROI quantification,"A RootCam fluorescence image is acquired using a user-selected FluorCam protocol and emission filter. The raw TAR contains the acquisition protocol, including excitation-channel percentages, filter selection, shutter time and sensitivity. FC_analysis.py extracts the archived .dumm image, horizontally flips it, and applies filter- and FC-unit-specific geometric alignment to the ROI masks generated from the corresponding backlit image. Mean or summed pixel intensity is then calculated within each ROI. ROI pixel counts are represented separately as channel-independent mask variables rather than duplicated by filter.",https://github.com/valerian-meline/HADES_FC; https://npec-nl.github.io/hades-research-resources,active,1.0.0,,
fluor.F565.node.mean,fluor.F565.node,fluorescence,fluorcam_single_channel_roi,Fluorescence mean in root node region (filter F565),a.u.,,float,plant_round,,,HADES:FLUOR:F565:NODE:MEAN,fluorcam_single_channel,F565,"Per-acquisition FluorCam protocol from the raw acquisition TAR. The protocol may activate one or multiple excitation channels at user-defined percentages (Act1, Act2, Super, FAR, UV, RBLUE, BLUE, GREEN, AMBER, RED) and also records settings such as Filter, ShutterTime, and Sensitivity.",,assay-dependent,node,,FC1,Common assay mappings used at NPEC: mCherry -> F635; coumarin-related fluorescence -> F483; mTurquoise2 -> F513; GFP -> F513/F520; YFP emission near 596 nm is captured with the HADES F593 filter.,,scalar,root node fluorescence signal,,root node region,,fluorescence signal,,RootCam fluorescence ROI quantification,"A RootCam fluorescence image is acquired using a user-selected FluorCam protocol and emission filter. The raw TAR contains the acquisition protocol, including excitation-channel percentages, filter selection, shutter time and sensitivity. FC_analysis.py extracts the archived .dumm image, horizontally flips it, and applies filter- and FC-unit-specific geometric alignment to the ROI masks generated from the corresponding backlit image. Mean or summed pixel intensity is then calculated within each ROI. ROI pixel counts are represented separately as channel-independent mask variables rather than duplicated by filter.",https://github.com/valerian-meline/HADES_FC; https://npec-nl.github.io/hades-research-resources,active,1.0.0,,
fluor.F565.node.sum,fluor.F565.node,fluorescence,fluorcam_single_channel_roi,Fluorescence sum in root node region (filter F565),a.u.,,float,plant_round,,,HADES:FLUOR:F565:NODE:SUM,fluorcam_single_channel,F565,"Per-acquisition FluorCam protocol from the raw acquisition TAR. The protocol may activate one or multiple excitation channels at user-defined percentages (Act1, Act2, Super, FAR, UV, RBLUE, BLUE, GREEN, AMBER, RED) and also records settings such as Filter, ShutterTime, and Sensitivity.",,assay-dependent,node,,FC1,Common assay mappings used at NPEC: mCherry -> F635; coumarin-related fluorescence -> F483; mTurquoise2 -> F513; GFP -> F513/F520; YFP emission near 596 nm is captured with the HADES F593 filter.,,scalar,root node fluorescence signal,,root node region,,fluorescence signal,,RootCam fluorescence ROI quantification,"A RootCam fluorescence image is acquired using a user-selected FluorCam protocol and emission filter. The raw TAR contains the acquisition protocol, including excitation-channel percentages, filter selection, shutter time and sensitivity. FC_analysis.py extracts the archived .dumm image, horizontally flips it, and applies filter- and FC-unit-specific geometric alignment to the ROI masks generated from the corresponding backlit image. Mean or summed pixel intensity is then calculated within each ROI. ROI pixel counts are represented separately as channel-independent mask variables rather than duplicated by filter.",https://github.com/valerian-meline/HADES_FC; https://npec-nl.github.io/hades-research-resources,active,1.0.0,,
fluor.F586.node.mean,fluor.F586.node,fluorescence,fluorcam_single_channel_roi,Fluorescence mean in root node region (filter F586),a.u.,,float,plant_round,,,HADES:FLUOR:F586:NODE:MEAN,fluorcam_single_channel,F586,"Per-acquisition FluorCam protocol from the raw acquisition TAR. The protocol may activate one or multiple excitation channels at user-defined percentages (Act1, Act2, Super, FAR, UV, RBLUE, BLUE, GREEN, AMBER, RED) and also records settings such as Filter, ShutterTime, and Sensitivity.",,assay-dependent,node,,FC1,Common assay mappings used at NPEC: mCherry -> F635; coumarin-related fluorescence -> F483; mTurquoise2 -> F513; GFP -> F513/F520; YFP emission near 596 nm is captured with the HADES F593 filter.,,scalar,root node fluorescence signal,,root node region,,fluorescence signal,,RootCam fluorescence ROI quantification,"A RootCam fluorescence image is acquired using a user-selected FluorCam protocol and emission filter. The raw TAR contains the acquisition protocol, including excitation-channel percentages, filter selection, shutter time and sensitivity. FC_analysis.py extracts the archived .dumm image, horizontally flips it, and applies filter- and FC-unit-specific geometric alignment to the ROI masks generated from the corresponding backlit image. Mean or summed pixel intensity is then calculated within each ROI. ROI pixel counts are represented separately as channel-independent mask variables rather than duplicated by filter.",https://github.com/valerian-meline/HADES_FC; https://npec-nl.github.io/hades-research-resources,active,1.0.0,,
fluor.F586.node.sum,fluor.F586.node,fluorescence,fluorcam_single_channel_roi,Fluorescence sum in root node region (filter F586),a.u.,,float,plant_round,,,HADES:FLUOR:F586:NODE:SUM,fluorcam_single_channel,F586,"Per-acquisition FluorCam protocol from the raw acquisition TAR. The protocol may activate one or multiple excitation channels at user-defined percentages (Act1, Act2, Super, FAR, UV, RBLUE, BLUE, GREEN, AMBER, RED) and also records settings such as Filter, ShutterTime, and Sensitivity.",,assay-dependent,node,,FC1,Common assay mappings used at NPEC: mCherry -> F635; coumarin-related fluorescence -> F483; mTurquoise2 -> F513; GFP -> F513/F520; YFP emission near 596 nm is captured with the HADES F593 filter.,,scalar,root node fluorescence signal,,root node region,,fluorescence signal,,RootCam fluorescence ROI quantification,"A RootCam fluorescence image is acquired using a user-selected FluorCam protocol and emission filter. The raw TAR contains the acquisition protocol, including excitation-channel percentages, filter selection, shutter time and sensitivity. FC_analysis.py extracts the archived .dumm image, horizontally flips it, and applies filter- and FC-unit-specific geometric alignment to the ROI masks generated from the corresponding backlit image. Mean or summed pixel intensity is then calculated within each ROI. ROI pixel counts are represented separately as channel-independent mask variables rather than duplicated by filter.",https://github.com/valerian-meline/HADES_FC; https://npec-nl.github.io/hades-research-resources,active,1.0.0,,
fluor.F593.node.mean,fluor.F593.node,fluorescence,fluorcam_single_channel_roi,Fluorescence mean in root node region (filter F593),a.u.,,float,plant_round,,,HADES:FLUOR:F593:NODE:MEAN,fluorcam_single_channel,F593,"Per-acquisition FluorCam protocol from the raw acquisition TAR. The protocol may activate one or multiple excitation channels at user-defined percentages (Act1, Act2, Super, FAR, UV, RBLUE, BLUE, GREEN, AMBER, RED) and also records settings such as Filter, ShutterTime, and Sensitivity.",,assay-dependent,node,,FC1|FC2,Common assay mappings used at NPEC: mCherry -> F635; coumarin-related fluorescence -> F483; mTurquoise2 -> F513; GFP -> F513/F520; YFP emission near 596 nm is captured with the HADES F593 filter.,,scalar,root node fluorescence signal,,root node region,,fluorescence signal,,RootCam fluorescence ROI quantification,"A RootCam fluorescence image is acquired using a user-selected FluorCam protocol and emission filter. The raw TAR contains the acquisition protocol, including excitation-channel percentages, filter selection, shutter time and sensitivity. FC_analysis.py extracts the archived .dumm image, horizontally flips it, and applies filter- and FC-unit-specific geometric alignment to the ROI masks generated from the corresponding backlit image. Mean or summed pixel intensity is then calculated within each ROI. ROI pixel counts are represented separately as channel-independent mask variables rather than duplicated by filter.",https://github.com/valerian-meline/HADES_FC; https://npec-nl.github.io/hades-research-resources,active,1.0.0,,
fluor.F593.node.sum,fluor.F593.node,fluorescence,fluorcam_single_channel_roi,Fluorescence sum in root node region (filter F593),a.u.,,float,plant_round,,,HADES:FLUOR:F593:NODE:SUM,fluorcam_single_channel,F593,"Per-acquisition FluorCam protocol from the raw acquisition TAR. The protocol may activate one or multiple excitation channels at user-defined percentages (Act1, Act2, Super, FAR, UV, RBLUE, BLUE, GREEN, AMBER, RED) and also records settings such as Filter, ShutterTime, and Sensitivity.",,assay-dependent,node,,FC1|FC2,Common assay mappings used at NPEC: mCherry -> F635; coumarin-related fluorescence -> F483; mTurquoise2 -> F513; GFP -> F513/F520; YFP emission near 596 nm is captured with the HADES F593 filter.,,scalar,root node fluorescence signal,,root node region,,fluorescence signal,,RootCam fluorescence ROI quantification,"A RootCam fluorescence image is acquired using a user-selected FluorCam protocol and emission filter. The raw TAR contains the acquisition protocol, including excitation-channel percentages, filter selection, shutter time and sensitivity. FC_analysis.py extracts the archived .dumm image, horizontally flips it, and applies filter- and FC-unit-specific geometric alignment to the ROI masks generated from the corresponding backlit image. Mean or summed pixel intensity is then calculated within each ROI. ROI pixel counts are represented separately as channel-independent mask variables rather than duplicated by filter.",https://github.com/valerian-meline/HADES_FC; https://npec-nl.github.io/hades-research-resources,active,1.0.0,,
fluor.F635.node.mean,fluor.F635.node,fluorescence,fluorcam_single_channel_roi,Fluorescence mean in root node region (filter F635),a.u.,,float,plant_round,,,HADES:FLUOR:F635:NODE:MEAN,fluorcam_single_channel,F635,"Per-acquisition FluorCam protocol from the raw acquisition TAR. The protocol may activate one or multiple excitation channels at user-defined percentages (Act1, Act2, Super, FAR, UV, RBLUE, BLUE, GREEN, AMBER, RED) and also records settings such as Filter, ShutterTime, and Sensitivity.",,assay-dependent,node,,FC2,Common assay mappings used at NPEC: mCherry -> F635; coumarin-related fluorescence -> F483; mTurquoise2 -> F513; GFP -> F513/F520; YFP emission near 596 nm is captured with the HADES F593 filter.,,scalar,root node fluorescence signal,,root node region,,fluorescence signal,,RootCam fluorescence ROI quantification,"A RootCam fluorescence image is acquired using a user-selected FluorCam protocol and emission filter. The raw TAR contains the acquisition protocol, including excitation-channel percentages, filter selection, shutter time and sensitivity. FC_analysis.py extracts the archived .dumm image, horizontally flips it, and applies filter- and FC-unit-specific geometric alignment to the ROI masks generated from the corresponding backlit image. Mean or summed pixel intensity is then calculated within each ROI. ROI pixel counts are represented separately as channel-independent mask variables rather than duplicated by filter.",https://github.com/valerian-meline/HADES_FC; https://npec-nl.github.io/hades-research-resources,active,1.0.0,,
fluor.F635.node.sum,fluor.F635.node,fluorescence,fluorcam_single_channel_roi,Fluorescence sum in root node region (filter F635),a.u.,,float,plant_round,,,HADES:FLUOR:F635:NODE:SUM,fluorcam_single_channel,F635,"Per-acquisition FluorCam protocol from the raw acquisition TAR. The protocol may activate one or multiple excitation channels at user-defined percentages (Act1, Act2, Super, FAR, UV, RBLUE, BLUE, GREEN, AMBER, RED) and also records settings such as Filter, ShutterTime, and Sensitivity.",,assay-dependent,node,,FC2,Common assay mappings used at NPEC: mCherry -> F635; coumarin-related fluorescence -> F483; mTurquoise2 -> F513; GFP -> F513/F520; YFP emission near 596 nm is captured with the HADES F593 filter.,,scalar,root node fluorescence signal,,root node region,,fluorescence signal,,RootCam fluorescence ROI quantification,"A RootCam fluorescence image is acquired using a user-selected FluorCam protocol and emission filter. The raw TAR contains the acquisition protocol, including excitation-channel percentages, filter selection, shutter time and sensitivity. FC_analysis.py extracts the archived .dumm image, horizontally flips it, and applies filter- and FC-unit-specific geometric alignment to the ROI masks generated from the corresponding backlit image. Mean or summed pixel intensity is then calculated within each ROI. ROI pixel counts are represented separately as channel-independent mask variables rather than duplicated by filter.",https://github.com/valerian-meline/HADES_FC; https://npec-nl.github.io/hades-research-resources,active,1.0.0,,
fluor.ChlF.node.mean,fluor.ChlF.node,fluorescence,fluorcam_single_channel_roi,Fluorescence mean in root node region (filter ChlF),a.u.,,float,plant_round,,,HADES:FLUOR:ChlF:NODE:MEAN,fluorcam_single_channel,ChlF,"Per-acquisition FluorCam protocol from the raw acquisition TAR. The protocol may activate one or multiple excitation channels at user-defined percentages (Act1, Act2, Super, FAR, UV, RBLUE, BLUE, GREEN, AMBER, RED) and also records settings such as Filter, ShutterTime, and Sensitivity.",,assay-dependent,node,,FC2,Common assay mappings used at NPEC: mCherry -> F635; coumarin-related fluorescence -> F483; mTurquoise2 -> F513; GFP -> F513/F520; YFP emission near 596 nm is captured with the HADES F593 filter.,,scalar,root node fluorescence signal,,root node region,,fluorescence signal,,RootCam fluorescence ROI quantification,"A RootCam fluorescence image is acquired using a user-selected FluorCam protocol and emission filter. The raw TAR contains the acquisition protocol, including excitation-channel percentages, filter selection, shutter time and sensitivity. FC_analysis.py extracts the archived .dumm image, horizontally flips it, and applies filter- and FC-unit-specific geometric alignment to the ROI masks generated from the corresponding backlit image. Mean or summed pixel intensity is then calculated within each ROI. ROI pixel counts are represented separately as channel-independent mask variables rather than duplicated by filter.",https://github.com/valerian-meline/HADES_FC; https://npec-nl.github.io/hades-research-resources,active,1.0.0,,
fluor.ChlF.node.sum,fluor.ChlF.node,fluorescence,fluorcam_single_channel_roi,Fluorescence sum in root node region (filter ChlF),a.u.,,float,plant_round,,,HADES:FLUOR:ChlF:NODE:SUM,fluorcam_single_channel,ChlF,"Per-acquisition FluorCam protocol from the raw acquisition TAR. The protocol may activate one or multiple excitation channels at user-defined percentages (Act1, Act2, Super, FAR, UV, RBLUE, BLUE, GREEN, AMBER, RED) and also records settings such as Filter, ShutterTime, and Sensitivity.",,assay-dependent,node,,FC2,Common assay mappings used at NPEC: mCherry -> F635; coumarin-related fluorescence -> F483; mTurquoise2 -> F513; GFP -> F513/F520; YFP emission near 596 nm is captured with the HADES F593 filter.,,scalar,root node fluorescence signal,,root node region,,fluorescence signal,,RootCam fluorescence ROI quantification,"A RootCam fluorescence image is acquired using a user-selected FluorCam protocol and emission filter. The raw TAR contains the acquisition protocol, including excitation-channel percentages, filter selection, shutter time and sensitivity. FC_analysis.py extracts the archived .dumm image, horizontally flips it, and applies filter- and FC-unit-specific geometric alignment to the ROI masks generated from the corresponding backlit image. Mean or summed pixel intensity is then calculated within each ROI. ROI pixel counts are represented separately as channel-independent mask variables rather than duplicated by filter.",https://github.com/valerian-meline/HADES_FC; https://npec-nl.github.io/hades-research-resources,active,1.0.0,,
fluor.glass.node.mean,fluor.glass.node,fluorescence,fluorcam_single_channel_roi,Fluorescence mean in root node region (filter glass),a.u.,,float,plant_round,,,HADES:FLUOR:glass:NODE:MEAN,fluorcam_single_channel,glass,"Per-acquisition FluorCam protocol from the raw acquisition TAR. The protocol may activate one or multiple excitation channels at user-defined percentages (Act1, Act2, Super, FAR, UV, RBLUE, BLUE, GREEN, AMBER, RED) and also records settings such as Filter, ShutterTime, and Sensitivity.",,assay-dependent,node,,FC1|FC2,Common assay mappings used at NPEC: mCherry -> F635; coumarin-related fluorescence -> F483; mTurquoise2 -> F513; GFP -> F513/F520; YFP emission near 596 nm is captured with the HADES F593 filter.,,scalar,root node fluorescence signal,,root node region,,fluorescence signal,,RootCam fluorescence ROI quantification,"A RootCam fluorescence image is acquired using a user-selected FluorCam protocol and emission filter. The raw TAR contains the acquisition protocol, including excitation-channel percentages, filter selection, shutter time and sensitivity. FC_analysis.py extracts the archived .dumm image, horizontally flips it, and applies filter- and FC-unit-specific geometric alignment to the ROI masks generated from the corresponding backlit image. Mean or summed pixel intensity is then calculated within each ROI. ROI pixel counts are represented separately as channel-independent mask variables rather than duplicated by filter.",https://github.com/valerian-meline/HADES_FC; https://npec-nl.github.io/hades-research-resources,active,1.0.0,,
fluor.glass.node.sum,fluor.glass.node,fluorescence,fluorcam_single_channel_roi,Fluorescence sum in root node region (filter glass),a.u.,,float,plant_round,,,HADES:FLUOR:glass:NODE:SUM,fluorcam_single_channel,glass,"Per-acquisition FluorCam protocol from the raw acquisition TAR. The protocol may activate one or multiple excitation channels at user-defined percentages (Act1, Act2, Super, FAR, UV, RBLUE, BLUE, GREEN, AMBER, RED) and also records settings such as Filter, ShutterTime, and Sensitivity.",,assay-dependent,node,,FC1|FC2,Common assay mappings used at NPEC: mCherry -> F635; coumarin-related fluorescence -> F483; mTurquoise2 -> F513; GFP -> F513/F520; YFP emission near 596 nm is captured with the HADES F593 filter.,,scalar,root node fluorescence signal,,root node region,,fluorescence signal,,RootCam fluorescence ROI quantification,"A RootCam fluorescence image is acquired using a user-selected FluorCam protocol and emission filter. The raw TAR contains the acquisition protocol, including excitation-channel percentages, filter selection, shutter time and sensitivity. FC_analysis.py extracts the archived .dumm image, horizontally flips it, and applies filter- and FC-unit-specific geometric alignment to the ROI masks generated from the corresponding backlit image. Mean or summed pixel intensity is then calculated within each ROI. ROI pixel counts are represented separately as channel-independent mask variables rather than duplicated by filter.",https://github.com/valerian-meline/HADES_FC; https://npec-nl.github.io/hades-research-resources,active,1.0.0,,
fluor.F448.other_tip.mean,fluor.F448.other_tip,fluorescence,fluorcam_single_channel_roi,Fluorescence mean in other root tip region (filter F448),a.u.,,float,plant_round,,,HADES:FLUOR:F448:OTHER_TIP:MEAN,fluorcam_single_channel,F448,"Per-acquisition FluorCam protocol from the raw acquisition TAR. The protocol may activate one or multiple excitation channels at user-defined percentages (Act1, Act2, Super, FAR, UV, RBLUE, BLUE, GREEN, AMBER, RED) and also records settings such as Filter, ShutterTime, and Sensitivity.",,assay-dependent,other_tip,,FC2,Common assay mappings used at NPEC: mCherry -> F635; coumarin-related fluorescence -> F483; mTurquoise2 -> F513; GFP -> F513/F520; YFP emission near 596 nm is captured with the HADES F593 filter.,,scalar,other root tip fluorescence signal,,other root tip region,,fluorescence signal,,RootCam fluorescence ROI quantification,"A RootCam fluorescence image is acquired using a user-selected FluorCam protocol and emission filter. The raw TAR contains the acquisition protocol, including excitation-channel percentages, filter selection, shutter time and sensitivity. FC_analysis.py extracts the archived .dumm image, horizontally flips it, and applies filter- and FC-unit-specific geometric alignment to the ROI masks generated from the corresponding backlit image. Mean or summed pixel intensity is then calculated within each ROI. ROI pixel counts are represented separately as channel-independent mask variables rather than duplicated by filter.",https://github.com/valerian-meline/HADES_FC; https://npec-nl.github.io/hades-research-resources,active,1.0.0,,
fluor.F448.other_tip.sum,fluor.F448.other_tip,fluorescence,fluorcam_single_channel_roi,Fluorescence sum in other root tip region (filter F448),a.u.,,float,plant_round,,,HADES:FLUOR:F448:OTHER_TIP:SUM,fluorcam_single_channel,F448,"Per-acquisition FluorCam protocol from the raw acquisition TAR. The protocol may activate one or multiple excitation channels at user-defined percentages (Act1, Act2, Super, FAR, UV, RBLUE, BLUE, GREEN, AMBER, RED) and also records settings such as Filter, ShutterTime, and Sensitivity.",,assay-dependent,other_tip,,FC2,Common assay mappings used at NPEC: mCherry -> F635; coumarin-related fluorescence -> F483; mTurquoise2 -> F513; GFP -> F513/F520; YFP emission near 596 nm is captured with the HADES F593 filter.,,scalar,other root tip fluorescence signal,,other root tip region,,fluorescence signal,,RootCam fluorescence ROI quantification,"A RootCam fluorescence image is acquired using a user-selected FluorCam protocol and emission filter. The raw TAR contains the acquisition protocol, including excitation-channel percentages, filter selection, shutter time and sensitivity. FC_analysis.py extracts the archived .dumm image, horizontally flips it, and applies filter- and FC-unit-specific geometric alignment to the ROI masks generated from the corresponding backlit image. Mean or summed pixel intensity is then calculated within each ROI. ROI pixel counts are represented separately as channel-independent mask variables rather than duplicated by filter.",https://github.com/valerian-meline/HADES_FC; https://npec-nl.github.io/hades-research-resources,active,1.0.0,,
fluor.F469.other_tip.mean,fluor.F469.other_tip,fluorescence,fluorcam_single_channel_roi,Fluorescence mean in other root tip region (filter F469),a.u.,,float,plant_round,,,HADES:FLUOR:F469:OTHER_TIP:MEAN,fluorcam_single_channel,F469,"Per-acquisition FluorCam protocol from the raw acquisition TAR. The protocol may activate one or multiple excitation channels at user-defined percentages (Act1, Act2, Super, FAR, UV, RBLUE, BLUE, GREEN, AMBER, RED) and also records settings such as Filter, ShutterTime, and Sensitivity.",,assay-dependent,other_tip,,FC1,Common assay mappings used at NPEC: mCherry -> F635; coumarin-related fluorescence -> F483; mTurquoise2 -> F513; GFP -> F513/F520; YFP emission near 596 nm is captured with the HADES F593 filter.,,scalar,other root tip fluorescence signal,,other root tip region,,fluorescence signal,,RootCam fluorescence ROI quantification,"A RootCam fluorescence image is acquired using a user-selected FluorCam protocol and emission filter. The raw TAR contains the acquisition protocol, including excitation-channel percentages, filter selection, shutter time and sensitivity. FC_analysis.py extracts the archived .dumm image, horizontally flips it, and applies filter- and FC-unit-specific geometric alignment to the ROI masks generated from the corresponding backlit image. Mean or summed pixel intensity is then calculated within each ROI. ROI pixel counts are represented separately as channel-independent mask variables rather than duplicated by filter.",https://github.com/valerian-meline/HADES_FC; https://npec-nl.github.io/hades-research-resources,active,1.0.0,,
fluor.F469.other_tip.sum,fluor.F469.other_tip,fluorescence,fluorcam_single_channel_roi,Fluorescence sum in other root tip region (filter F469),a.u.,,float,plant_round,,,HADES:FLUOR:F469:OTHER_TIP:SUM,fluorcam_single_channel,F469,"Per-acquisition FluorCam protocol from the raw acquisition TAR. The protocol may activate one or multiple excitation channels at user-defined percentages (Act1, Act2, Super, FAR, UV, RBLUE, BLUE, GREEN, AMBER, RED) and also records settings such as Filter, ShutterTime, and Sensitivity.",,assay-dependent,other_tip,,FC1,Common assay mappings used at NPEC: mCherry -> F635; coumarin-related fluorescence -> F483; mTurquoise2 -> F513; GFP -> F513/F520; YFP emission near 596 nm is captured with the HADES F593 filter.,,scalar,other root tip fluorescence signal,,other root tip region,,fluorescence signal,,RootCam fluorescence ROI quantification,"A RootCam fluorescence image is acquired using a user-selected FluorCam protocol and emission filter. The raw TAR contains the acquisition protocol, including excitation-channel percentages, filter selection, shutter time and sensitivity. FC_analysis.py extracts the archived .dumm image, horizontally flips it, and applies filter- and FC-unit-specific geometric alignment to the ROI masks generated from the corresponding backlit image. Mean or summed pixel intensity is then calculated within each ROI. ROI pixel counts are represented separately as channel-independent mask variables rather than duplicated by filter.",https://github.com/valerian-meline/HADES_FC; https://npec-nl.github.io/hades-research-resources,active,1.0.0,,
fluor.F483.other_tip.mean,fluor.F483.other_tip,fluorescence,fluorcam_single_channel_roi,Fluorescence mean in other root tip region (filter F483),a.u.,,float,plant_round,,,HADES:FLUOR:F483:OTHER_TIP:MEAN,fluorcam_single_channel,F483,"Per-acquisition FluorCam protocol from the raw acquisition TAR. The protocol may activate one or multiple excitation channels at user-defined percentages (Act1, Act2, Super, FAR, UV, RBLUE, BLUE, GREEN, AMBER, RED) and also records settings such as Filter, ShutterTime, and Sensitivity.",,assay-dependent,other_tip,,FC1,Common assay mappings used at NPEC: mCherry -> F635; coumarin-related fluorescence -> F483; mTurquoise2 -> F513; GFP -> F513/F520; YFP emission near 596 nm is captured with the HADES F593 filter.,,scalar,other root tip fluorescence signal,,other root tip region,,fluorescence signal,,RootCam fluorescence ROI quantification,"A RootCam fluorescence image is acquired using a user-selected FluorCam protocol and emission filter. The raw TAR contains the acquisition protocol, including excitation-channel percentages, filter selection, shutter time and sensitivity. FC_analysis.py extracts the archived .dumm image, horizontally flips it, and applies filter- and FC-unit-specific geometric alignment to the ROI masks generated from the corresponding backlit image. Mean or summed pixel intensity is then calculated within each ROI. ROI pixel counts are represented separately as channel-independent mask variables rather than duplicated by filter.",https://github.com/valerian-meline/HADES_FC; https://npec-nl.github.io/hades-research-resources,active,1.0.0,,
fluor.F483.other_tip.sum,fluor.F483.other_tip,fluorescence,fluorcam_single_channel_roi,Fluorescence sum in other root tip region (filter F483),a.u.,,float,plant_round,,,HADES:FLUOR:F483:OTHER_TIP:SUM,fluorcam_single_channel,F483,"Per-acquisition FluorCam protocol from the raw acquisition TAR. The protocol may activate one or multiple excitation channels at user-defined percentages (Act1, Act2, Super, FAR, UV, RBLUE, BLUE, GREEN, AMBER, RED) and also records settings such as Filter, ShutterTime, and Sensitivity.",,assay-dependent,other_tip,,FC1,Common assay mappings used at NPEC: mCherry -> F635; coumarin-related fluorescence -> F483; mTurquoise2 -> F513; GFP -> F513/F520; YFP emission near 596 nm is captured with the HADES F593 filter.,,scalar,other root tip fluorescence signal,,other root tip region,,fluorescence signal,,RootCam fluorescence ROI quantification,"A RootCam fluorescence image is acquired using a user-selected FluorCam protocol and emission filter. The raw TAR contains the acquisition protocol, including excitation-channel percentages, filter selection, shutter time and sensitivity. FC_analysis.py extracts the archived .dumm image, horizontally flips it, and applies filter- and FC-unit-specific geometric alignment to the ROI masks generated from the corresponding backlit image. Mean or summed pixel intensity is then calculated within each ROI. ROI pixel counts are represented separately as channel-independent mask variables rather than duplicated by filter.",https://github.com/valerian-meline/HADES_FC; https://npec-nl.github.io/hades-research-resources,active,1.0.0,,
fluor.F513.other_tip.mean,fluor.F513.other_tip,fluorescence,fluorcam_single_channel_roi,Fluorescence mean in other root tip region (filter F513),a.u.,,float,plant_round,,,HADES:FLUOR:F513:OTHER_TIP:MEAN,fluorcam_single_channel,F513,"Per-acquisition FluorCam protocol from the raw acquisition TAR. The protocol may activate one or multiple excitation channels at user-defined percentages (Act1, Act2, Super, FAR, UV, RBLUE, BLUE, GREEN, AMBER, RED) and also records settings such as Filter, ShutterTime, and Sensitivity.",,assay-dependent,other_tip,,FC1|FC2,Common assay mappings used at NPEC: mCherry -> F635; coumarin-related fluorescence -> F483; mTurquoise2 -> F513; GFP -> F513/F520; YFP emission near 596 nm is captured with the HADES F593 filter.,,scalar,other root tip fluorescence signal,,other root tip region,,fluorescence signal,,RootCam fluorescence ROI quantification,"A RootCam fluorescence image is acquired using a user-selected FluorCam protocol and emission filter. The raw TAR contains the acquisition protocol, including excitation-channel percentages, filter selection, shutter time and sensitivity. FC_analysis.py extracts the archived .dumm image, horizontally flips it, and applies filter- and FC-unit-specific geometric alignment to the ROI masks generated from the corresponding backlit image. Mean or summed pixel intensity is then calculated within each ROI. ROI pixel counts are represented separately as channel-independent mask variables rather than duplicated by filter.",https://github.com/valerian-meline/HADES_FC; https://npec-nl.github.io/hades-research-resources,active,1.0.0,,
fluor.F513.other_tip.sum,fluor.F513.other_tip,fluorescence,fluorcam_single_channel_roi,Fluorescence sum in other root tip region (filter F513),a.u.,,float,plant_round,,,HADES:FLUOR:F513:OTHER_TIP:SUM,fluorcam_single_channel,F513,"Per-acquisition FluorCam protocol from the raw acquisition TAR. The protocol may activate one or multiple excitation channels at user-defined percentages (Act1, Act2, Super, FAR, UV, RBLUE, BLUE, GREEN, AMBER, RED) and also records settings such as Filter, ShutterTime, and Sensitivity.",,assay-dependent,other_tip,,FC1|FC2,Common assay mappings used at NPEC: mCherry -> F635; coumarin-related fluorescence -> F483; mTurquoise2 -> F513; GFP -> F513/F520; YFP emission near 596 nm is captured with the HADES F593 filter.,,scalar,other root tip fluorescence signal,,other root tip region,,fluorescence signal,,RootCam fluorescence ROI quantification,"A RootCam fluorescence image is acquired using a user-selected FluorCam protocol and emission filter. The raw TAR contains the acquisition protocol, including excitation-channel percentages, filter selection, shutter time and sensitivity. FC_analysis.py extracts the archived .dumm image, horizontally flips it, and applies filter- and FC-unit-specific geometric alignment to the ROI masks generated from the corresponding backlit image. Mean or summed pixel intensity is then calculated within each ROI. ROI pixel counts are represented separately as channel-independent mask variables rather than duplicated by filter.",https://github.com/valerian-meline/HADES_FC; https://npec-nl.github.io/hades-research-resources,active,1.0.0,,
fluor.F520.other_tip.mean,fluor.F520.other_tip,fluorescence,fluorcam_single_channel_roi,Fluorescence mean in other root tip region (filter F520),a.u.,,float,plant_round,,,HADES:FLUOR:F520:OTHER_TIP:MEAN,fluorcam_single_channel,F520,"Per-acquisition FluorCam protocol from the raw acquisition TAR. The protocol may activate one or multiple excitation channels at user-defined percentages (Act1, Act2, Super, FAR, UV, RBLUE, BLUE, GREEN, AMBER, RED) and also records settings such as Filter, ShutterTime, and Sensitivity.",,assay-dependent,other_tip,,FC2,Common assay mappings used at NPEC: mCherry -> F635; coumarin-related fluorescence -> F483; mTurquoise2 -> F513; GFP -> F513/F520; YFP emission near 596 nm is captured with the HADES F593 filter.,,scalar,other root tip fluorescence signal,,other root tip region,,fluorescence signal,,RootCam fluorescence ROI quantification,"A RootCam fluorescence image is acquired using a user-selected FluorCam protocol and emission filter. The raw TAR contains the acquisition protocol, including excitation-channel percentages, filter selection, shutter time and sensitivity. FC_analysis.py extracts the archived .dumm image, horizontally flips it, and applies filter- and FC-unit-specific geometric alignment to the ROI masks generated from the corresponding backlit image. Mean or summed pixel intensity is then calculated within each ROI. ROI pixel counts are represented separately as channel-independent mask variables rather than duplicated by filter.",https://github.com/valerian-meline/HADES_FC; https://npec-nl.github.io/hades-research-resources,active,1.0.0,,
fluor.F520.other_tip.sum,fluor.F520.other_tip,fluorescence,fluorcam_single_channel_roi,Fluorescence sum in other root tip region (filter F520),a.u.,,float,plant_round,,,HADES:FLUOR:F520:OTHER_TIP:SUM,fluorcam_single_channel,F520,"Per-acquisition FluorCam protocol from the raw acquisition TAR. The protocol may activate one or multiple excitation channels at user-defined percentages (Act1, Act2, Super, FAR, UV, RBLUE, BLUE, GREEN, AMBER, RED) and also records settings such as Filter, ShutterTime, and Sensitivity.",,assay-dependent,other_tip,,FC2,Common assay mappings used at NPEC: mCherry -> F635; coumarin-related fluorescence -> F483; mTurquoise2 -> F513; GFP -> F513/F520; YFP emission near 596 nm is captured with the HADES F593 filter.,,scalar,other root tip fluorescence signal,,other root tip region,,fluorescence signal,,RootCam fluorescence ROI quantification,"A RootCam fluorescence image is acquired using a user-selected FluorCam protocol and emission filter. The raw TAR contains the acquisition protocol, including excitation-channel percentages, filter selection, shutter time and sensitivity. FC_analysis.py extracts the archived .dumm image, horizontally flips it, and applies filter- and FC-unit-specific geometric alignment to the ROI masks generated from the corresponding backlit image. Mean or summed pixel intensity is then calculated within each ROI. ROI pixel counts are represented separately as channel-independent mask variables rather than duplicated by filter.",https://github.com/valerian-meline/HADES_FC; https://npec-nl.github.io/hades-research-resources,active,1.0.0,,
fluor.F565.other_tip.mean,fluor.F565.other_tip,fluorescence,fluorcam_single_channel_roi,Fluorescence mean in other root tip region (filter F565),a.u.,,float,plant_round,,,HADES:FLUOR:F565:OTHER_TIP:MEAN,fluorcam_single_channel,F565,"Per-acquisition FluorCam protocol from the raw acquisition TAR. The protocol may activate one or multiple excitation channels at user-defined percentages (Act1, Act2, Super, FAR, UV, RBLUE, BLUE, GREEN, AMBER, RED) and also records settings such as Filter, ShutterTime, and Sensitivity.",,assay-dependent,other_tip,,FC1,Common assay mappings used at NPEC: mCherry -> F635; coumarin-related fluorescence -> F483; mTurquoise2 -> F513; GFP -> F513/F520; YFP emission near 596 nm is captured with the HADES F593 filter.,,scalar,other root tip fluorescence signal,,other root tip region,,fluorescence signal,,RootCam fluorescence ROI quantification,"A RootCam fluorescence image is acquired using a user-selected FluorCam protocol and emission filter. The raw TAR contains the acquisition protocol, including excitation-channel percentages, filter selection, shutter time and sensitivity. FC_analysis.py extracts the archived .dumm image, horizontally flips it, and applies filter- and FC-unit-specific geometric alignment to the ROI masks generated from the corresponding backlit image. Mean or summed pixel intensity is then calculated within each ROI. ROI pixel counts are represented separately as channel-independent mask variables rather than duplicated by filter.",https://github.com/valerian-meline/HADES_FC; https://npec-nl.github.io/hades-research-resources,active,1.0.0,,
fluor.F565.other_tip.sum,fluor.F565.other_tip,fluorescence,fluorcam_single_channel_roi,Fluorescence sum in other root tip region (filter F565),a.u.,,float,plant_round,,,HADES:FLUOR:F565:OTHER_TIP:SUM,fluorcam_single_channel,F565,"Per-acquisition FluorCam protocol from the raw acquisition TAR. The protocol may activate one or multiple excitation channels at user-defined percentages (Act1, Act2, Super, FAR, UV, RBLUE, BLUE, GREEN, AMBER, RED) and also records settings such as Filter, ShutterTime, and Sensitivity.",,assay-dependent,other_tip,,FC1,Common assay mappings used at NPEC: mCherry -> F635; coumarin-related fluorescence -> F483; mTurquoise2 -> F513; GFP -> F513/F520; YFP emission near 596 nm is captured with the HADES F593 filter.,,scalar,other root tip fluorescence signal,,other root tip region,,fluorescence signal,,RootCam fluorescence ROI quantification,"A RootCam fluorescence image is acquired using a user-selected FluorCam protocol and emission filter. The raw TAR contains the acquisition protocol, including excitation-channel percentages, filter selection, shutter time and sensitivity. FC_analysis.py extracts the archived .dumm image, horizontally flips it, and applies filter- and FC-unit-specific geometric alignment to the ROI masks generated from the corresponding backlit image. Mean or summed pixel intensity is then calculated within each ROI. ROI pixel counts are represented separately as channel-independent mask variables rather than duplicated by filter.",https://github.com/valerian-meline/HADES_FC; https://npec-nl.github.io/hades-research-resources,active,1.0.0,,
fluor.F586.other_tip.mean,fluor.F586.other_tip,fluorescence,fluorcam_single_channel_roi,Fluorescence mean in other root tip region (filter F586),a.u.,,float,plant_round,,,HADES:FLUOR:F586:OTHER_TIP:MEAN,fluorcam_single_channel,F586,"Per-acquisition FluorCam protocol from the raw acquisition TAR. The protocol may activate one or multiple excitation channels at user-defined percentages (Act1, Act2, Super, FAR, UV, RBLUE, BLUE, GREEN, AMBER, RED) and also records settings such as Filter, ShutterTime, and Sensitivity.",,assay-dependent,other_tip,,FC1,Common assay mappings used at NPEC: mCherry -> F635; coumarin-related fluorescence -> F483; mTurquoise2 -> F513; GFP -> F513/F520; YFP emission near 596 nm is captured with the HADES F593 filter.,,scalar,other root tip fluorescence signal,,other root tip region,,fluorescence signal,,RootCam fluorescence ROI quantification,"A RootCam fluorescence image is acquired using a user-selected FluorCam protocol and emission filter. The raw TAR contains the acquisition protocol, including excitation-channel percentages, filter selection, shutter time and sensitivity. FC_analysis.py extracts the archived .dumm image, horizontally flips it, and applies filter- and FC-unit-specific geometric alignment to the ROI masks generated from the corresponding backlit image. Mean or summed pixel intensity is then calculated within each ROI. ROI pixel counts are represented separately as channel-independent mask variables rather than duplicated by filter.",https://github.com/valerian-meline/HADES_FC; https://npec-nl.github.io/hades-research-resources,active,1.0.0,,
fluor.F586.other_tip.sum,fluor.F586.other_tip,fluorescence,fluorcam_single_channel_roi,Fluorescence sum in other root tip region (filter F586),a.u.,,float,plant_round,,,HADES:FLUOR:F586:OTHER_TIP:SUM,fluorcam_single_channel,F586,"Per-acquisition FluorCam protocol from the raw acquisition TAR. The protocol may activate one or multiple excitation channels at user-defined percentages (Act1, Act2, Super, FAR, UV, RBLUE, BLUE, GREEN, AMBER, RED) and also records settings such as Filter, ShutterTime, and Sensitivity.",,assay-dependent,other_tip,,FC1,Common assay mappings used at NPEC: mCherry -> F635; coumarin-related fluorescence -> F483; mTurquoise2 -> F513; GFP -> F513/F520; YFP emission near 596 nm is captured with the HADES F593 filter.,,scalar,other root tip fluorescence signal,,other root tip region,,fluorescence signal,,RootCam fluorescence ROI quantification,"A RootCam fluorescence image is acquired using a user-selected FluorCam protocol and emission filter. The raw TAR contains the acquisition protocol, including excitation-channel percentages, filter selection, shutter time and sensitivity. FC_analysis.py extracts the archived .dumm image, horizontally flips it, and applies filter- and FC-unit-specific geometric alignment to the ROI masks generated from the corresponding backlit image. Mean or summed pixel intensity is then calculated within each ROI. ROI pixel counts are represented separately as channel-independent mask variables rather than duplicated by filter.",https://github.com/valerian-meline/HADES_FC; https://npec-nl.github.io/hades-research-resources,active,1.0.0,,
fluor.F593.other_tip.mean,fluor.F593.other_tip,fluorescence,fluorcam_single_channel_roi,Fluorescence mean in other root tip region (filter F593),a.u.,,float,plant_round,,,HADES:FLUOR:F593:OTHER_TIP:MEAN,fluorcam_single_channel,F593,"Per-acquisition FluorCam protocol from the raw acquisition TAR. The protocol may activate one or multiple excitation channels at user-defined percentages (Act1, Act2, Super, FAR, UV, RBLUE, BLUE, GREEN, AMBER, RED) and also records settings such as Filter, ShutterTime, and Sensitivity.",,assay-dependent,other_tip,,FC1|FC2,Common assay mappings used at NPEC: mCherry -> F635; coumarin-related fluorescence -> F483; mTurquoise2 -> F513; GFP -> F513/F520; YFP emission near 596 nm is captured with the HADES F593 filter.,,scalar,other root tip fluorescence signal,,other root tip region,,fluorescence signal,,RootCam fluorescence ROI quantification,"A RootCam fluorescence image is acquired using a user-selected FluorCam protocol and emission filter. The raw TAR contains the acquisition protocol, including excitation-channel percentages, filter selection, shutter time and sensitivity. FC_analysis.py extracts the archived .dumm image, horizontally flips it, and applies filter- and FC-unit-specific geometric alignment to the ROI masks generated from the corresponding backlit image. Mean or summed pixel intensity is then calculated within each ROI. ROI pixel counts are represented separately as channel-independent mask variables rather than duplicated by filter.",https://github.com/valerian-meline/HADES_FC; https://npec-nl.github.io/hades-research-resources,active,1.0.0,,
fluor.F593.other_tip.sum,fluor.F593.other_tip,fluorescence,fluorcam_single_channel_roi,Fluorescence sum in other root tip region (filter F593),a.u.,,float,plant_round,,,HADES:FLUOR:F593:OTHER_TIP:SUM,fluorcam_single_channel,F593,"Per-acquisition FluorCam protocol from the raw acquisition TAR. The protocol may activate one or multiple excitation channels at user-defined percentages (Act1, Act2, Super, FAR, UV, RBLUE, BLUE, GREEN, AMBER, RED) and also records settings such as Filter, ShutterTime, and Sensitivity.",,assay-dependent,other_tip,,FC1|FC2,Common assay mappings used at NPEC: mCherry -> F635; coumarin-related fluorescence -> F483; mTurquoise2 -> F513; GFP -> F513/F520; YFP emission near 596 nm is captured with the HADES F593 filter.,,scalar,other root tip fluorescence signal,,other root tip region,,fluorescence signal,,RootCam fluorescence ROI quantification,"A RootCam fluorescence image is acquired using a user-selected FluorCam protocol and emission filter. The raw TAR contains the acquisition protocol, including excitation-channel percentages, filter selection, shutter time and sensitivity. FC_analysis.py extracts the archived .dumm image, horizontally flips it, and applies filter- and FC-unit-specific geometric alignment to the ROI masks generated from the corresponding backlit image. Mean or summed pixel intensity is then calculated within each ROI. ROI pixel counts are represented separately as channel-independent mask variables rather than duplicated by filter.",https://github.com/valerian-meline/HADES_FC; https://npec-nl.github.io/hades-research-resources,active,1.0.0,,
fluor.F635.other_tip.mean,fluor.F635.other_tip,fluorescence,fluorcam_single_channel_roi,Fluorescence mean in other root tip region (filter F635),a.u.,,float,plant_round,,,HADES:FLUOR:F635:OTHER_TIP:MEAN,fluorcam_single_channel,F635,"Per-acquisition FluorCam protocol from the raw acquisition TAR. The protocol may activate one or multiple excitation channels at user-defined percentages (Act1, Act2, Super, FAR, UV, RBLUE, BLUE, GREEN, AMBER, RED) and also records settings such as Filter, ShutterTime, and Sensitivity.",,assay-dependent,other_tip,,FC2,Common assay mappings used at NPEC: mCherry -> F635; coumarin-related fluorescence -> F483; mTurquoise2 -> F513; GFP -> F513/F520; YFP emission near 596 nm is captured with the HADES F593 filter.,,scalar,other root tip fluorescence signal,,other root tip region,,fluorescence signal,,RootCam fluorescence ROI quantification,"A RootCam fluorescence image is acquired using a user-selected FluorCam protocol and emission filter. The raw TAR contains the acquisition protocol, including excitation-channel percentages, filter selection, shutter time and sensitivity. FC_analysis.py extracts the archived .dumm image, horizontally flips it, and applies filter- and FC-unit-specific geometric alignment to the ROI masks generated from the corresponding backlit image. Mean or summed pixel intensity is then calculated within each ROI. ROI pixel counts are represented separately as channel-independent mask variables rather than duplicated by filter.",https://github.com/valerian-meline/HADES_FC; https://npec-nl.github.io/hades-research-resources,active,1.0.0,,
fluor.F635.other_tip.sum,fluor.F635.other_tip,fluorescence,fluorcam_single_channel_roi,Fluorescence sum in other root tip region (filter F635),a.u.,,float,plant_round,,,HADES:FLUOR:F635:OTHER_TIP:SUM,fluorcam_single_channel,F635,"Per-acquisition FluorCam protocol from the raw acquisition TAR. The protocol may activate one or multiple excitation channels at user-defined percentages (Act1, Act2, Super, FAR, UV, RBLUE, BLUE, GREEN, AMBER, RED) and also records settings such as Filter, ShutterTime, and Sensitivity.",,assay-dependent,other_tip,,FC2,Common assay mappings used at NPEC: mCherry -> F635; coumarin-related fluorescence -> F483; mTurquoise2 -> F513; GFP -> F513/F520; YFP emission near 596 nm is captured with the HADES F593 filter.,,scalar,other root tip fluorescence signal,,other root tip region,,fluorescence signal,,RootCam fluorescence ROI quantification,"A RootCam fluorescence image is acquired using a user-selected FluorCam protocol and emission filter. The raw TAR contains the acquisition protocol, including excitation-channel percentages, filter selection, shutter time and sensitivity. FC_analysis.py extracts the archived .dumm image, horizontally flips it, and applies filter- and FC-unit-specific geometric alignment to the ROI masks generated from the corresponding backlit image. Mean or summed pixel intensity is then calculated within each ROI. ROI pixel counts are represented separately as channel-independent mask variables rather than duplicated by filter.",https://github.com/valerian-meline/HADES_FC; https://npec-nl.github.io/hades-research-resources,active,1.0.0,,
fluor.ChlF.other_tip.mean,fluor.ChlF.other_tip,fluorescence,fluorcam_single_channel_roi,Fluorescence mean in other root tip region (filter ChlF),a.u.,,float,plant_round,,,HADES:FLUOR:ChlF:OTHER_TIP:MEAN,fluorcam_single_channel,ChlF,"Per-acquisition FluorCam protocol from the raw acquisition TAR. The protocol may activate one or multiple excitation channels at user-defined percentages (Act1, Act2, Super, FAR, UV, RBLUE, BLUE, GREEN, AMBER, RED) and also records settings such as Filter, ShutterTime, and Sensitivity.",,assay-dependent,other_tip,,FC2,Common assay mappings used at NPEC: mCherry -> F635; coumarin-related fluorescence -> F483; mTurquoise2 -> F513; GFP -> F513/F520; YFP emission near 596 nm is captured with the HADES F593 filter.,,scalar,other root tip fluorescence signal,,other root tip region,,fluorescence signal,,RootCam fluorescence ROI quantification,"A RootCam fluorescence image is acquired using a user-selected FluorCam protocol and emission filter. The raw TAR contains the acquisition protocol, including excitation-channel percentages, filter selection, shutter time and sensitivity. FC_analysis.py extracts the archived .dumm image, horizontally flips it, and applies filter- and FC-unit-specific geometric alignment to the ROI masks generated from the corresponding backlit image. Mean or summed pixel intensity is then calculated within each ROI. ROI pixel counts are represented separately as channel-independent mask variables rather than duplicated by filter.",https://github.com/valerian-meline/HADES_FC; https://npec-nl.github.io/hades-research-resources,active,1.0.0,,
fluor.ChlF.other_tip.sum,fluor.ChlF.other_tip,fluorescence,fluorcam_single_channel_roi,Fluorescence sum in other root tip region (filter ChlF),a.u.,,float,plant_round,,,HADES:FLUOR:ChlF:OTHER_TIP:SUM,fluorcam_single_channel,ChlF,"Per-acquisition FluorCam protocol from the raw acquisition TAR. The protocol may activate one or multiple excitation channels at user-defined percentages (Act1, Act2, Super, FAR, UV, RBLUE, BLUE, GREEN, AMBER, RED) and also records settings such as Filter, ShutterTime, and Sensitivity.",,assay-dependent,other_tip,,FC2,Common assay mappings used at NPEC: mCherry -> F635; coumarin-related fluorescence -> F483; mTurquoise2 -> F513; GFP -> F513/F520; YFP emission near 596 nm is captured with the HADES F593 filter.,,scalar,other root tip fluorescence signal,,other root tip region,,fluorescence signal,,RootCam fluorescence ROI quantification,"A RootCam fluorescence image is acquired using a user-selected FluorCam protocol and emission filter. The raw TAR contains the acquisition protocol, including excitation-channel percentages, filter selection, shutter time and sensitivity. FC_analysis.py extracts the archived .dumm image, horizontally flips it, and applies filter- and FC-unit-specific geometric alignment to the ROI masks generated from the corresponding backlit image. Mean or summed pixel intensity is then calculated within each ROI. ROI pixel counts are represented separately as channel-independent mask variables rather than duplicated by filter.",https://github.com/valerian-meline/HADES_FC; https://npec-nl.github.io/hades-research-resources,active,1.0.0,,
fluor.glass.other_tip.mean,fluor.glass.other_tip,fluorescence,fluorcam_single_channel_roi,Fluorescence mean in other root tip region (filter glass),a.u.,,float,plant_round,,,HADES:FLUOR:glass:OTHER_TIP:MEAN,fluorcam_single_channel,glass,"Per-acquisition FluorCam protocol from the raw acquisition TAR. The protocol may activate one or multiple excitation channels at user-defined percentages (Act1, Act2, Super, FAR, UV, RBLUE, BLUE, GREEN, AMBER, RED) and also records settings such as Filter, ShutterTime, and Sensitivity.",,assay-dependent,other_tip,,FC1|FC2,Common assay mappings used at NPEC: mCherry -> F635; coumarin-related fluorescence -> F483; mTurquoise2 -> F513; GFP -> F513/F520; YFP emission near 596 nm is captured with the HADES F593 filter.,,scalar,other root tip fluorescence signal,,other root tip region,,fluorescence signal,,RootCam fluorescence ROI quantification,"A RootCam fluorescence image is acquired using a user-selected FluorCam protocol and emission filter. The raw TAR contains the acquisition protocol, including excitation-channel percentages, filter selection, shutter time and sensitivity. FC_analysis.py extracts the archived .dumm image, horizontally flips it, and applies filter- and FC-unit-specific geometric alignment to the ROI masks generated from the corresponding backlit image. Mean or summed pixel intensity is then calculated within each ROI. ROI pixel counts are represented separately as channel-independent mask variables rather than duplicated by filter.",https://github.com/valerian-meline/HADES_FC; https://npec-nl.github.io/hades-research-resources,active,1.0.0,,
fluor.glass.other_tip.sum,fluor.glass.other_tip,fluorescence,fluorcam_single_channel_roi,Fluorescence sum in other root tip region (filter glass),a.u.,,float,plant_round,,,HADES:FLUOR:glass:OTHER_TIP:SUM,fluorcam_single_channel,glass,"Per-acquisition FluorCam protocol from the raw acquisition TAR. The protocol may activate one or multiple excitation channels at user-defined percentages (Act1, Act2, Super, FAR, UV, RBLUE, BLUE, GREEN, AMBER, RED) and also records settings such as Filter, ShutterTime, and Sensitivity.",,assay-dependent,other_tip,,FC1|FC2,Common assay mappings used at NPEC: mCherry -> F635; coumarin-related fluorescence -> F483; mTurquoise2 -> F513; GFP -> F513/F520; YFP emission near 596 nm is captured with the HADES F593 filter.,,scalar,other root tip fluorescence signal,,other root tip region,,fluorescence signal,,RootCam fluorescence ROI quantification,"A RootCam fluorescence image is acquired using a user-selected FluorCam protocol and emission filter. The raw TAR contains the acquisition protocol, including excitation-channel percentages, filter selection, shutter time and sensitivity. FC_analysis.py extracts the archived .dumm image, horizontally flips it, and applies filter- and FC-unit-specific geometric alignment to the ROI masks generated from the corresponding backlit image. Mean or summed pixel intensity is then calculated within each ROI. ROI pixel counts are represented separately as channel-independent mask variables rather than duplicated by filter.",https://github.com/valerian-meline/HADES_FC; https://npec-nl.github.io/hades-research-resources,active,1.0.0,,
fluor.F448.peri_root.mean,fluor.F448.peri_root,fluorescence,fluorcam_single_channel_roi,Fluorescence mean in peri-root region (filter F448),a.u.,,float,plant_round,,,HADES:FLUOR:F448:PERI_ROOT:MEAN,fluorcam_single_channel,F448,"Per-acquisition FluorCam protocol from the raw acquisition TAR. The protocol may activate one or multiple excitation channels at user-defined percentages (Act1, Act2, Super, FAR, UV, RBLUE, BLUE, GREEN, AMBER, RED) and also records settings such as Filter, ShutterTime, and Sensitivity.",,assay-dependent,peri_root,dilated_root_exclusive,FC2,Common assay mappings used at NPEC: mCherry -> F635; coumarin-related fluorescence -> F483; mTurquoise2 -> F513; GFP -> F513/F520; YFP emission near 596 nm is captured with the HADES F593 filter.,,scalar,peri-root fluorescence signal,,peri-root region,,fluorescence signal,,RootCam fluorescence ROI quantification,"A RootCam fluorescence image is acquired using a user-selected FluorCam protocol and emission filter. The raw TAR contains the acquisition protocol, including excitation-channel percentages, filter selection, shutter time and sensitivity. FC_analysis.py extracts the archived .dumm image, horizontally flips it, and applies filter- and FC-unit-specific geometric alignment to the ROI masks generated from the corresponding backlit image. Mean or summed pixel intensity is then calculated within each ROI. ROI pixel counts are represented separately as channel-independent mask variables rather than duplicated by filter.",https://github.com/valerian-meline/HADES_FC; https://npec-nl.github.io/hades-research-resources,active,1.0.0,,
fluor.F448.peri_root.sum,fluor.F448.peri_root,fluorescence,fluorcam_single_channel_roi,Fluorescence sum in peri-root region (filter F448),a.u.,,float,plant_round,,,HADES:FLUOR:F448:PERI_ROOT:SUM,fluorcam_single_channel,F448,"Per-acquisition FluorCam protocol from the raw acquisition TAR. The protocol may activate one or multiple excitation channels at user-defined percentages (Act1, Act2, Super, FAR, UV, RBLUE, BLUE, GREEN, AMBER, RED) and also records settings such as Filter, ShutterTime, and Sensitivity.",,assay-dependent,peri_root,dilated_root_exclusive,FC2,Common assay mappings used at NPEC: mCherry -> F635; coumarin-related fluorescence -> F483; mTurquoise2 -> F513; GFP -> F513/F520; YFP emission near 596 nm is captured with the HADES F593 filter.,,scalar,peri-root fluorescence signal,,peri-root region,,fluorescence signal,,RootCam fluorescence ROI quantification,"A RootCam fluorescence image is acquired using a user-selected FluorCam protocol and emission filter. The raw TAR contains the acquisition protocol, including excitation-channel percentages, filter selection, shutter time and sensitivity. FC_analysis.py extracts the archived .dumm image, horizontally flips it, and applies filter- and FC-unit-specific geometric alignment to the ROI masks generated from the corresponding backlit image. Mean or summed pixel intensity is then calculated within each ROI. ROI pixel counts are represented separately as channel-independent mask variables rather than duplicated by filter.",https://github.com/valerian-meline/HADES_FC; https://npec-nl.github.io/hades-research-resources,active,1.0.0,,
fluor.F469.peri_root.mean,fluor.F469.peri_root,fluorescence,fluorcam_single_channel_roi,Fluorescence mean in peri-root region (filter F469),a.u.,,float,plant_round,,,HADES:FLUOR:F469:PERI_ROOT:MEAN,fluorcam_single_channel,F469,"Per-acquisition FluorCam protocol from the raw acquisition TAR. The protocol may activate one or multiple excitation channels at user-defined percentages (Act1, Act2, Super, FAR, UV, RBLUE, BLUE, GREEN, AMBER, RED) and also records settings such as Filter, ShutterTime, and Sensitivity.",,assay-dependent,peri_root,dilated_root_exclusive,FC1,Common assay mappings used at NPEC: mCherry -> F635; coumarin-related fluorescence -> F483; mTurquoise2 -> F513; GFP -> F513/F520; YFP emission near 596 nm is captured with the HADES F593 filter.,,scalar,peri-root fluorescence signal,,peri-root region,,fluorescence signal,,RootCam fluorescence ROI quantification,"A RootCam fluorescence image is acquired using a user-selected FluorCam protocol and emission filter. The raw TAR contains the acquisition protocol, including excitation-channel percentages, filter selection, shutter time and sensitivity. FC_analysis.py extracts the archived .dumm image, horizontally flips it, and applies filter- and FC-unit-specific geometric alignment to the ROI masks generated from the corresponding backlit image. Mean or summed pixel intensity is then calculated within each ROI. ROI pixel counts are represented separately as channel-independent mask variables rather than duplicated by filter.",https://github.com/valerian-meline/HADES_FC; https://npec-nl.github.io/hades-research-resources,active,1.0.0,,
fluor.F469.peri_root.sum,fluor.F469.peri_root,fluorescence,fluorcam_single_channel_roi,Fluorescence sum in peri-root region (filter F469),a.u.,,float,plant_round,,,HADES:FLUOR:F469:PERI_ROOT:SUM,fluorcam_single_channel,F469,"Per-acquisition FluorCam protocol from the raw acquisition TAR. The protocol may activate one or multiple excitation channels at user-defined percentages (Act1, Act2, Super, FAR, UV, RBLUE, BLUE, GREEN, AMBER, RED) and also records settings such as Filter, ShutterTime, and Sensitivity.",,assay-dependent,peri_root,dilated_root_exclusive,FC1,Common assay mappings used at NPEC: mCherry -> F635; coumarin-related fluorescence -> F483; mTurquoise2 -> F513; GFP -> F513/F520; YFP emission near 596 nm is captured with the HADES F593 filter.,,scalar,peri-root fluorescence signal,,peri-root region,,fluorescence signal,,RootCam fluorescence ROI quantification,"A RootCam fluorescence image is acquired using a user-selected FluorCam protocol and emission filter. The raw TAR contains the acquisition protocol, including excitation-channel percentages, filter selection, shutter time and sensitivity. FC_analysis.py extracts the archived .dumm image, horizontally flips it, and applies filter- and FC-unit-specific geometric alignment to the ROI masks generated from the corresponding backlit image. Mean or summed pixel intensity is then calculated within each ROI. ROI pixel counts are represented separately as channel-independent mask variables rather than duplicated by filter.",https://github.com/valerian-meline/HADES_FC; https://npec-nl.github.io/hades-research-resources,active,1.0.0,,
fluor.F483.peri_root.mean,fluor.F483.peri_root,fluorescence,fluorcam_single_channel_roi,Fluorescence mean in peri-root region (filter F483),a.u.,,float,plant_round,,,HADES:FLUOR:F483:PERI_ROOT:MEAN,fluorcam_single_channel,F483,"Per-acquisition FluorCam protocol from the raw acquisition TAR. The protocol may activate one or multiple excitation channels at user-defined percentages (Act1, Act2, Super, FAR, UV, RBLUE, BLUE, GREEN, AMBER, RED) and also records settings such as Filter, ShutterTime, and Sensitivity.",,assay-dependent,peri_root,dilated_root_exclusive,FC1,Common assay mappings used at NPEC: mCherry -> F635; coumarin-related fluorescence -> F483; mTurquoise2 -> F513; GFP -> F513/F520; YFP emission near 596 nm is captured with the HADES F593 filter.,,scalar,peri-root fluorescence signal,,peri-root region,,fluorescence signal,,RootCam fluorescence ROI quantification,"A RootCam fluorescence image is acquired using a user-selected FluorCam protocol and emission filter. The raw TAR contains the acquisition protocol, including excitation-channel percentages, filter selection, shutter time and sensitivity. FC_analysis.py extracts the archived .dumm image, horizontally flips it, and applies filter- and FC-unit-specific geometric alignment to the ROI masks generated from the corresponding backlit image. Mean or summed pixel intensity is then calculated within each ROI. ROI pixel counts are represented separately as channel-independent mask variables rather than duplicated by filter.",https://github.com/valerian-meline/HADES_FC; https://npec-nl.github.io/hades-research-resources,active,1.0.0,,
fluor.F483.peri_root.sum,fluor.F483.peri_root,fluorescence,fluorcam_single_channel_roi,Fluorescence sum in peri-root region (filter F483),a.u.,,float,plant_round,,,HADES:FLUOR:F483:PERI_ROOT:SUM,fluorcam_single_channel,F483,"Per-acquisition FluorCam protocol from the raw acquisition TAR. The protocol may activate one or multiple excitation channels at user-defined percentages (Act1, Act2, Super, FAR, UV, RBLUE, BLUE, GREEN, AMBER, RED) and also records settings such as Filter, ShutterTime, and Sensitivity.",,assay-dependent,peri_root,dilated_root_exclusive,FC1,Common assay mappings used at NPEC: mCherry -> F635; coumarin-related fluorescence -> F483; mTurquoise2 -> F513; GFP -> F513/F520; YFP emission near 596 nm is captured with the HADES F593 filter.,,scalar,peri-root fluorescence signal,,peri-root region,,fluorescence signal,,RootCam fluorescence ROI quantification,"A RootCam fluorescence image is acquired using a user-selected FluorCam protocol and emission filter. The raw TAR contains the acquisition protocol, including excitation-channel percentages, filter selection, shutter time and sensitivity. FC_analysis.py extracts the archived .dumm image, horizontally flips it, and applies filter- and FC-unit-specific geometric alignment to the ROI masks generated from the corresponding backlit image. Mean or summed pixel intensity is then calculated within each ROI. ROI pixel counts are represented separately as channel-independent mask variables rather than duplicated by filter.",https://github.com/valerian-meline/HADES_FC; https://npec-nl.github.io/hades-research-resources,active,1.0.0,,
fluor.F513.peri_root.mean,fluor.F513.peri_root,fluorescence,fluorcam_single_channel_roi,Fluorescence mean in peri-root region (filter F513),a.u.,,float,plant_round,,,HADES:FLUOR:F513:PERI_ROOT:MEAN,fluorcam_single_channel,F513,"Per-acquisition FluorCam protocol from the raw acquisition TAR. The protocol may activate one or multiple excitation channels at user-defined percentages (Act1, Act2, Super, FAR, UV, RBLUE, BLUE, GREEN, AMBER, RED) and also records settings such as Filter, ShutterTime, and Sensitivity.",,assay-dependent,peri_root,dilated_root_exclusive,FC1|FC2,Common assay mappings used at NPEC: mCherry -> F635; coumarin-related fluorescence -> F483; mTurquoise2 -> F513; GFP -> F513/F520; YFP emission near 596 nm is captured with the HADES F593 filter.,,scalar,peri-root fluorescence signal,,peri-root region,,fluorescence signal,,RootCam fluorescence ROI quantification,"A RootCam fluorescence image is acquired using a user-selected FluorCam protocol and emission filter. The raw TAR contains the acquisition protocol, including excitation-channel percentages, filter selection, shutter time and sensitivity. FC_analysis.py extracts the archived .dumm image, horizontally flips it, and applies filter- and FC-unit-specific geometric alignment to the ROI masks generated from the corresponding backlit image. Mean or summed pixel intensity is then calculated within each ROI. ROI pixel counts are represented separately as channel-independent mask variables rather than duplicated by filter.",https://github.com/valerian-meline/HADES_FC; https://npec-nl.github.io/hades-research-resources,active,1.0.0,,
fluor.F513.peri_root.sum,fluor.F513.peri_root,fluorescence,fluorcam_single_channel_roi,Fluorescence sum in peri-root region (filter F513),a.u.,,float,plant_round,,,HADES:FLUOR:F513:PERI_ROOT:SUM,fluorcam_single_channel,F513,"Per-acquisition FluorCam protocol from the raw acquisition TAR. The protocol may activate one or multiple excitation channels at user-defined percentages (Act1, Act2, Super, FAR, UV, RBLUE, BLUE, GREEN, AMBER, RED) and also records settings such as Filter, ShutterTime, and Sensitivity.",,assay-dependent,peri_root,dilated_root_exclusive,FC1|FC2,Common assay mappings used at NPEC: mCherry -> F635; coumarin-related fluorescence -> F483; mTurquoise2 -> F513; GFP -> F513/F520; YFP emission near 596 nm is captured with the HADES F593 filter.,,scalar,peri-root fluorescence signal,,peri-root region,,fluorescence signal,,RootCam fluorescence ROI quantification,"A RootCam fluorescence image is acquired using a user-selected FluorCam protocol and emission filter. The raw TAR contains the acquisition protocol, including excitation-channel percentages, filter selection, shutter time and sensitivity. FC_analysis.py extracts the archived .dumm image, horizontally flips it, and applies filter- and FC-unit-specific geometric alignment to the ROI masks generated from the corresponding backlit image. Mean or summed pixel intensity is then calculated within each ROI. ROI pixel counts are represented separately as channel-independent mask variables rather than duplicated by filter.",https://github.com/valerian-meline/HADES_FC; https://npec-nl.github.io/hades-research-resources,active,1.0.0,,
fluor.F520.peri_root.mean,fluor.F520.peri_root,fluorescence,fluorcam_single_channel_roi,Fluorescence mean in peri-root region (filter F520),a.u.,,float,plant_round,,,HADES:FLUOR:F520:PERI_ROOT:MEAN,fluorcam_single_channel,F520,"Per-acquisition FluorCam protocol from the raw acquisition TAR. The protocol may activate one or multiple excitation channels at user-defined percentages (Act1, Act2, Super, FAR, UV, RBLUE, BLUE, GREEN, AMBER, RED) and also records settings such as Filter, ShutterTime, and Sensitivity.",,assay-dependent,peri_root,dilated_root_exclusive,FC2,Common assay mappings used at NPEC: mCherry -> F635; coumarin-related fluorescence -> F483; mTurquoise2 -> F513; GFP -> F513/F520; YFP emission near 596 nm is captured with the HADES F593 filter.,,scalar,peri-root fluorescence signal,,peri-root region,,fluorescence signal,,RootCam fluorescence ROI quantification,"A RootCam fluorescence image is acquired using a user-selected FluorCam protocol and emission filter. The raw TAR contains the acquisition protocol, including excitation-channel percentages, filter selection, shutter time and sensitivity. FC_analysis.py extracts the archived .dumm image, horizontally flips it, and applies filter- and FC-unit-specific geometric alignment to the ROI masks generated from the corresponding backlit image. Mean or summed pixel intensity is then calculated within each ROI. ROI pixel counts are represented separately as channel-independent mask variables rather than duplicated by filter.",https://github.com/valerian-meline/HADES_FC; https://npec-nl.github.io/hades-research-resources,active,1.0.0,,
fluor.F520.peri_root.sum,fluor.F520.peri_root,fluorescence,fluorcam_single_channel_roi,Fluorescence sum in peri-root region (filter F520),a.u.,,float,plant_round,,,HADES:FLUOR:F520:PERI_ROOT:SUM,fluorcam_single_channel,F520,"Per-acquisition FluorCam protocol from the raw acquisition TAR. The protocol may activate one or multiple excitation channels at user-defined percentages (Act1, Act2, Super, FAR, UV, RBLUE, BLUE, GREEN, AMBER, RED) and also records settings such as Filter, ShutterTime, and Sensitivity.",,assay-dependent,peri_root,dilated_root_exclusive,FC2,Common assay mappings used at NPEC: mCherry -> F635; coumarin-related fluorescence -> F483; mTurquoise2 -> F513; GFP -> F513/F520; YFP emission near 596 nm is captured with the HADES F593 filter.,,scalar,peri-root fluorescence signal,,peri-root region,,fluorescence signal,,RootCam fluorescence ROI quantification,"A RootCam fluorescence image is acquired using a user-selected FluorCam protocol and emission filter. The raw TAR contains the acquisition protocol, including excitation-channel percentages, filter selection, shutter time and sensitivity. FC_analysis.py extracts the archived .dumm image, horizontally flips it, and applies filter- and FC-unit-specific geometric alignment to the ROI masks generated from the corresponding backlit image. Mean or summed pixel intensity is then calculated within each ROI. ROI pixel counts are represented separately as channel-independent mask variables rather than duplicated by filter.",https://github.com/valerian-meline/HADES_FC; https://npec-nl.github.io/hades-research-resources,active,1.0.0,,
fluor.F565.peri_root.mean,fluor.F565.peri_root,fluorescence,fluorcam_single_channel_roi,Fluorescence mean in peri-root region (filter F565),a.u.,,float,plant_round,,,HADES:FLUOR:F565:PERI_ROOT:MEAN,fluorcam_single_channel,F565,"Per-acquisition FluorCam protocol from the raw acquisition TAR. The protocol may activate one or multiple excitation channels at user-defined percentages (Act1, Act2, Super, FAR, UV, RBLUE, BLUE, GREEN, AMBER, RED) and also records settings such as Filter, ShutterTime, and Sensitivity.",,assay-dependent,peri_root,dilated_root_exclusive,FC1,Common assay mappings used at NPEC: mCherry -> F635; coumarin-related fluorescence -> F483; mTurquoise2 -> F513; GFP -> F513/F520; YFP emission near 596 nm is captured with the HADES F593 filter.,,scalar,peri-root fluorescence signal,,peri-root region,,fluorescence signal,,RootCam fluorescence ROI quantification,"A RootCam fluorescence image is acquired using a user-selected FluorCam protocol and emission filter. The raw TAR contains the acquisition protocol, including excitation-channel percentages, filter selection, shutter time and sensitivity. FC_analysis.py extracts the archived .dumm image, horizontally flips it, and applies filter- and FC-unit-specific geometric alignment to the ROI masks generated from the corresponding backlit image. Mean or summed pixel intensity is then calculated within each ROI. ROI pixel counts are represented separately as channel-independent mask variables rather than duplicated by filter.",https://github.com/valerian-meline/HADES_FC; https://npec-nl.github.io/hades-research-resources,active,1.0.0,,
fluor.F565.peri_root.sum,fluor.F565.peri_root,fluorescence,fluorcam_single_channel_roi,Fluorescence sum in peri-root region (filter F565),a.u.,,float,plant_round,,,HADES:FLUOR:F565:PERI_ROOT:SUM,fluorcam_single_channel,F565,"Per-acquisition FluorCam protocol from the raw acquisition TAR. The protocol may activate one or multiple excitation channels at user-defined percentages (Act1, Act2, Super, FAR, UV, RBLUE, BLUE, GREEN, AMBER, RED) and also records settings such as Filter, ShutterTime, and Sensitivity.",,assay-dependent,peri_root,dilated_root_exclusive,FC1,Common assay mappings used at NPEC: mCherry -> F635; coumarin-related fluorescence -> F483; mTurquoise2 -> F513; GFP -> F513/F520; YFP emission near 596 nm is captured with the HADES F593 filter.,,scalar,peri-root fluorescence signal,,peri-root region,,fluorescence signal,,RootCam fluorescence ROI quantification,"A RootCam fluorescence image is acquired using a user-selected FluorCam protocol and emission filter. The raw TAR contains the acquisition protocol, including excitation-channel percentages, filter selection, shutter time and sensitivity. FC_analysis.py extracts the archived .dumm image, horizontally flips it, and applies filter- and FC-unit-specific geometric alignment to the ROI masks generated from the corresponding backlit image. Mean or summed pixel intensity is then calculated within each ROI. ROI pixel counts are represented separately as channel-independent mask variables rather than duplicated by filter.",https://github.com/valerian-meline/HADES_FC; https://npec-nl.github.io/hades-research-resources,active,1.0.0,,
fluor.F586.peri_root.mean,fluor.F586.peri_root,fluorescence,fluorcam_single_channel_roi,Fluorescence mean in peri-root region (filter F586),a.u.,,float,plant_round,,,HADES:FLUOR:F586:PERI_ROOT:MEAN,fluorcam_single_channel,F586,"Per-acquisition FluorCam protocol from the raw acquisition TAR. The protocol may activate one or multiple excitation channels at user-defined percentages (Act1, Act2, Super, FAR, UV, RBLUE, BLUE, GREEN, AMBER, RED) and also records settings such as Filter, ShutterTime, and Sensitivity.",,assay-dependent,peri_root,dilated_root_exclusive,FC1,Common assay mappings used at NPEC: mCherry -> F635; coumarin-related fluorescence -> F483; mTurquoise2 -> F513; GFP -> F513/F520; YFP emission near 596 nm is captured with the HADES F593 filter.,,scalar,peri-root fluorescence signal,,peri-root region,,fluorescence signal,,RootCam fluorescence ROI quantification,"A RootCam fluorescence image is acquired using a user-selected FluorCam protocol and emission filter. The raw TAR contains the acquisition protocol, including excitation-channel percentages, filter selection, shutter time and sensitivity. FC_analysis.py extracts the archived .dumm image, horizontally flips it, and applies filter- and FC-unit-specific geometric alignment to the ROI masks generated from the corresponding backlit image. Mean or summed pixel intensity is then calculated within each ROI. ROI pixel counts are represented separately as channel-independent mask variables rather than duplicated by filter.",https://github.com/valerian-meline/HADES_FC; https://npec-nl.github.io/hades-research-resources,active,1.0.0,,
fluor.F586.peri_root.sum,fluor.F586.peri_root,fluorescence,fluorcam_single_channel_roi,Fluorescence sum in peri-root region (filter F586),a.u.,,float,plant_round,,,HADES:FLUOR:F586:PERI_ROOT:SUM,fluorcam_single_channel,F586,"Per-acquisition FluorCam protocol from the raw acquisition TAR. The protocol may activate one or multiple excitation channels at user-defined percentages (Act1, Act2, Super, FAR, UV, RBLUE, BLUE, GREEN, AMBER, RED) and also records settings such as Filter, ShutterTime, and Sensitivity.",,assay-dependent,peri_root,dilated_root_exclusive,FC1,Common assay mappings used at NPEC: mCherry -> F635; coumarin-related fluorescence -> F483; mTurquoise2 -> F513; GFP -> F513/F520; YFP emission near 596 nm is captured with the HADES F593 filter.,,scalar,peri-root fluorescence signal,,peri-root region,,fluorescence signal,,RootCam fluorescence ROI quantification,"A RootCam fluorescence image is acquired using a user-selected FluorCam protocol and emission filter. The raw TAR contains the acquisition protocol, including excitation-channel percentages, filter selection, shutter time and sensitivity. FC_analysis.py extracts the archived .dumm image, horizontally flips it, and applies filter- and FC-unit-specific geometric alignment to the ROI masks generated from the corresponding backlit image. Mean or summed pixel intensity is then calculated within each ROI. ROI pixel counts are represented separately as channel-independent mask variables rather than duplicated by filter.",https://github.com/valerian-meline/HADES_FC; https://npec-nl.github.io/hades-research-resources,active,1.0.0,,
fluor.F593.peri_root.mean,fluor.F593.peri_root,fluorescence,fluorcam_single_channel_roi,Fluorescence mean in peri-root region (filter F593),a.u.,,float,plant_round,,,HADES:FLUOR:F593:PERI_ROOT:MEAN,fluorcam_single_channel,F593,"Per-acquisition FluorCam protocol from the raw acquisition TAR. The protocol may activate one or multiple excitation channels at user-defined percentages (Act1, Act2, Super, FAR, UV, RBLUE, BLUE, GREEN, AMBER, RED) and also records settings such as Filter, ShutterTime, and Sensitivity.",,assay-dependent,peri_root,dilated_root_exclusive,FC1|FC2,Common assay mappings used at NPEC: mCherry -> F635; coumarin-related fluorescence -> F483; mTurquoise2 -> F513; GFP -> F513/F520; YFP emission near 596 nm is captured with the HADES F593 filter.,,scalar,peri-root fluorescence signal,,peri-root region,,fluorescence signal,,RootCam fluorescence ROI quantification,"A RootCam fluorescence image is acquired using a user-selected FluorCam protocol and emission filter. The raw TAR contains the acquisition protocol, including excitation-channel percentages, filter selection, shutter time and sensitivity. FC_analysis.py extracts the archived .dumm image, horizontally flips it, and applies filter- and FC-unit-specific geometric alignment to the ROI masks generated from the corresponding backlit image. Mean or summed pixel intensity is then calculated within each ROI. ROI pixel counts are represented separately as channel-independent mask variables rather than duplicated by filter.",https://github.com/valerian-meline/HADES_FC; https://npec-nl.github.io/hades-research-resources,active,1.0.0,,
fluor.F593.peri_root.sum,fluor.F593.peri_root,fluorescence,fluorcam_single_channel_roi,Fluorescence sum in peri-root region (filter F593),a.u.,,float,plant_round,,,HADES:FLUOR:F593:PERI_ROOT:SUM,fluorcam_single_channel,F593,"Per-acquisition FluorCam protocol from the raw acquisition TAR. The protocol may activate one or multiple excitation channels at user-defined percentages (Act1, Act2, Super, FAR, UV, RBLUE, BLUE, GREEN, AMBER, RED) and also records settings such as Filter, ShutterTime, and Sensitivity.",,assay-dependent,peri_root,dilated_root_exclusive,FC1|FC2,Common assay mappings used at NPEC: mCherry -> F635; coumarin-related fluorescence -> F483; mTurquoise2 -> F513; GFP -> F513/F520; YFP emission near 596 nm is captured with the HADES F593 filter.,,scalar,peri-root fluorescence signal,,peri-root region,,fluorescence signal,,RootCam fluorescence ROI quantification,"A RootCam fluorescence image is acquired using a user-selected FluorCam protocol and emission filter. The raw TAR contains the acquisition protocol, including excitation-channel percentages, filter selection, shutter time and sensitivity. FC_analysis.py extracts the archived .dumm image, horizontally flips it, and applies filter- and FC-unit-specific geometric alignment to the ROI masks generated from the corresponding backlit image. Mean or summed pixel intensity is then calculated within each ROI. ROI pixel counts are represented separately as channel-independent mask variables rather than duplicated by filter.",https://github.com/valerian-meline/HADES_FC; https://npec-nl.github.io/hades-research-resources,active,1.0.0,,
fluor.F635.peri_root.mean,fluor.F635.peri_root,fluorescence,fluorcam_single_channel_roi,Fluorescence mean in peri-root region (filter F635),a.u.,,float,plant_round,,,HADES:FLUOR:F635:PERI_ROOT:MEAN,fluorcam_single_channel,F635,"Per-acquisition FluorCam protocol from the raw acquisition TAR. The protocol may activate one or multiple excitation channels at user-defined percentages (Act1, Act2, Super, FAR, UV, RBLUE, BLUE, GREEN, AMBER, RED) and also records settings such as Filter, ShutterTime, and Sensitivity.",,assay-dependent,peri_root,dilated_root_exclusive,FC2,Common assay mappings used at NPEC: mCherry -> F635; coumarin-related fluorescence -> F483; mTurquoise2 -> F513; GFP -> F513/F520; YFP emission near 596 nm is captured with the HADES F593 filter.,,scalar,peri-root fluorescence signal,,peri-root region,,fluorescence signal,,RootCam fluorescence ROI quantification,"A RootCam fluorescence image is acquired using a user-selected FluorCam protocol and emission filter. The raw TAR contains the acquisition protocol, including excitation-channel percentages, filter selection, shutter time and sensitivity. FC_analysis.py extracts the archived .dumm image, horizontally flips it, and applies filter- and FC-unit-specific geometric alignment to the ROI masks generated from the corresponding backlit image. Mean or summed pixel intensity is then calculated within each ROI. ROI pixel counts are represented separately as channel-independent mask variables rather than duplicated by filter.",https://github.com/valerian-meline/HADES_FC; https://npec-nl.github.io/hades-research-resources,active,1.0.0,,
fluor.F635.peri_root.sum,fluor.F635.peri_root,fluorescence,fluorcam_single_channel_roi,Fluorescence sum in peri-root region (filter F635),a.u.,,float,plant_round,,,HADES:FLUOR:F635:PERI_ROOT:SUM,fluorcam_single_channel,F635,"Per-acquisition FluorCam protocol from the raw acquisition TAR. The protocol may activate one or multiple excitation channels at user-defined percentages (Act1, Act2, Super, FAR, UV, RBLUE, BLUE, GREEN, AMBER, RED) and also records settings such as Filter, ShutterTime, and Sensitivity.",,assay-dependent,peri_root,dilated_root_exclusive,FC2,Common assay mappings used at NPEC: mCherry -> F635; coumarin-related fluorescence -> F483; mTurquoise2 -> F513; GFP -> F513/F520; YFP emission near 596 nm is captured with the HADES F593 filter.,,scalar,peri-root fluorescence signal,,peri-root region,,fluorescence signal,,RootCam fluorescence ROI quantification,"A RootCam fluorescence image is acquired using a user-selected FluorCam protocol and emission filter. The raw TAR contains the acquisition protocol, including excitation-channel percentages, filter selection, shutter time and sensitivity. FC_analysis.py extracts the archived .dumm image, horizontally flips it, and applies filter- and FC-unit-specific geometric alignment to the ROI masks generated from the corresponding backlit image. Mean or summed pixel intensity is then calculated within each ROI. ROI pixel counts are represented separately as channel-independent mask variables rather than duplicated by filter.",https://github.com/valerian-meline/HADES_FC; https://npec-nl.github.io/hades-research-resources,active,1.0.0,,
fluor.ChlF.peri_root.mean,fluor.ChlF.peri_root,fluorescence,fluorcam_single_channel_roi,Fluorescence mean in peri-root region (filter ChlF),a.u.,,float,plant_round,,,HADES:FLUOR:ChlF:PERI_ROOT:MEAN,fluorcam_single_channel,ChlF,"Per-acquisition FluorCam protocol from the raw acquisition TAR. The protocol may activate one or multiple excitation channels at user-defined percentages (Act1, Act2, Super, FAR, UV, RBLUE, BLUE, GREEN, AMBER, RED) and also records settings such as Filter, ShutterTime, and Sensitivity.",,assay-dependent,peri_root,dilated_root_exclusive,FC2,Common assay mappings used at NPEC: mCherry -> F635; coumarin-related fluorescence -> F483; mTurquoise2 -> F513; GFP -> F513/F520; YFP emission near 596 nm is captured with the HADES F593 filter.,,scalar,peri-root fluorescence signal,,peri-root region,,fluorescence signal,,RootCam fluorescence ROI quantification,"A RootCam fluorescence image is acquired using a user-selected FluorCam protocol and emission filter. The raw TAR contains the acquisition protocol, including excitation-channel percentages, filter selection, shutter time and sensitivity. FC_analysis.py extracts the archived .dumm image, horizontally flips it, and applies filter- and FC-unit-specific geometric alignment to the ROI masks generated from the corresponding backlit image. Mean or summed pixel intensity is then calculated within each ROI. ROI pixel counts are represented separately as channel-independent mask variables rather than duplicated by filter.",https://github.com/valerian-meline/HADES_FC; https://npec-nl.github.io/hades-research-resources,active,1.0.0,,
fluor.ChlF.peri_root.sum,fluor.ChlF.peri_root,fluorescence,fluorcam_single_channel_roi,Fluorescence sum in peri-root region (filter ChlF),a.u.,,float,plant_round,,,HADES:FLUOR:ChlF:PERI_ROOT:SUM,fluorcam_single_channel,ChlF,"Per-acquisition FluorCam protocol from the raw acquisition TAR. The protocol may activate one or multiple excitation channels at user-defined percentages (Act1, Act2, Super, FAR, UV, RBLUE, BLUE, GREEN, AMBER, RED) and also records settings such as Filter, ShutterTime, and Sensitivity.",,assay-dependent,peri_root,dilated_root_exclusive,FC2,Common assay mappings used at NPEC: mCherry -> F635; coumarin-related fluorescence -> F483; mTurquoise2 -> F513; GFP -> F513/F520; YFP emission near 596 nm is captured with the HADES F593 filter.,,scalar,peri-root fluorescence signal,,peri-root region,,fluorescence signal,,RootCam fluorescence ROI quantification,"A RootCam fluorescence image is acquired using a user-selected FluorCam protocol and emission filter. The raw TAR contains the acquisition protocol, including excitation-channel percentages, filter selection, shutter time and sensitivity. FC_analysis.py extracts the archived .dumm image, horizontally flips it, and applies filter- and FC-unit-specific geometric alignment to the ROI masks generated from the corresponding backlit image. Mean or summed pixel intensity is then calculated within each ROI. ROI pixel counts are represented separately as channel-independent mask variables rather than duplicated by filter.",https://github.com/valerian-meline/HADES_FC; https://npec-nl.github.io/hades-research-resources,active,1.0.0,,
fluor.glass.peri_root.mean,fluor.glass.peri_root,fluorescence,fluorcam_single_channel_roi,Fluorescence mean in peri-root region (filter glass),a.u.,,float,plant_round,,,HADES:FLUOR:glass:PERI_ROOT:MEAN,fluorcam_single_channel,glass,"Per-acquisition FluorCam protocol from the raw acquisition TAR. The protocol may activate one or multiple excitation channels at user-defined percentages (Act1, Act2, Super, FAR, UV, RBLUE, BLUE, GREEN, AMBER, RED) and also records settings such as Filter, ShutterTime, and Sensitivity.",,assay-dependent,peri_root,dilated_root_exclusive,FC1|FC2,Common assay mappings used at NPEC: mCherry -> F635; coumarin-related fluorescence -> F483; mTurquoise2 -> F513; GFP -> F513/F520; YFP emission near 596 nm is captured with the HADES F593 filter.,,scalar,peri-root fluorescence signal,,peri-root region,,fluorescence signal,,RootCam fluorescence ROI quantification,"A RootCam fluorescence image is acquired using a user-selected FluorCam protocol and emission filter. The raw TAR contains the acquisition protocol, including excitation-channel percentages, filter selection, shutter time and sensitivity. FC_analysis.py extracts the archived .dumm image, horizontally flips it, and applies filter- and FC-unit-specific geometric alignment to the ROI masks generated from the corresponding backlit image. Mean or summed pixel intensity is then calculated within each ROI. ROI pixel counts are represented separately as channel-independent mask variables rather than duplicated by filter.",https://github.com/valerian-meline/HADES_FC; https://npec-nl.github.io/hades-research-resources,active,1.0.0,,
fluor.glass.peri_root.sum,fluor.glass.peri_root,fluorescence,fluorcam_single_channel_roi,Fluorescence sum in peri-root region (filter glass),a.u.,,float,plant_round,,,HADES:FLUOR:glass:PERI_ROOT:SUM,fluorcam_single_channel,glass,"Per-acquisition FluorCam protocol from the raw acquisition TAR. The protocol may activate one or multiple excitation channels at user-defined percentages (Act1, Act2, Super, FAR, UV, RBLUE, BLUE, GREEN, AMBER, RED) and also records settings such as Filter, ShutterTime, and Sensitivity.",,assay-dependent,peri_root,dilated_root_exclusive,FC1|FC2,Common assay mappings used at NPEC: mCherry -> F635; coumarin-related fluorescence -> F483; mTurquoise2 -> F513; GFP -> F513/F520; YFP emission near 596 nm is captured with the HADES F593 filter.,,scalar,peri-root fluorescence signal,,peri-root region,,fluorescence signal,,RootCam fluorescence ROI quantification,"A RootCam fluorescence image is acquired using a user-selected FluorCam protocol and emission filter. The raw TAR contains the acquisition protocol, including excitation-channel percentages, filter selection, shutter time and sensitivity. FC_analysis.py extracts the archived .dumm image, horizontally flips it, and applies filter- and FC-unit-specific geometric alignment to the ROI masks generated from the corresponding backlit image. Mean or summed pixel intensity is then calculated within each ROI. ROI pixel counts are represented separately as channel-independent mask variables rather than duplicated by filter.",https://github.com/valerian-meline/HADES_FC; https://npec-nl.github.io/hades-research-resources,active,1.0.0,,
fluor.F448.root_plus_peri.mean,fluor.F448.root_plus_peri,fluorescence,fluorcam_single_channel_roi,Fluorescence mean in root + peri-root region (filter F448),a.u.,,float,plant_round,,,HADES:FLUOR:F448:ROOT_PLUS_PERI:MEAN,fluorcam_single_channel,F448,"Per-acquisition FluorCam protocol from the raw acquisition TAR. The protocol may activate one or multiple excitation channels at user-defined percentages (Act1, Act2, Super, FAR, UV, RBLUE, BLUE, GREEN, AMBER, RED) and also records settings such as Filter, ShutterTime, and Sensitivity.",,assay-dependent,root_plus_peri,dilated_root,FC2,Common assay mappings used at NPEC: mCherry -> F635; coumarin-related fluorescence -> F483; mTurquoise2 -> F513; GFP -> F513/F520; YFP emission near 596 nm is captured with the HADES F593 filter.,,scalar,root + peri-root fluorescence signal,,root and peri-root region,,fluorescence signal,,RootCam fluorescence ROI quantification,"A RootCam fluorescence image is acquired using a user-selected FluorCam protocol and emission filter. The raw TAR contains the acquisition protocol, including excitation-channel percentages, filter selection, shutter time and sensitivity. FC_analysis.py extracts the archived .dumm image, horizontally flips it, and applies filter- and FC-unit-specific geometric alignment to the ROI masks generated from the corresponding backlit image. Mean or summed pixel intensity is then calculated within each ROI. ROI pixel counts are represented separately as channel-independent mask variables rather than duplicated by filter.",https://github.com/valerian-meline/HADES_FC; https://npec-nl.github.io/hades-research-resources,active,1.0.0,,
fluor.F448.root_plus_peri.sum,fluor.F448.root_plus_peri,fluorescence,fluorcam_single_channel_roi,Fluorescence sum in root + peri-root region (filter F448),a.u.,,float,plant_round,,,HADES:FLUOR:F448:ROOT_PLUS_PERI:SUM,fluorcam_single_channel,F448,"Per-acquisition FluorCam protocol from the raw acquisition TAR. The protocol may activate one or multiple excitation channels at user-defined percentages (Act1, Act2, Super, FAR, UV, RBLUE, BLUE, GREEN, AMBER, RED) and also records settings such as Filter, ShutterTime, and Sensitivity.",,assay-dependent,root_plus_peri,dilated_root,FC2,Common assay mappings used at NPEC: mCherry -> F635; coumarin-related fluorescence -> F483; mTurquoise2 -> F513; GFP -> F513/F520; YFP emission near 596 nm is captured with the HADES F593 filter.,,scalar,root + peri-root fluorescence signal,,root and peri-root region,,fluorescence signal,,RootCam fluorescence ROI quantification,"A RootCam fluorescence image is acquired using a user-selected FluorCam protocol and emission filter. The raw TAR contains the acquisition protocol, including excitation-channel percentages, filter selection, shutter time and sensitivity. FC_analysis.py extracts the archived .dumm image, horizontally flips it, and applies filter- and FC-unit-specific geometric alignment to the ROI masks generated from the corresponding backlit image. Mean or summed pixel intensity is then calculated within each ROI. ROI pixel counts are represented separately as channel-independent mask variables rather than duplicated by filter.",https://github.com/valerian-meline/HADES_FC; https://npec-nl.github.io/hades-research-resources,active,1.0.0,,
fluor.F469.root_plus_peri.mean,fluor.F469.root_plus_peri,fluorescence,fluorcam_single_channel_roi,Fluorescence mean in root + peri-root region (filter F469),a.u.,,float,plant_round,,,HADES:FLUOR:F469:ROOT_PLUS_PERI:MEAN,fluorcam_single_channel,F469,"Per-acquisition FluorCam protocol from the raw acquisition TAR. The protocol may activate one or multiple excitation channels at user-defined percentages (Act1, Act2, Super, FAR, UV, RBLUE, BLUE, GREEN, AMBER, RED) and also records settings such as Filter, ShutterTime, and Sensitivity.",,assay-dependent,root_plus_peri,dilated_root,FC1,Common assay mappings used at NPEC: mCherry -> F635; coumarin-related fluorescence -> F483; mTurquoise2 -> F513; GFP -> F513/F520; YFP emission near 596 nm is captured with the HADES F593 filter.,,scalar,root + peri-root fluorescence signal,,root and peri-root region,,fluorescence signal,,RootCam fluorescence ROI quantification,"A RootCam fluorescence image is acquired using a user-selected FluorCam protocol and emission filter. The raw TAR contains the acquisition protocol, including excitation-channel percentages, filter selection, shutter time and sensitivity. FC_analysis.py extracts the archived .dumm image, horizontally flips it, and applies filter- and FC-unit-specific geometric alignment to the ROI masks generated from the corresponding backlit image. Mean or summed pixel intensity is then calculated within each ROI. ROI pixel counts are represented separately as channel-independent mask variables rather than duplicated by filter.",https://github.com/valerian-meline/HADES_FC; https://npec-nl.github.io/hades-research-resources,active,1.0.0,,
fluor.F469.root_plus_peri.sum,fluor.F469.root_plus_peri,fluorescence,fluorcam_single_channel_roi,Fluorescence sum in root + peri-root region (filter F469),a.u.,,float,plant_round,,,HADES:FLUOR:F469:ROOT_PLUS_PERI:SUM,fluorcam_single_channel,F469,"Per-acquisition FluorCam protocol from the raw acquisition TAR. The protocol may activate one or multiple excitation channels at user-defined percentages (Act1, Act2, Super, FAR, UV, RBLUE, BLUE, GREEN, AMBER, RED) and also records settings such as Filter, ShutterTime, and Sensitivity.",,assay-dependent,root_plus_peri,dilated_root,FC1,Common assay mappings used at NPEC: mCherry -> F635; coumarin-related fluorescence -> F483; mTurquoise2 -> F513; GFP -> F513/F520; YFP emission near 596 nm is captured with the HADES F593 filter.,,scalar,root + peri-root fluorescence signal,,root and peri-root region,,fluorescence signal,,RootCam fluorescence ROI quantification,"A RootCam fluorescence image is acquired using a user-selected FluorCam protocol and emission filter. The raw TAR contains the acquisition protocol, including excitation-channel percentages, filter selection, shutter time and sensitivity. FC_analysis.py extracts the archived .dumm image, horizontally flips it, and applies filter- and FC-unit-specific geometric alignment to the ROI masks generated from the corresponding backlit image. Mean or summed pixel intensity is then calculated within each ROI. ROI pixel counts are represented separately as channel-independent mask variables rather than duplicated by filter.",https://github.com/valerian-meline/HADES_FC; https://npec-nl.github.io/hades-research-resources,active,1.0.0,,
fluor.F483.root_plus_peri.mean,fluor.F483.root_plus_peri,fluorescence,fluorcam_single_channel_roi,Fluorescence mean in root + peri-root region (filter F483),a.u.,,float,plant_round,,,HADES:FLUOR:F483:ROOT_PLUS_PERI:MEAN,fluorcam_single_channel,F483,"Per-acquisition FluorCam protocol from the raw acquisition TAR. The protocol may activate one or multiple excitation channels at user-defined percentages (Act1, Act2, Super, FAR, UV, RBLUE, BLUE, GREEN, AMBER, RED) and also records settings such as Filter, ShutterTime, and Sensitivity.",,assay-dependent,root_plus_peri,dilated_root,FC1,Common assay mappings used at NPEC: mCherry -> F635; coumarin-related fluorescence -> F483; mTurquoise2 -> F513; GFP -> F513/F520; YFP emission near 596 nm is captured with the HADES F593 filter.,,scalar,root + peri-root fluorescence signal,,root and peri-root region,,fluorescence signal,,RootCam fluorescence ROI quantification,"A RootCam fluorescence image is acquired using a user-selected FluorCam protocol and emission filter. The raw TAR contains the acquisition protocol, including excitation-channel percentages, filter selection, shutter time and sensitivity. FC_analysis.py extracts the archived .dumm image, horizontally flips it, and applies filter- and FC-unit-specific geometric alignment to the ROI masks generated from the corresponding backlit image. Mean or summed pixel intensity is then calculated within each ROI. ROI pixel counts are represented separately as channel-independent mask variables rather than duplicated by filter.",https://github.com/valerian-meline/HADES_FC; https://npec-nl.github.io/hades-research-resources,active,1.0.0,,
fluor.F483.root_plus_peri.sum,fluor.F483.root_plus_peri,fluorescence,fluorcam_single_channel_roi,Fluorescence sum in root + peri-root region (filter F483),a.u.,,float,plant_round,,,HADES:FLUOR:F483:ROOT_PLUS_PERI:SUM,fluorcam_single_channel,F483,"Per-acquisition FluorCam protocol from the raw acquisition TAR. The protocol may activate one or multiple excitation channels at user-defined percentages (Act1, Act2, Super, FAR, UV, RBLUE, BLUE, GREEN, AMBER, RED) and also records settings such as Filter, ShutterTime, and Sensitivity.",,assay-dependent,root_plus_peri,dilated_root,FC1,Common assay mappings used at NPEC: mCherry -> F635; coumarin-related fluorescence -> F483; mTurquoise2 -> F513; GFP -> F513/F520; YFP emission near 596 nm is captured with the HADES F593 filter.,,scalar,root + peri-root fluorescence signal,,root and peri-root region,,fluorescence signal,,RootCam fluorescence ROI quantification,"A RootCam fluorescence image is acquired using a user-selected FluorCam protocol and emission filter. The raw TAR contains the acquisition protocol, including excitation-channel percentages, filter selection, shutter time and sensitivity. FC_analysis.py extracts the archived .dumm image, horizontally flips it, and applies filter- and FC-unit-specific geometric alignment to the ROI masks generated from the corresponding backlit image. Mean or summed pixel intensity is then calculated within each ROI. ROI pixel counts are represented separately as channel-independent mask variables rather than duplicated by filter.",https://github.com/valerian-meline/HADES_FC; https://npec-nl.github.io/hades-research-resources,active,1.0.0,,
fluor.F513.root_plus_peri.mean,fluor.F513.root_plus_peri,fluorescence,fluorcam_single_channel_roi,Fluorescence mean in root + peri-root region (filter F513),a.u.,,float,plant_round,,,HADES:FLUOR:F513:ROOT_PLUS_PERI:MEAN,fluorcam_single_channel,F513,"Per-acquisition FluorCam protocol from the raw acquisition TAR. The protocol may activate one or multiple excitation channels at user-defined percentages (Act1, Act2, Super, FAR, UV, RBLUE, BLUE, GREEN, AMBER, RED) and also records settings such as Filter, ShutterTime, and Sensitivity.",,assay-dependent,root_plus_peri,dilated_root,FC1|FC2,Common assay mappings used at NPEC: mCherry -> F635; coumarin-related fluorescence -> F483; mTurquoise2 -> F513; GFP -> F513/F520; YFP emission near 596 nm is captured with the HADES F593 filter.,,scalar,root + peri-root fluorescence signal,,root and peri-root region,,fluorescence signal,,RootCam fluorescence ROI quantification,"A RootCam fluorescence image is acquired using a user-selected FluorCam protocol and emission filter. The raw TAR contains the acquisition protocol, including excitation-channel percentages, filter selection, shutter time and sensitivity. FC_analysis.py extracts the archived .dumm image, horizontally flips it, and applies filter- and FC-unit-specific geometric alignment to the ROI masks generated from the corresponding backlit image. Mean or summed pixel intensity is then calculated within each ROI. ROI pixel counts are represented separately as channel-independent mask variables rather than duplicated by filter.",https://github.com/valerian-meline/HADES_FC; https://npec-nl.github.io/hades-research-resources,active,1.0.0,,
fluor.F513.root_plus_peri.sum,fluor.F513.root_plus_peri,fluorescence,fluorcam_single_channel_roi,Fluorescence sum in root + peri-root region (filter F513),a.u.,,float,plant_round,,,HADES:FLUOR:F513:ROOT_PLUS_PERI:SUM,fluorcam_single_channel,F513,"Per-acquisition FluorCam protocol from the raw acquisition TAR. The protocol may activate one or multiple excitation channels at user-defined percentages (Act1, Act2, Super, FAR, UV, RBLUE, BLUE, GREEN, AMBER, RED) and also records settings such as Filter, ShutterTime, and Sensitivity.",,assay-dependent,root_plus_peri,dilated_root,FC1|FC2,Common assay mappings used at NPEC: mCherry -> F635; coumarin-related fluorescence -> F483; mTurquoise2 -> F513; GFP -> F513/F520; YFP emission near 596 nm is captured with the HADES F593 filter.,,scalar,root + peri-root fluorescence signal,,root and peri-root region,,fluorescence signal,,RootCam fluorescence ROI quantification,"A RootCam fluorescence image is acquired using a user-selected FluorCam protocol and emission filter. The raw TAR contains the acquisition protocol, including excitation-channel percentages, filter selection, shutter time and sensitivity. FC_analysis.py extracts the archived .dumm image, horizontally flips it, and applies filter- and FC-unit-specific geometric alignment to the ROI masks generated from the corresponding backlit image. Mean or summed pixel intensity is then calculated within each ROI. ROI pixel counts are represented separately as channel-independent mask variables rather than duplicated by filter.",https://github.com/valerian-meline/HADES_FC; https://npec-nl.github.io/hades-research-resources,active,1.0.0,,
fluor.F520.root_plus_peri.mean,fluor.F520.root_plus_peri,fluorescence,fluorcam_single_channel_roi,Fluorescence mean in root + peri-root region (filter F520),a.u.,,float,plant_round,,,HADES:FLUOR:F520:ROOT_PLUS_PERI:MEAN,fluorcam_single_channel,F520,"Per-acquisition FluorCam protocol from the raw acquisition TAR. The protocol may activate one or multiple excitation channels at user-defined percentages (Act1, Act2, Super, FAR, UV, RBLUE, BLUE, GREEN, AMBER, RED) and also records settings such as Filter, ShutterTime, and Sensitivity.",,assay-dependent,root_plus_peri,dilated_root,FC2,Common assay mappings used at NPEC: mCherry -> F635; coumarin-related fluorescence -> F483; mTurquoise2 -> F513; GFP -> F513/F520; YFP emission near 596 nm is captured with the HADES F593 filter.,,scalar,root + peri-root fluorescence signal,,root and peri-root region,,fluorescence signal,,RootCam fluorescence ROI quantification,"A RootCam fluorescence image is acquired using a user-selected FluorCam protocol and emission filter. The raw TAR contains the acquisition protocol, including excitation-channel percentages, filter selection, shutter time and sensitivity. FC_analysis.py extracts the archived .dumm image, horizontally flips it, and applies filter- and FC-unit-specific geometric alignment to the ROI masks generated from the corresponding backlit image. Mean or summed pixel intensity is then calculated within each ROI. ROI pixel counts are represented separately as channel-independent mask variables rather than duplicated by filter.",https://github.com/valerian-meline/HADES_FC; https://npec-nl.github.io/hades-research-resources,active,1.0.0,,
fluor.F520.root_plus_peri.sum,fluor.F520.root_plus_peri,fluorescence,fluorcam_single_channel_roi,Fluorescence sum in root + peri-root region (filter F520),a.u.,,float,plant_round,,,HADES:FLUOR:F520:ROOT_PLUS_PERI:SUM,fluorcam_single_channel,F520,"Per-acquisition FluorCam protocol from the raw acquisition TAR. The protocol may activate one or multiple excitation channels at user-defined percentages (Act1, Act2, Super, FAR, UV, RBLUE, BLUE, GREEN, AMBER, RED) and also records settings such as Filter, ShutterTime, and Sensitivity.",,assay-dependent,root_plus_peri,dilated_root,FC2,Common assay mappings used at NPEC: mCherry -> F635; coumarin-related fluorescence -> F483; mTurquoise2 -> F513; GFP -> F513/F520; YFP emission near 596 nm is captured with the HADES F593 filter.,,scalar,root + peri-root fluorescence signal,,root and peri-root region,,fluorescence signal,,RootCam fluorescence ROI quantification,"A RootCam fluorescence image is acquired using a user-selected FluorCam protocol and emission filter. The raw TAR contains the acquisition protocol, including excitation-channel percentages, filter selection, shutter time and sensitivity. FC_analysis.py extracts the archived .dumm image, horizontally flips it, and applies filter- and FC-unit-specific geometric alignment to the ROI masks generated from the corresponding backlit image. Mean or summed pixel intensity is then calculated within each ROI. ROI pixel counts are represented separately as channel-independent mask variables rather than duplicated by filter.",https://github.com/valerian-meline/HADES_FC; https://npec-nl.github.io/hades-research-resources,active,1.0.0,,
fluor.F565.root_plus_peri.mean,fluor.F565.root_plus_peri,fluorescence,fluorcam_single_channel_roi,Fluorescence mean in root + peri-root region (filter F565),a.u.,,float,plant_round,,,HADES:FLUOR:F565:ROOT_PLUS_PERI:MEAN,fluorcam_single_channel,F565,"Per-acquisition FluorCam protocol from the raw acquisition TAR. The protocol may activate one or multiple excitation channels at user-defined percentages (Act1, Act2, Super, FAR, UV, RBLUE, BLUE, GREEN, AMBER, RED) and also records settings such as Filter, ShutterTime, and Sensitivity.",,assay-dependent,root_plus_peri,dilated_root,FC1,Common assay mappings used at NPEC: mCherry -> F635; coumarin-related fluorescence -> F483; mTurquoise2 -> F513; GFP -> F513/F520; YFP emission near 596 nm is captured with the HADES F593 filter.,,scalar,root + peri-root fluorescence signal,,root and peri-root region,,fluorescence signal,,RootCam fluorescence ROI quantification,"A RootCam fluorescence image is acquired using a user-selected FluorCam protocol and emission filter. The raw TAR contains the acquisition protocol, including excitation-channel percentages, filter selection, shutter time and sensitivity. FC_analysis.py extracts the archived .dumm image, horizontally flips it, and applies filter- and FC-unit-specific geometric alignment to the ROI masks generated from the corresponding backlit image. Mean or summed pixel intensity is then calculated within each ROI. ROI pixel counts are represented separately as channel-independent mask variables rather than duplicated by filter.",https://github.com/valerian-meline/HADES_FC; https://npec-nl.github.io/hades-research-resources,active,1.0.0,,
fluor.F565.root_plus_peri.sum,fluor.F565.root_plus_peri,fluorescence,fluorcam_single_channel_roi,Fluorescence sum in root + peri-root region (filter F565),a.u.,,float,plant_round,,,HADES:FLUOR:F565:ROOT_PLUS_PERI:SUM,fluorcam_single_channel,F565,"Per-acquisition FluorCam protocol from the raw acquisition TAR. The protocol may activate one or multiple excitation channels at user-defined percentages (Act1, Act2, Super, FAR, UV, RBLUE, BLUE, GREEN, AMBER, RED) and also records settings such as Filter, ShutterTime, and Sensitivity.",,assay-dependent,root_plus_peri,dilated_root,FC1,Common assay mappings used at NPEC: mCherry -> F635; coumarin-related fluorescence -> F483; mTurquoise2 -> F513; GFP -> F513/F520; YFP emission near 596 nm is captured with the HADES F593 filter.,,scalar,root + peri-root fluorescence signal,,root and peri-root region,,fluorescence signal,,RootCam fluorescence ROI quantification,"A RootCam fluorescence image is acquired using a user-selected FluorCam protocol and emission filter. The raw TAR contains the acquisition protocol, including excitation-channel percentages, filter selection, shutter time and sensitivity. FC_analysis.py extracts the archived .dumm image, horizontally flips it, and applies filter- and FC-unit-specific geometric alignment to the ROI masks generated from the corresponding backlit image. Mean or summed pixel intensity is then calculated within each ROI. ROI pixel counts are represented separately as channel-independent mask variables rather than duplicated by filter.",https://github.com/valerian-meline/HADES_FC; https://npec-nl.github.io/hades-research-resources,active,1.0.0,,
fluor.F586.root_plus_peri.mean,fluor.F586.root_plus_peri,fluorescence,fluorcam_single_channel_roi,Fluorescence mean in root + peri-root region (filter F586),a.u.,,float,plant_round,,,HADES:FLUOR:F586:ROOT_PLUS_PERI:MEAN,fluorcam_single_channel,F586,"Per-acquisition FluorCam protocol from the raw acquisition TAR. The protocol may activate one or multiple excitation channels at user-defined percentages (Act1, Act2, Super, FAR, UV, RBLUE, BLUE, GREEN, AMBER, RED) and also records settings such as Filter, ShutterTime, and Sensitivity.",,assay-dependent,root_plus_peri,dilated_root,FC1,Common assay mappings used at NPEC: mCherry -> F635; coumarin-related fluorescence -> F483; mTurquoise2 -> F513; GFP -> F513/F520; YFP emission near 596 nm is captured with the HADES F593 filter.,,scalar,root + peri-root fluorescence signal,,root and peri-root region,,fluorescence signal,,RootCam fluorescence ROI quantification,"A RootCam fluorescence image is acquired using a user-selected FluorCam protocol and emission filter. The raw TAR contains the acquisition protocol, including excitation-channel percentages, filter selection, shutter time and sensitivity. FC_analysis.py extracts the archived .dumm image, horizontally flips it, and applies filter- and FC-unit-specific geometric alignment to the ROI masks generated from the corresponding backlit image. Mean or summed pixel intensity is then calculated within each ROI. ROI pixel counts are represented separately as channel-independent mask variables rather than duplicated by filter.",https://github.com/valerian-meline/HADES_FC; https://npec-nl.github.io/hades-research-resources,active,1.0.0,,
fluor.F586.root_plus_peri.sum,fluor.F586.root_plus_peri,fluorescence,fluorcam_single_channel_roi,Fluorescence sum in root + peri-root region (filter F586),a.u.,,float,plant_round,,,HADES:FLUOR:F586:ROOT_PLUS_PERI:SUM,fluorcam_single_channel,F586,"Per-acquisition FluorCam protocol from the raw acquisition TAR. The protocol may activate one or multiple excitation channels at user-defined percentages (Act1, Act2, Super, FAR, UV, RBLUE, BLUE, GREEN, AMBER, RED) and also records settings such as Filter, ShutterTime, and Sensitivity.",,assay-dependent,root_plus_peri,dilated_root,FC1,Common assay mappings used at NPEC: mCherry -> F635; coumarin-related fluorescence -> F483; mTurquoise2 -> F513; GFP -> F513/F520; YFP emission near 596 nm is captured with the HADES F593 filter.,,scalar,root + peri-root fluorescence signal,,root and peri-root region,,fluorescence signal,,RootCam fluorescence ROI quantification,"A RootCam fluorescence image is acquired using a user-selected FluorCam protocol and emission filter. The raw TAR contains the acquisition protocol, including excitation-channel percentages, filter selection, shutter time and sensitivity. FC_analysis.py extracts the archived .dumm image, horizontally flips it, and applies filter- and FC-unit-specific geometric alignment to the ROI masks generated from the corresponding backlit image. Mean or summed pixel intensity is then calculated within each ROI. ROI pixel counts are represented separately as channel-independent mask variables rather than duplicated by filter.",https://github.com/valerian-meline/HADES_FC; https://npec-nl.github.io/hades-research-resources,active,1.0.0,,
fluor.F593.root_plus_peri.mean,fluor.F593.root_plus_peri,fluorescence,fluorcam_single_channel_roi,Fluorescence mean in root + peri-root region (filter F593),a.u.,,float,plant_round,,,HADES:FLUOR:F593:ROOT_PLUS_PERI:MEAN,fluorcam_single_channel,F593,"Per-acquisition FluorCam protocol from the raw acquisition TAR. The protocol may activate one or multiple excitation channels at user-defined percentages (Act1, Act2, Super, FAR, UV, RBLUE, BLUE, GREEN, AMBER, RED) and also records settings such as Filter, ShutterTime, and Sensitivity.",,assay-dependent,root_plus_peri,dilated_root,FC1|FC2,Common assay mappings used at NPEC: mCherry -> F635; coumarin-related fluorescence -> F483; mTurquoise2 -> F513; GFP -> F513/F520; YFP emission near 596 nm is captured with the HADES F593 filter.,,scalar,root + peri-root fluorescence signal,,root and peri-root region,,fluorescence signal,,RootCam fluorescence ROI quantification,"A RootCam fluorescence image is acquired using a user-selected FluorCam protocol and emission filter. The raw TAR contains the acquisition protocol, including excitation-channel percentages, filter selection, shutter time and sensitivity. FC_analysis.py extracts the archived .dumm image, horizontally flips it, and applies filter- and FC-unit-specific geometric alignment to the ROI masks generated from the corresponding backlit image. Mean or summed pixel intensity is then calculated within each ROI. ROI pixel counts are represented separately as channel-independent mask variables rather than duplicated by filter.",https://github.com/valerian-meline/HADES_FC; https://npec-nl.github.io/hades-research-resources,active,1.0.0,,
fluor.F593.root_plus_peri.sum,fluor.F593.root_plus_peri,fluorescence,fluorcam_single_channel_roi,Fluorescence sum in root + peri-root region (filter F593),a.u.,,float,plant_round,,,HADES:FLUOR:F593:ROOT_PLUS_PERI:SUM,fluorcam_single_channel,F593,"Per-acquisition FluorCam protocol from the raw acquisition TAR. The protocol may activate one or multiple excitation channels at user-defined percentages (Act1, Act2, Super, FAR, UV, RBLUE, BLUE, GREEN, AMBER, RED) and also records settings such as Filter, ShutterTime, and Sensitivity.",,assay-dependent,root_plus_peri,dilated_root,FC1|FC2,Common assay mappings used at NPEC: mCherry -> F635; coumarin-related fluorescence -> F483; mTurquoise2 -> F513; GFP -> F513/F520; YFP emission near 596 nm is captured with the HADES F593 filter.,,scalar,root + peri-root fluorescence signal,,root and peri-root region,,fluorescence signal,,RootCam fluorescence ROI quantification,"A RootCam fluorescence image is acquired using a user-selected FluorCam protocol and emission filter. The raw TAR contains the acquisition protocol, including excitation-channel percentages, filter selection, shutter time and sensitivity. FC_analysis.py extracts the archived .dumm image, horizontally flips it, and applies filter- and FC-unit-specific geometric alignment to the ROI masks generated from the corresponding backlit image. Mean or summed pixel intensity is then calculated within each ROI. ROI pixel counts are represented separately as channel-independent mask variables rather than duplicated by filter.",https://github.com/valerian-meline/HADES_FC; https://npec-nl.github.io/hades-research-resources,active,1.0.0,,
fluor.F635.root_plus_peri.mean,fluor.F635.root_plus_peri,fluorescence,fluorcam_single_channel_roi,Fluorescence mean in root + peri-root region (filter F635),a.u.,,float,plant_round,,,HADES:FLUOR:F635:ROOT_PLUS_PERI:MEAN,fluorcam_single_channel,F635,"Per-acquisition FluorCam protocol from the raw acquisition TAR. The protocol may activate one or multiple excitation channels at user-defined percentages (Act1, Act2, Super, FAR, UV, RBLUE, BLUE, GREEN, AMBER, RED) and also records settings such as Filter, ShutterTime, and Sensitivity.",,assay-dependent,root_plus_peri,dilated_root,FC2,Common assay mappings used at NPEC: mCherry -> F635; coumarin-related fluorescence -> F483; mTurquoise2 -> F513; GFP -> F513/F520; YFP emission near 596 nm is captured with the HADES F593 filter.,,scalar,root + peri-root fluorescence signal,,root and peri-root region,,fluorescence signal,,RootCam fluorescence ROI quantification,"A RootCam fluorescence image is acquired using a user-selected FluorCam protocol and emission filter. The raw TAR contains the acquisition protocol, including excitation-channel percentages, filter selection, shutter time and sensitivity. FC_analysis.py extracts the archived .dumm image, horizontally flips it, and applies filter- and FC-unit-specific geometric alignment to the ROI masks generated from the corresponding backlit image. Mean or summed pixel intensity is then calculated within each ROI. ROI pixel counts are represented separately as channel-independent mask variables rather than duplicated by filter.",https://github.com/valerian-meline/HADES_FC; https://npec-nl.github.io/hades-research-resources,active,1.0.0,,
fluor.F635.root_plus_peri.sum,fluor.F635.root_plus_peri,fluorescence,fluorcam_single_channel_roi,Fluorescence sum in root + peri-root region (filter F635),a.u.,,float,plant_round,,,HADES:FLUOR:F635:ROOT_PLUS_PERI:SUM,fluorcam_single_channel,F635,"Per-acquisition FluorCam protocol from the raw acquisition TAR. The protocol may activate one or multiple excitation channels at user-defined percentages (Act1, Act2, Super, FAR, UV, RBLUE, BLUE, GREEN, AMBER, RED) and also records settings such as Filter, ShutterTime, and Sensitivity.",,assay-dependent,root_plus_peri,dilated_root,FC2,Common assay mappings used at NPEC: mCherry -> F635; coumarin-related fluorescence -> F483; mTurquoise2 -> F513; GFP -> F513/F520; YFP emission near 596 nm is captured with the HADES F593 filter.,,scalar,root + peri-root fluorescence signal,,root and peri-root region,,fluorescence signal,,RootCam fluorescence ROI quantification,"A RootCam fluorescence image is acquired using a user-selected FluorCam protocol and emission filter. The raw TAR contains the acquisition protocol, including excitation-channel percentages, filter selection, shutter time and sensitivity. FC_analysis.py extracts the archived .dumm image, horizontally flips it, and applies filter- and FC-unit-specific geometric alignment to the ROI masks generated from the corresponding backlit image. Mean or summed pixel intensity is then calculated within each ROI. ROI pixel counts are represented separately as channel-independent mask variables rather than duplicated by filter.",https://github.com/valerian-meline/HADES_FC; https://npec-nl.github.io/hades-research-resources,active,1.0.0,,
fluor.ChlF.root_plus_peri.mean,fluor.ChlF.root_plus_peri,fluorescence,fluorcam_single_channel_roi,Fluorescence mean in root + peri-root region (filter ChlF),a.u.,,float,plant_round,,,HADES:FLUOR:ChlF:ROOT_PLUS_PERI:MEAN,fluorcam_single_channel,ChlF,"Per-acquisition FluorCam protocol from the raw acquisition TAR. The protocol may activate one or multiple excitation channels at user-defined percentages (Act1, Act2, Super, FAR, UV, RBLUE, BLUE, GREEN, AMBER, RED) and also records settings such as Filter, ShutterTime, and Sensitivity.",,assay-dependent,root_plus_peri,dilated_root,FC2,Common assay mappings used at NPEC: mCherry -> F635; coumarin-related fluorescence -> F483; mTurquoise2 -> F513; GFP -> F513/F520; YFP emission near 596 nm is captured with the HADES F593 filter.,,scalar,root + peri-root fluorescence signal,,root and peri-root region,,fluorescence signal,,RootCam fluorescence ROI quantification,"A RootCam fluorescence image is acquired using a user-selected FluorCam protocol and emission filter. The raw TAR contains the acquisition protocol, including excitation-channel percentages, filter selection, shutter time and sensitivity. FC_analysis.py extracts the archived .dumm image, horizontally flips it, and applies filter- and FC-unit-specific geometric alignment to the ROI masks generated from the corresponding backlit image. Mean or summed pixel intensity is then calculated within each ROI. ROI pixel counts are represented separately as channel-independent mask variables rather than duplicated by filter.",https://github.com/valerian-meline/HADES_FC; https://npec-nl.github.io/hades-research-resources,active,1.0.0,,
fluor.ChlF.root_plus_peri.sum,fluor.ChlF.root_plus_peri,fluorescence,fluorcam_single_channel_roi,Fluorescence sum in root + peri-root region (filter ChlF),a.u.,,float,plant_round,,,HADES:FLUOR:ChlF:ROOT_PLUS_PERI:SUM,fluorcam_single_channel,ChlF,"Per-acquisition FluorCam protocol from the raw acquisition TAR. The protocol may activate one or multiple excitation channels at user-defined percentages (Act1, Act2, Super, FAR, UV, RBLUE, BLUE, GREEN, AMBER, RED) and also records settings such as Filter, ShutterTime, and Sensitivity.",,assay-dependent,root_plus_peri,dilated_root,FC2,Common assay mappings used at NPEC: mCherry -> F635; coumarin-related fluorescence -> F483; mTurquoise2 -> F513; GFP -> F513/F520; YFP emission near 596 nm is captured with the HADES F593 filter.,,scalar,root + peri-root fluorescence signal,,root and peri-root region,,fluorescence signal,,RootCam fluorescence ROI quantification,"A RootCam fluorescence image is acquired using a user-selected FluorCam protocol and emission filter. The raw TAR contains the acquisition protocol, including excitation-channel percentages, filter selection, shutter time and sensitivity. FC_analysis.py extracts the archived .dumm image, horizontally flips it, and applies filter- and FC-unit-specific geometric alignment to the ROI masks generated from the corresponding backlit image. Mean or summed pixel intensity is then calculated within each ROI. ROI pixel counts are represented separately as channel-independent mask variables rather than duplicated by filter.",https://github.com/valerian-meline/HADES_FC; https://npec-nl.github.io/hades-research-resources,active,1.0.0,,
fluor.glass.root_plus_peri.mean,fluor.glass.root_plus_peri,fluorescence,fluorcam_single_channel_roi,Fluorescence mean in root + peri-root region (filter glass),a.u.,,float,plant_round,,,HADES:FLUOR:glass:ROOT_PLUS_PERI:MEAN,fluorcam_single_channel,glass,"Per-acquisition FluorCam protocol from the raw acquisition TAR. The protocol may activate one or multiple excitation channels at user-defined percentages (Act1, Act2, Super, FAR, UV, RBLUE, BLUE, GREEN, AMBER, RED) and also records settings such as Filter, ShutterTime, and Sensitivity.",,assay-dependent,root_plus_peri,dilated_root,FC1|FC2,Common assay mappings used at NPEC: mCherry -> F635; coumarin-related fluorescence -> F483; mTurquoise2 -> F513; GFP -> F513/F520; YFP emission near 596 nm is captured with the HADES F593 filter.,,scalar,root + peri-root fluorescence signal,,root and peri-root region,,fluorescence signal,,RootCam fluorescence ROI quantification,"A RootCam fluorescence image is acquired using a user-selected FluorCam protocol and emission filter. The raw TAR contains the acquisition protocol, including excitation-channel percentages, filter selection, shutter time and sensitivity. FC_analysis.py extracts the archived .dumm image, horizontally flips it, and applies filter- and FC-unit-specific geometric alignment to the ROI masks generated from the corresponding backlit image. Mean or summed pixel intensity is then calculated within each ROI. ROI pixel counts are represented separately as channel-independent mask variables rather than duplicated by filter.",https://github.com/valerian-meline/HADES_FC; https://npec-nl.github.io/hades-research-resources,active,1.0.0,,
fluor.glass.root_plus_peri.sum,fluor.glass.root_plus_peri,fluorescence,fluorcam_single_channel_roi,Fluorescence sum in root + peri-root region (filter glass),a.u.,,float,plant_round,,,HADES:FLUOR:glass:ROOT_PLUS_PERI:SUM,fluorcam_single_channel,glass,"Per-acquisition FluorCam protocol from the raw acquisition TAR. The protocol may activate one or multiple excitation channels at user-defined percentages (Act1, Act2, Super, FAR, UV, RBLUE, BLUE, GREEN, AMBER, RED) and also records settings such as Filter, ShutterTime, and Sensitivity.",,assay-dependent,root_plus_peri,dilated_root,FC1|FC2,Common assay mappings used at NPEC: mCherry -> F635; coumarin-related fluorescence -> F483; mTurquoise2 -> F513; GFP -> F513/F520; YFP emission near 596 nm is captured with the HADES F593 filter.,,scalar,root + peri-root fluorescence signal,,root and peri-root region,,fluorescence signal,,RootCam fluorescence ROI quantification,"A RootCam fluorescence image is acquired using a user-selected FluorCam protocol and emission filter. The raw TAR contains the acquisition protocol, including excitation-channel percentages, filter selection, shutter time and sensitivity. FC_analysis.py extracts the archived .dumm image, horizontally flips it, and applies filter- and FC-unit-specific geometric alignment to the ROI masks generated from the corresponding backlit image. Mean or summed pixel intensity is then calculated within each ROI. ROI pixel counts are represented separately as channel-independent mask variables rather than duplicated by filter.",https://github.com/valerian-meline/HADES_FC; https://npec-nl.github.io/hades-research-resources,active,1.0.0,,
fluor.F448.shoot.mean,fluor.F448.shoot,fluorescence,fluorcam_single_channel_roi,Fluorescence mean in shoot system (filter F448),a.u.,,float,plant_round,,,HADES:FLUOR:F448:SHOOT:MEAN,fluorcam_single_channel,F448,"Per-acquisition FluorCam protocol from the raw acquisition TAR. The protocol may activate one or multiple excitation channels at user-defined percentages (Act1, Act2, Super, FAR, UV, RBLUE, BLUE, GREEN, AMBER, RED) and also records settings such as Filter, ShutterTime, and Sensitivity.",,assay-dependent,shoot,,FC2,Common assay mappings used at NPEC: mCherry -> F635; coumarin-related fluorescence -> F483; mTurquoise2 -> F513; GFP -> F513/F520; YFP emission near 596 nm is captured with the HADES F593 filter.,,scalar,shoot fluorescence signal,,shoot system,PO:0009006,fluorescence signal,,RootCam fluorescence ROI quantification,"A RootCam fluorescence image is acquired using a user-selected FluorCam protocol and emission filter. The raw TAR contains the acquisition protocol, including excitation-channel percentages, filter selection, shutter time and sensitivity. FC_analysis.py extracts the archived .dumm image, horizontally flips it, and applies filter- and FC-unit-specific geometric alignment to the ROI masks generated from the corresponding backlit image. Mean or summed pixel intensity is then calculated within each ROI. ROI pixel counts are represented separately as channel-independent mask variables rather than duplicated by filter.",https://github.com/valerian-meline/HADES_FC; https://npec-nl.github.io/hades-research-resources,active,1.0.0,,
fluor.F448.shoot.sum,fluor.F448.shoot,fluorescence,fluorcam_single_channel_roi,Fluorescence sum in shoot system (filter F448),a.u.,,float,plant_round,,,HADES:FLUOR:F448:SHOOT:SUM,fluorcam_single_channel,F448,"Per-acquisition FluorCam protocol from the raw acquisition TAR. The protocol may activate one or multiple excitation channels at user-defined percentages (Act1, Act2, Super, FAR, UV, RBLUE, BLUE, GREEN, AMBER, RED) and also records settings such as Filter, ShutterTime, and Sensitivity.",,assay-dependent,shoot,,FC2,Common assay mappings used at NPEC: mCherry -> F635; coumarin-related fluorescence -> F483; mTurquoise2 -> F513; GFP -> F513/F520; YFP emission near 596 nm is captured with the HADES F593 filter.,,scalar,shoot fluorescence signal,,shoot system,PO:0009006,fluorescence signal,,RootCam fluorescence ROI quantification,"A RootCam fluorescence image is acquired using a user-selected FluorCam protocol and emission filter. The raw TAR contains the acquisition protocol, including excitation-channel percentages, filter selection, shutter time and sensitivity. FC_analysis.py extracts the archived .dumm image, horizontally flips it, and applies filter- and FC-unit-specific geometric alignment to the ROI masks generated from the corresponding backlit image. Mean or summed pixel intensity is then calculated within each ROI. ROI pixel counts are represented separately as channel-independent mask variables rather than duplicated by filter.",https://github.com/valerian-meline/HADES_FC; https://npec-nl.github.io/hades-research-resources,active,1.0.0,,
fluor.F469.shoot.mean,fluor.F469.shoot,fluorescence,fluorcam_single_channel_roi,Fluorescence mean in shoot system (filter F469),a.u.,,float,plant_round,,,HADES:FLUOR:F469:SHOOT:MEAN,fluorcam_single_channel,F469,"Per-acquisition FluorCam protocol from the raw acquisition TAR. The protocol may activate one or multiple excitation channels at user-defined percentages (Act1, Act2, Super, FAR, UV, RBLUE, BLUE, GREEN, AMBER, RED) and also records settings such as Filter, ShutterTime, and Sensitivity.",,assay-dependent,shoot,,FC1,Common assay mappings used at NPEC: mCherry -> F635; coumarin-related fluorescence -> F483; mTurquoise2 -> F513; GFP -> F513/F520; YFP emission near 596 nm is captured with the HADES F593 filter.,,scalar,shoot fluorescence signal,,shoot system,PO:0009006,fluorescence signal,,RootCam fluorescence ROI quantification,"A RootCam fluorescence image is acquired using a user-selected FluorCam protocol and emission filter. The raw TAR contains the acquisition protocol, including excitation-channel percentages, filter selection, shutter time and sensitivity. FC_analysis.py extracts the archived .dumm image, horizontally flips it, and applies filter- and FC-unit-specific geometric alignment to the ROI masks generated from the corresponding backlit image. Mean or summed pixel intensity is then calculated within each ROI. ROI pixel counts are represented separately as channel-independent mask variables rather than duplicated by filter.",https://github.com/valerian-meline/HADES_FC; https://npec-nl.github.io/hades-research-resources,active,1.0.0,,
fluor.F469.shoot.sum,fluor.F469.shoot,fluorescence,fluorcam_single_channel_roi,Fluorescence sum in shoot system (filter F469),a.u.,,float,plant_round,,,HADES:FLUOR:F469:SHOOT:SUM,fluorcam_single_channel,F469,"Per-acquisition FluorCam protocol from the raw acquisition TAR. The protocol may activate one or multiple excitation channels at user-defined percentages (Act1, Act2, Super, FAR, UV, RBLUE, BLUE, GREEN, AMBER, RED) and also records settings such as Filter, ShutterTime, and Sensitivity.",,assay-dependent,shoot,,FC1,Common assay mappings used at NPEC: mCherry -> F635; coumarin-related fluorescence -> F483; mTurquoise2 -> F513; GFP -> F513/F520; YFP emission near 596 nm is captured with the HADES F593 filter.,,scalar,shoot fluorescence signal,,shoot system,PO:0009006,fluorescence signal,,RootCam fluorescence ROI quantification,"A RootCam fluorescence image is acquired using a user-selected FluorCam protocol and emission filter. The raw TAR contains the acquisition protocol, including excitation-channel percentages, filter selection, shutter time and sensitivity. FC_analysis.py extracts the archived .dumm image, horizontally flips it, and applies filter- and FC-unit-specific geometric alignment to the ROI masks generated from the corresponding backlit image. Mean or summed pixel intensity is then calculated within each ROI. ROI pixel counts are represented separately as channel-independent mask variables rather than duplicated by filter.",https://github.com/valerian-meline/HADES_FC; https://npec-nl.github.io/hades-research-resources,active,1.0.0,,
fluor.F483.shoot.mean,fluor.F483.shoot,fluorescence,fluorcam_single_channel_roi,Fluorescence mean in shoot system (filter F483),a.u.,,float,plant_round,,,HADES:FLUOR:F483:SHOOT:MEAN,fluorcam_single_channel,F483,"Per-acquisition FluorCam protocol from the raw acquisition TAR. The protocol may activate one or multiple excitation channels at user-defined percentages (Act1, Act2, Super, FAR, UV, RBLUE, BLUE, GREEN, AMBER, RED) and also records settings such as Filter, ShutterTime, and Sensitivity.",,assay-dependent,shoot,,FC1,Common assay mappings used at NPEC: mCherry -> F635; coumarin-related fluorescence -> F483; mTurquoise2 -> F513; GFP -> F513/F520; YFP emission near 596 nm is captured with the HADES F593 filter.,,scalar,shoot fluorescence signal,,shoot system,PO:0009006,fluorescence signal,,RootCam fluorescence ROI quantification,"A RootCam fluorescence image is acquired using a user-selected FluorCam protocol and emission filter. The raw TAR contains the acquisition protocol, including excitation-channel percentages, filter selection, shutter time and sensitivity. FC_analysis.py extracts the archived .dumm image, horizontally flips it, and applies filter- and FC-unit-specific geometric alignment to the ROI masks generated from the corresponding backlit image. Mean or summed pixel intensity is then calculated within each ROI. ROI pixel counts are represented separately as channel-independent mask variables rather than duplicated by filter.",https://github.com/valerian-meline/HADES_FC; https://npec-nl.github.io/hades-research-resources,active,1.0.0,,
fluor.F483.shoot.sum,fluor.F483.shoot,fluorescence,fluorcam_single_channel_roi,Fluorescence sum in shoot system (filter F483),a.u.,,float,plant_round,,,HADES:FLUOR:F483:SHOOT:SUM,fluorcam_single_channel,F483,"Per-acquisition FluorCam protocol from the raw acquisition TAR. The protocol may activate one or multiple excitation channels at user-defined percentages (Act1, Act2, Super, FAR, UV, RBLUE, BLUE, GREEN, AMBER, RED) and also records settings such as Filter, ShutterTime, and Sensitivity.",,assay-dependent,shoot,,FC1,Common assay mappings used at NPEC: mCherry -> F635; coumarin-related fluorescence -> F483; mTurquoise2 -> F513; GFP -> F513/F520; YFP emission near 596 nm is captured with the HADES F593 filter.,,scalar,shoot fluorescence signal,,shoot system,PO:0009006,fluorescence signal,,RootCam fluorescence ROI quantification,"A RootCam fluorescence image is acquired using a user-selected FluorCam protocol and emission filter. The raw TAR contains the acquisition protocol, including excitation-channel percentages, filter selection, shutter time and sensitivity. FC_analysis.py extracts the archived .dumm image, horizontally flips it, and applies filter- and FC-unit-specific geometric alignment to the ROI masks generated from the corresponding backlit image. Mean or summed pixel intensity is then calculated within each ROI. ROI pixel counts are represented separately as channel-independent mask variables rather than duplicated by filter.",https://github.com/valerian-meline/HADES_FC; https://npec-nl.github.io/hades-research-resources,active,1.0.0,,
fluor.F513.shoot.mean,fluor.F513.shoot,fluorescence,fluorcam_single_channel_roi,Fluorescence mean in shoot system (filter F513),a.u.,,float,plant_round,,,HADES:FLUOR:F513:SHOOT:MEAN,fluorcam_single_channel,F513,"Per-acquisition FluorCam protocol from the raw acquisition TAR. The protocol may activate one or multiple excitation channels at user-defined percentages (Act1, Act2, Super, FAR, UV, RBLUE, BLUE, GREEN, AMBER, RED) and also records settings such as Filter, ShutterTime, and Sensitivity.",,assay-dependent,shoot,,FC1|FC2,Common assay mappings used at NPEC: mCherry -> F635; coumarin-related fluorescence -> F483; mTurquoise2 -> F513; GFP -> F513/F520; YFP emission near 596 nm is captured with the HADES F593 filter.,,scalar,shoot fluorescence signal,,shoot system,PO:0009006,fluorescence signal,,RootCam fluorescence ROI quantification,"A RootCam fluorescence image is acquired using a user-selected FluorCam protocol and emission filter. The raw TAR contains the acquisition protocol, including excitation-channel percentages, filter selection, shutter time and sensitivity. FC_analysis.py extracts the archived .dumm image, horizontally flips it, and applies filter- and FC-unit-specific geometric alignment to the ROI masks generated from the corresponding backlit image. Mean or summed pixel intensity is then calculated within each ROI. ROI pixel counts are represented separately as channel-independent mask variables rather than duplicated by filter.",https://github.com/valerian-meline/HADES_FC; https://npec-nl.github.io/hades-research-resources,active,1.0.0,,
fluor.F513.shoot.sum,fluor.F513.shoot,fluorescence,fluorcam_single_channel_roi,Fluorescence sum in shoot system (filter F513),a.u.,,float,plant_round,,,HADES:FLUOR:F513:SHOOT:SUM,fluorcam_single_channel,F513,"Per-acquisition FluorCam protocol from the raw acquisition TAR. The protocol may activate one or multiple excitation channels at user-defined percentages (Act1, Act2, Super, FAR, UV, RBLUE, BLUE, GREEN, AMBER, RED) and also records settings such as Filter, ShutterTime, and Sensitivity.",,assay-dependent,shoot,,FC1|FC2,Common assay mappings used at NPEC: mCherry -> F635; coumarin-related fluorescence -> F483; mTurquoise2 -> F513; GFP -> F513/F520; YFP emission near 596 nm is captured with the HADES F593 filter.,,scalar,shoot fluorescence signal,,shoot system,PO:0009006,fluorescence signal,,RootCam fluorescence ROI quantification,"A RootCam fluorescence image is acquired using a user-selected FluorCam protocol and emission filter. The raw TAR contains the acquisition protocol, including excitation-channel percentages, filter selection, shutter time and sensitivity. FC_analysis.py extracts the archived .dumm image, horizontally flips it, and applies filter- and FC-unit-specific geometric alignment to the ROI masks generated from the corresponding backlit image. Mean or summed pixel intensity is then calculated within each ROI. ROI pixel counts are represented separately as channel-independent mask variables rather than duplicated by filter.",https://github.com/valerian-meline/HADES_FC; https://npec-nl.github.io/hades-research-resources,active,1.0.0,,
fluor.F520.shoot.mean,fluor.F520.shoot,fluorescence,fluorcam_single_channel_roi,Fluorescence mean in shoot system (filter F520),a.u.,,float,plant_round,,,HADES:FLUOR:F520:SHOOT:MEAN,fluorcam_single_channel,F520,"Per-acquisition FluorCam protocol from the raw acquisition TAR. The protocol may activate one or multiple excitation channels at user-defined percentages (Act1, Act2, Super, FAR, UV, RBLUE, BLUE, GREEN, AMBER, RED) and also records settings such as Filter, ShutterTime, and Sensitivity.",,assay-dependent,shoot,,FC2,Common assay mappings used at NPEC: mCherry -> F635; coumarin-related fluorescence -> F483; mTurquoise2 -> F513; GFP -> F513/F520; YFP emission near 596 nm is captured with the HADES F593 filter.,,scalar,shoot fluorescence signal,,shoot system,PO:0009006,fluorescence signal,,RootCam fluorescence ROI quantification,"A RootCam fluorescence image is acquired using a user-selected FluorCam protocol and emission filter. The raw TAR contains the acquisition protocol, including excitation-channel percentages, filter selection, shutter time and sensitivity. FC_analysis.py extracts the archived .dumm image, horizontally flips it, and applies filter- and FC-unit-specific geometric alignment to the ROI masks generated from the corresponding backlit image. Mean or summed pixel intensity is then calculated within each ROI. ROI pixel counts are represented separately as channel-independent mask variables rather than duplicated by filter.",https://github.com/valerian-meline/HADES_FC; https://npec-nl.github.io/hades-research-resources,active,1.0.0,,
fluor.F520.shoot.sum,fluor.F520.shoot,fluorescence,fluorcam_single_channel_roi,Fluorescence sum in shoot system (filter F520),a.u.,,float,plant_round,,,HADES:FLUOR:F520:SHOOT:SUM,fluorcam_single_channel,F520,"Per-acquisition FluorCam protocol from the raw acquisition TAR. The protocol may activate one or multiple excitation channels at user-defined percentages (Act1, Act2, Super, FAR, UV, RBLUE, BLUE, GREEN, AMBER, RED) and also records settings such as Filter, ShutterTime, and Sensitivity.",,assay-dependent,shoot,,FC2,Common assay mappings used at NPEC: mCherry -> F635; coumarin-related fluorescence -> F483; mTurquoise2 -> F513; GFP -> F513/F520; YFP emission near 596 nm is captured with the HADES F593 filter.,,scalar,shoot fluorescence signal,,shoot system,PO:0009006,fluorescence signal,,RootCam fluorescence ROI quantification,"A RootCam fluorescence image is acquired using a user-selected FluorCam protocol and emission filter. The raw TAR contains the acquisition protocol, including excitation-channel percentages, filter selection, shutter time and sensitivity. FC_analysis.py extracts the archived .dumm image, horizontally flips it, and applies filter- and FC-unit-specific geometric alignment to the ROI masks generated from the corresponding backlit image. Mean or summed pixel intensity is then calculated within each ROI. ROI pixel counts are represented separately as channel-independent mask variables rather than duplicated by filter.",https://github.com/valerian-meline/HADES_FC; https://npec-nl.github.io/hades-research-resources,active,1.0.0,,
fluor.F565.shoot.mean,fluor.F565.shoot,fluorescence,fluorcam_single_channel_roi,Fluorescence mean in shoot system (filter F565),a.u.,,float,plant_round,,,HADES:FLUOR:F565:SHOOT:MEAN,fluorcam_single_channel,F565,"Per-acquisition FluorCam protocol from the raw acquisition TAR. The protocol may activate one or multiple excitation channels at user-defined percentages (Act1, Act2, Super, FAR, UV, RBLUE, BLUE, GREEN, AMBER, RED) and also records settings such as Filter, ShutterTime, and Sensitivity.",,assay-dependent,shoot,,FC1,Common assay mappings used at NPEC: mCherry -> F635; coumarin-related fluorescence -> F483; mTurquoise2 -> F513; GFP -> F513/F520; YFP emission near 596 nm is captured with the HADES F593 filter.,,scalar,shoot fluorescence signal,,shoot system,PO:0009006,fluorescence signal,,RootCam fluorescence ROI quantification,"A RootCam fluorescence image is acquired using a user-selected FluorCam protocol and emission filter. The raw TAR contains the acquisition protocol, including excitation-channel percentages, filter selection, shutter time and sensitivity. FC_analysis.py extracts the archived .dumm image, horizontally flips it, and applies filter- and FC-unit-specific geometric alignment to the ROI masks generated from the corresponding backlit image. Mean or summed pixel intensity is then calculated within each ROI. ROI pixel counts are represented separately as channel-independent mask variables rather than duplicated by filter.",https://github.com/valerian-meline/HADES_FC; https://npec-nl.github.io/hades-research-resources,active,1.0.0,,
fluor.F565.shoot.sum,fluor.F565.shoot,fluorescence,fluorcam_single_channel_roi,Fluorescence sum in shoot system (filter F565),a.u.,,float,plant_round,,,HADES:FLUOR:F565:SHOOT:SUM,fluorcam_single_channel,F565,"Per-acquisition FluorCam protocol from the raw acquisition TAR. The protocol may activate one or multiple excitation channels at user-defined percentages (Act1, Act2, Super, FAR, UV, RBLUE, BLUE, GREEN, AMBER, RED) and also records settings such as Filter, ShutterTime, and Sensitivity.",,assay-dependent,shoot,,FC1,Common assay mappings used at NPEC: mCherry -> F635; coumarin-related fluorescence -> F483; mTurquoise2 -> F513; GFP -> F513/F520; YFP emission near 596 nm is captured with the HADES F593 filter.,,scalar,shoot fluorescence signal,,shoot system,PO:0009006,fluorescence signal,,RootCam fluorescence ROI quantification,"A RootCam fluorescence image is acquired using a user-selected FluorCam protocol and emission filter. The raw TAR contains the acquisition protocol, including excitation-channel percentages, filter selection, shutter time and sensitivity. FC_analysis.py extracts the archived .dumm image, horizontally flips it, and applies filter- and FC-unit-specific geometric alignment to the ROI masks generated from the corresponding backlit image. Mean or summed pixel intensity is then calculated within each ROI. ROI pixel counts are represented separately as channel-independent mask variables rather than duplicated by filter.",https://github.com/valerian-meline/HADES_FC; https://npec-nl.github.io/hades-research-resources,active,1.0.0,,
fluor.F586.shoot.mean,fluor.F586.shoot,fluorescence,fluorcam_single_channel_roi,Fluorescence mean in shoot system (filter F586),a.u.,,float,plant_round,,,HADES:FLUOR:F586:SHOOT:MEAN,fluorcam_single_channel,F586,"Per-acquisition FluorCam protocol from the raw acquisition TAR. The protocol may activate one or multiple excitation channels at user-defined percentages (Act1, Act2, Super, FAR, UV, RBLUE, BLUE, GREEN, AMBER, RED) and also records settings such as Filter, ShutterTime, and Sensitivity.",,assay-dependent,shoot,,FC1,Common assay mappings used at NPEC: mCherry -> F635; coumarin-related fluorescence -> F483; mTurquoise2 -> F513; GFP -> F513/F520; YFP emission near 596 nm is captured with the HADES F593 filter.,,scalar,shoot fluorescence signal,,shoot system,PO:0009006,fluorescence signal,,RootCam fluorescence ROI quantification,"A RootCam fluorescence image is acquired using a user-selected FluorCam protocol and emission filter. The raw TAR contains the acquisition protocol, including excitation-channel percentages, filter selection, shutter time and sensitivity. FC_analysis.py extracts the archived .dumm image, horizontally flips it, and applies filter- and FC-unit-specific geometric alignment to the ROI masks generated from the corresponding backlit image. Mean or summed pixel intensity is then calculated within each ROI. ROI pixel counts are represented separately as channel-independent mask variables rather than duplicated by filter.",https://github.com/valerian-meline/HADES_FC; https://npec-nl.github.io/hades-research-resources,active,1.0.0,,
fluor.F586.shoot.sum,fluor.F586.shoot,fluorescence,fluorcam_single_channel_roi,Fluorescence sum in shoot system (filter F586),a.u.,,float,plant_round,,,HADES:FLUOR:F586:SHOOT:SUM,fluorcam_single_channel,F586,"Per-acquisition FluorCam protocol from the raw acquisition TAR. The protocol may activate one or multiple excitation channels at user-defined percentages (Act1, Act2, Super, FAR, UV, RBLUE, BLUE, GREEN, AMBER, RED) and also records settings such as Filter, ShutterTime, and Sensitivity.",,assay-dependent,shoot,,FC1,Common assay mappings used at NPEC: mCherry -> F635; coumarin-related fluorescence -> F483; mTurquoise2 -> F513; GFP -> F513/F520; YFP emission near 596 nm is captured with the HADES F593 filter.,,scalar,shoot fluorescence signal,,shoot system,PO:0009006,fluorescence signal,,RootCam fluorescence ROI quantification,"A RootCam fluorescence image is acquired using a user-selected FluorCam protocol and emission filter. The raw TAR contains the acquisition protocol, including excitation-channel percentages, filter selection, shutter time and sensitivity. FC_analysis.py extracts the archived .dumm image, horizontally flips it, and applies filter- and FC-unit-specific geometric alignment to the ROI masks generated from the corresponding backlit image. Mean or summed pixel intensity is then calculated within each ROI. ROI pixel counts are represented separately as channel-independent mask variables rather than duplicated by filter.",https://github.com/valerian-meline/HADES_FC; https://npec-nl.github.io/hades-research-resources,active,1.0.0,,
fluor.F593.shoot.mean,fluor.F593.shoot,fluorescence,fluorcam_single_channel_roi,Fluorescence mean in shoot system (filter F593),a.u.,,float,plant_round,,,HADES:FLUOR:F593:SHOOT:MEAN,fluorcam_single_channel,F593,"Per-acquisition FluorCam protocol from the raw acquisition TAR. The protocol may activate one or multiple excitation channels at user-defined percentages (Act1, Act2, Super, FAR, UV, RBLUE, BLUE, GREEN, AMBER, RED) and also records settings such as Filter, ShutterTime, and Sensitivity.",,assay-dependent,shoot,,FC1|FC2,Common assay mappings used at NPEC: mCherry -> F635; coumarin-related fluorescence -> F483; mTurquoise2 -> F513; GFP -> F513/F520; YFP emission near 596 nm is captured with the HADES F593 filter.,,scalar,shoot fluorescence signal,,shoot system,PO:0009006,fluorescence signal,,RootCam fluorescence ROI quantification,"A RootCam fluorescence image is acquired using a user-selected FluorCam protocol and emission filter. The raw TAR contains the acquisition protocol, including excitation-channel percentages, filter selection, shutter time and sensitivity. FC_analysis.py extracts the archived .dumm image, horizontally flips it, and applies filter- and FC-unit-specific geometric alignment to the ROI masks generated from the corresponding backlit image. Mean or summed pixel intensity is then calculated within each ROI. ROI pixel counts are represented separately as channel-independent mask variables rather than duplicated by filter.",https://github.com/valerian-meline/HADES_FC; https://npec-nl.github.io/hades-research-resources,active,1.0.0,,
fluor.F593.shoot.sum,fluor.F593.shoot,fluorescence,fluorcam_single_channel_roi,Fluorescence sum in shoot system (filter F593),a.u.,,float,plant_round,,,HADES:FLUOR:F593:SHOOT:SUM,fluorcam_single_channel,F593,"Per-acquisition FluorCam protocol from the raw acquisition TAR. The protocol may activate one or multiple excitation channels at user-defined percentages (Act1, Act2, Super, FAR, UV, RBLUE, BLUE, GREEN, AMBER, RED) and also records settings such as Filter, ShutterTime, and Sensitivity.",,assay-dependent,shoot,,FC1|FC2,Common assay mappings used at NPEC: mCherry -> F635; coumarin-related fluorescence -> F483; mTurquoise2 -> F513; GFP -> F513/F520; YFP emission near 596 nm is captured with the HADES F593 filter.,,scalar,shoot fluorescence signal,,shoot system,PO:0009006,fluorescence signal,,RootCam fluorescence ROI quantification,"A RootCam fluorescence image is acquired using a user-selected FluorCam protocol and emission filter. The raw TAR contains the acquisition protocol, including excitation-channel percentages, filter selection, shutter time and sensitivity. FC_analysis.py extracts the archived .dumm image, horizontally flips it, and applies filter- and FC-unit-specific geometric alignment to the ROI masks generated from the corresponding backlit image. Mean or summed pixel intensity is then calculated within each ROI. ROI pixel counts are represented separately as channel-independent mask variables rather than duplicated by filter.",https://github.com/valerian-meline/HADES_FC; https://npec-nl.github.io/hades-research-resources,active,1.0.0,,
fluor.F635.shoot.mean,fluor.F635.shoot,fluorescence,fluorcam_single_channel_roi,Fluorescence mean in shoot system (filter F635),a.u.,,float,plant_round,,,HADES:FLUOR:F635:SHOOT:MEAN,fluorcam_single_channel,F635,"Per-acquisition FluorCam protocol from the raw acquisition TAR. The protocol may activate one or multiple excitation channels at user-defined percentages (Act1, Act2, Super, FAR, UV, RBLUE, BLUE, GREEN, AMBER, RED) and also records settings such as Filter, ShutterTime, and Sensitivity.",,assay-dependent,shoot,,FC2,Common assay mappings used at NPEC: mCherry -> F635; coumarin-related fluorescence -> F483; mTurquoise2 -> F513; GFP -> F513/F520; YFP emission near 596 nm is captured with the HADES F593 filter.,,scalar,shoot fluorescence signal,,shoot system,PO:0009006,fluorescence signal,,RootCam fluorescence ROI quantification,"A RootCam fluorescence image is acquired using a user-selected FluorCam protocol and emission filter. The raw TAR contains the acquisition protocol, including excitation-channel percentages, filter selection, shutter time and sensitivity. FC_analysis.py extracts the archived .dumm image, horizontally flips it, and applies filter- and FC-unit-specific geometric alignment to the ROI masks generated from the corresponding backlit image. Mean or summed pixel intensity is then calculated within each ROI. ROI pixel counts are represented separately as channel-independent mask variables rather than duplicated by filter.",https://github.com/valerian-meline/HADES_FC; https://npec-nl.github.io/hades-research-resources,active,1.0.0,,
fluor.F635.shoot.sum,fluor.F635.shoot,fluorescence,fluorcam_single_channel_roi,Fluorescence sum in shoot system (filter F635),a.u.,,float,plant_round,,,HADES:FLUOR:F635:SHOOT:SUM,fluorcam_single_channel,F635,"Per-acquisition FluorCam protocol from the raw acquisition TAR. The protocol may activate one or multiple excitation channels at user-defined percentages (Act1, Act2, Super, FAR, UV, RBLUE, BLUE, GREEN, AMBER, RED) and also records settings such as Filter, ShutterTime, and Sensitivity.",,assay-dependent,shoot,,FC2,Common assay mappings used at NPEC: mCherry -> F635; coumarin-related fluorescence -> F483; mTurquoise2 -> F513; GFP -> F513/F520; YFP emission near 596 nm is captured with the HADES F593 filter.,,scalar,shoot fluorescence signal,,shoot system,PO:0009006,fluorescence signal,,RootCam fluorescence ROI quantification,"A RootCam fluorescence image is acquired using a user-selected FluorCam protocol and emission filter. The raw TAR contains the acquisition protocol, including excitation-channel percentages, filter selection, shutter time and sensitivity. FC_analysis.py extracts the archived .dumm image, horizontally flips it, and applies filter- and FC-unit-specific geometric alignment to the ROI masks generated from the corresponding backlit image. Mean or summed pixel intensity is then calculated within each ROI. ROI pixel counts are represented separately as channel-independent mask variables rather than duplicated by filter.",https://github.com/valerian-meline/HADES_FC; https://npec-nl.github.io/hades-research-resources,active,1.0.0,,
fluor.ChlF.shoot.mean,fluor.ChlF.shoot,fluorescence,fluorcam_single_channel_roi,Fluorescence mean in shoot system (filter ChlF),a.u.,,float,plant_round,,,HADES:FLUOR:ChlF:SHOOT:MEAN,fluorcam_single_channel,ChlF,"Per-acquisition FluorCam protocol from the raw acquisition TAR. The protocol may activate one or multiple excitation channels at user-defined percentages (Act1, Act2, Super, FAR, UV, RBLUE, BLUE, GREEN, AMBER, RED) and also records settings such as Filter, ShutterTime, and Sensitivity.",,assay-dependent,shoot,,FC2,Common assay mappings used at NPEC: mCherry -> F635; coumarin-related fluorescence -> F483; mTurquoise2 -> F513; GFP -> F513/F520; YFP emission near 596 nm is captured with the HADES F593 filter.,,scalar,shoot fluorescence signal,,shoot system,PO:0009006,fluorescence signal,,RootCam fluorescence ROI quantification,"A RootCam fluorescence image is acquired using a user-selected FluorCam protocol and emission filter. The raw TAR contains the acquisition protocol, including excitation-channel percentages, filter selection, shutter time and sensitivity. FC_analysis.py extracts the archived .dumm image, horizontally flips it, and applies filter- and FC-unit-specific geometric alignment to the ROI masks generated from the corresponding backlit image. Mean or summed pixel intensity is then calculated within each ROI. ROI pixel counts are represented separately as channel-independent mask variables rather than duplicated by filter.",https://github.com/valerian-meline/HADES_FC; https://npec-nl.github.io/hades-research-resources,active,1.0.0,,
fluor.ChlF.shoot.sum,fluor.ChlF.shoot,fluorescence,fluorcam_single_channel_roi,Fluorescence sum in shoot system (filter ChlF),a.u.,,float,plant_round,,,HADES:FLUOR:ChlF:SHOOT:SUM,fluorcam_single_channel,ChlF,"Per-acquisition FluorCam protocol from the raw acquisition TAR. The protocol may activate one or multiple excitation channels at user-defined percentages (Act1, Act2, Super, FAR, UV, RBLUE, BLUE, GREEN, AMBER, RED) and also records settings such as Filter, ShutterTime, and Sensitivity.",,assay-dependent,shoot,,FC2,Common assay mappings used at NPEC: mCherry -> F635; coumarin-related fluorescence -> F483; mTurquoise2 -> F513; GFP -> F513/F520; YFP emission near 596 nm is captured with the HADES F593 filter.,,scalar,shoot fluorescence signal,,shoot system,PO:0009006,fluorescence signal,,RootCam fluorescence ROI quantification,"A RootCam fluorescence image is acquired using a user-selected FluorCam protocol and emission filter. The raw TAR contains the acquisition protocol, including excitation-channel percentages, filter selection, shutter time and sensitivity. FC_analysis.py extracts the archived .dumm image, horizontally flips it, and applies filter- and FC-unit-specific geometric alignment to the ROI masks generated from the corresponding backlit image. Mean or summed pixel intensity is then calculated within each ROI. ROI pixel counts are represented separately as channel-independent mask variables rather than duplicated by filter.",https://github.com/valerian-meline/HADES_FC; https://npec-nl.github.io/hades-research-resources,active,1.0.0,,
fluor.glass.shoot.mean,fluor.glass.shoot,fluorescence,fluorcam_single_channel_roi,Fluorescence mean in shoot system (filter glass),a.u.,,float,plant_round,,,HADES:FLUOR:glass:SHOOT:MEAN,fluorcam_single_channel,glass,"Per-acquisition FluorCam protocol from the raw acquisition TAR. The protocol may activate one or multiple excitation channels at user-defined percentages (Act1, Act2, Super, FAR, UV, RBLUE, BLUE, GREEN, AMBER, RED) and also records settings such as Filter, ShutterTime, and Sensitivity.",,assay-dependent,shoot,,FC1|FC2,Common assay mappings used at NPEC: mCherry -> F635; coumarin-related fluorescence -> F483; mTurquoise2 -> F513; GFP -> F513/F520; YFP emission near 596 nm is captured with the HADES F593 filter.,,scalar,shoot fluorescence signal,,shoot system,PO:0009006,fluorescence signal,,RootCam fluorescence ROI quantification,"A RootCam fluorescence image is acquired using a user-selected FluorCam protocol and emission filter. The raw TAR contains the acquisition protocol, including excitation-channel percentages, filter selection, shutter time and sensitivity. FC_analysis.py extracts the archived .dumm image, horizontally flips it, and applies filter- and FC-unit-specific geometric alignment to the ROI masks generated from the corresponding backlit image. Mean or summed pixel intensity is then calculated within each ROI. ROI pixel counts are represented separately as channel-independent mask variables rather than duplicated by filter.",https://github.com/valerian-meline/HADES_FC; https://npec-nl.github.io/hades-research-resources,active,1.0.0,,
fluor.glass.shoot.sum,fluor.glass.shoot,fluorescence,fluorcam_single_channel_roi,Fluorescence sum in shoot system (filter glass),a.u.,,float,plant_round,,,HADES:FLUOR:glass:SHOOT:SUM,fluorcam_single_channel,glass,"Per-acquisition FluorCam protocol from the raw acquisition TAR. The protocol may activate one or multiple excitation channels at user-defined percentages (Act1, Act2, Super, FAR, UV, RBLUE, BLUE, GREEN, AMBER, RED) and also records settings such as Filter, ShutterTime, and Sensitivity.",,assay-dependent,shoot,,FC1|FC2,Common assay mappings used at NPEC: mCherry -> F635; coumarin-related fluorescence -> F483; mTurquoise2 -> F513; GFP -> F513/F520; YFP emission near 596 nm is captured with the HADES F593 filter.,,scalar,shoot fluorescence signal,,shoot system,PO:0009006,fluorescence signal,,RootCam fluorescence ROI quantification,"A RootCam fluorescence image is acquired using a user-selected FluorCam protocol and emission filter. The raw TAR contains the acquisition protocol, including excitation-channel percentages, filter selection, shutter time and sensitivity. FC_analysis.py extracts the archived .dumm image, horizontally flips it, and applies filter- and FC-unit-specific geometric alignment to the ROI masks generated from the corresponding backlit image. Mean or summed pixel intensity is then calculated within each ROI. ROI pixel counts are represented separately as channel-independent mask variables rather than duplicated by filter.",https://github.com/valerian-meline/HADES_FC; https://npec-nl.github.io/hades-research-resources,active,1.0.0,,
vnir.emission_spectrum.peri_root_350_900.mean.vector,vnir.emission_spectrum.peri_root_350_900,hyperspectral,vnir_emission,Emission spectrum mean in peri-root region (349.9nm-899.1nm),a.u.,,array<float>,plant_timepoint,,,HADES:VNIR:EMISSION_SPECTRUM_PERI_ROOT_350_900_MEAN_VECTOR,vnir_fluorescence_emission,,365 nm UV excitation,reflection,metabolite-associated fluorescence emission,peri_root,dilation_zone_exclusive,,,wavelength axis from exported nm columns; full raw axis approximately 349.9nm-899.1nm,vector,peri-root region fluorescence emission spectrum,,peri-root region,,spectral intensity,PATO:0000049,VNIR fluorescence ROI spectrum extraction,"VNIR2 hyperspectral cubes are acquired under 365 nm UV excitation in reflection geometry and corrected using matched dark-reference measurements. Invalid pixels are repaired, spectra are Savitzky-Golay smoothed, and spatial median filtering is applied before horizontal flipping and padding. RootCam masks are transferred to the cube using two-stage registration: a shoot-derived transform against a leaf reference near 670 nm, followed by root refinement against a root-enhanced reference near 410 nm. Final root and exclusive peri-root ROIs are used to export wavelength-resolved mean, sum and standard-deviation spectra.",https://github.com/valerian-meline/HADES_HSI; https://npec-nl.github.io/hades-research-resources,active,1.0.0,,
vnir.emission_spectrum.peri_root_350_900.sum.vector,vnir.emission_spectrum.peri_root_350_900,hyperspectral,vnir_emission,Emission spectrum sum in peri-root region (349.9nm-899.1nm),a.u.,,array<float>,plant_timepoint,,,HADES:VNIR:EMISSION_SPECTRUM_PERI_ROOT_350_900_SUM_VECTOR,vnir_fluorescence_emission,,365 nm UV excitation,reflection,metabolite-associated fluorescence emission,peri_root,dilation_zone_exclusive,,,wavelength axis from exported nm columns; full raw axis approximately 349.9nm-899.1nm,vector,peri-root region fluorescence emission spectrum,,peri-root region,,spectral intensity,PATO:0000049,VNIR fluorescence ROI spectrum extraction,"VNIR2 hyperspectral cubes are acquired under 365 nm UV excitation in reflection geometry and corrected using matched dark-reference measurements. Invalid pixels are repaired, spectra are Savitzky-Golay smoothed, and spatial median filtering is applied before horizontal flipping and padding. RootCam masks are transferred to the cube using two-stage registration: a shoot-derived transform against a leaf reference near 670 nm, followed by root refinement against a root-enhanced reference near 410 nm. Final root and exclusive peri-root ROIs are used to export wavelength-resolved mean, sum and standard-deviation spectra.",https://github.com/valerian-meline/HADES_HSI; https://npec-nl.github.io/hades-research-resources,active,1.0.0,,
vnir.emission_spectrum.peri_root_350_900.std.vector,vnir.emission_spectrum.peri_root_350_900,hyperspectral,vnir_emission,Emission spectrum standard deviation in peri-root region (349.9nm-899.1nm),a.u.,,array<float>,plant_timepoint,,,HADES:VNIR:EMISSION_SPECTRUM_PERI_ROOT_350_900_STD_VECTOR,vnir_fluorescence_emission,,365 nm UV excitation,reflection,metabolite-associated fluorescence emission,peri_root,dilation_zone_exclusive,,,wavelength axis from exported nm columns; full raw axis approximately 349.9nm-899.1nm,vector,peri-root region fluorescence emission spectrum,,peri-root region,,spectral intensity,PATO:0000049,VNIR fluorescence ROI spectrum extraction,"VNIR2 hyperspectral cubes are acquired under 365 nm UV excitation in reflection geometry and corrected using matched dark-reference measurements. Invalid pixels are repaired, spectra are Savitzky-Golay smoothed, and spatial median filtering is applied before horizontal flipping and padding. RootCam masks are transferred to the cube using two-stage registration: a shoot-derived transform against a leaf reference near 670 nm, followed by root refinement against a root-enhanced reference near 410 nm. Final root and exclusive peri-root ROIs are used to export wavelength-resolved mean, sum and standard-deviation spectra.",https://github.com/valerian-meline/HADES_HSI; https://npec-nl.github.io/hades-research-resources,active,1.0.0,,
vnir.emission_spectrum.root_350_900.mean.vector,vnir.emission_spectrum.root_350_900,hyperspectral,vnir_emission,Emission spectrum mean in root region (349.9nm-899.1nm),a.u.,,array<float>,plant_timepoint,,,HADES:VNIR:EMISSION_SPECTRUM_ROOT_350_900_MEAN_VECTOR,vnir_fluorescence_emission,,365 nm UV excitation,reflection,metabolite-associated fluorescence emission,root,rootmask,,,wavelength axis from exported nm columns; full raw axis approximately 349.9nm-899.1nm,vector,root region fluorescence emission spectrum,,root region,PO:0009005,spectral intensity,PATO:0000049,VNIR fluorescence ROI spectrum extraction,"VNIR2 hyperspectral cubes are acquired under 365 nm UV excitation in reflection geometry and corrected using matched dark-reference measurements. Invalid pixels are repaired, spectra are Savitzky-Golay smoothed, and spatial median filtering is applied before horizontal flipping and padding. RootCam masks are transferred to the cube using two-stage registration: a shoot-derived transform against a leaf reference near 670 nm, followed by root refinement against a root-enhanced reference near 410 nm. Final root and exclusive peri-root ROIs are used to export wavelength-resolved mean, sum and standard-deviation spectra.",https://github.com/valerian-meline/HADES_HSI; https://npec-nl.github.io/hades-research-resources,active,1.0.0,,
vnir.emission_spectrum.root_350_900.sum.vector,vnir.emission_spectrum.root_350_900,hyperspectral,vnir_emission,Emission spectrum sum in root region (349.9nm-899.1nm),a.u.,,array<float>,plant_timepoint,,,HADES:VNIR:EMISSION_SPECTRUM_ROOT_350_900_SUM_VECTOR,vnir_fluorescence_emission,,365 nm UV excitation,reflection,metabolite-associated fluorescence emission,root,rootmask,,,wavelength axis from exported nm columns; full raw axis approximately 349.9nm-899.1nm,vector,root region fluorescence emission spectrum,,root region,PO:0009005,spectral intensity,PATO:0000049,VNIR fluorescence ROI spectrum extraction,"VNIR2 hyperspectral cubes are acquired under 365 nm UV excitation in reflection geometry and corrected using matched dark-reference measurements. Invalid pixels are repaired, spectra are Savitzky-Golay smoothed, and spatial median filtering is applied before horizontal flipping and padding. RootCam masks are transferred to the cube using two-stage registration: a shoot-derived transform against a leaf reference near 670 nm, followed by root refinement against a root-enhanced reference near 410 nm. Final root and exclusive peri-root ROIs are used to export wavelength-resolved mean, sum and standard-deviation spectra.",https://github.com/valerian-meline/HADES_HSI; https://npec-nl.github.io/hades-research-resources,active,1.0.0,,
vnir.emission_spectrum.root_350_900.std.vector,vnir.emission_spectrum.root_350_900,hyperspectral,vnir_emission,Emission spectrum standard deviation in root region (349.9nm-899.1nm),a.u.,,array<float>,plant_timepoint,,,HADES:VNIR:EMISSION_SPECTRUM_ROOT_350_900_STD_VECTOR,vnir_fluorescence_emission,,365 nm UV excitation,reflection,metabolite-associated fluorescence emission,root,rootmask,,,wavelength axis from exported nm columns; full raw axis approximately 349.9nm-899.1nm,vector,root region fluorescence emission spectrum,,root region,PO:0009005,spectral intensity,PATO:0000049,VNIR fluorescence ROI spectrum extraction,"VNIR2 hyperspectral cubes are acquired under 365 nm UV excitation in reflection geometry and corrected using matched dark-reference measurements. Invalid pixels are repaired, spectra are Savitzky-Golay smoothed, and spatial median filtering is applied before horizontal flipping and padding. RootCam masks are transferred to the cube using two-stage registration: a shoot-derived transform against a leaf reference near 670 nm, followed by root refinement against a root-enhanced reference near 410 nm. Final root and exclusive peri-root ROIs are used to export wavelength-resolved mean, sum and standard-deviation spectra.",https://github.com/valerian-meline/HADES_HSI; https://npec-nl.github.io/hades-research-resources,active,1.0.0,,
vnir.transmittance_spectrum.peri_root_350_900.mean.vector,vnir.transmittance_spectrum.peri_root_350_900,hyperspectral,vnir_transmittance,Transmittance spectrum mean in peri-root region (349.9nm-899.1nm),unitless,UO:0000186,array<float>,plant_timepoint,,,HADES:VNIR:TRANSMITTANCE_SPECTRUM_PERI_ROOT_350_900_MEAN_VECTOR,vnir_white_light_transmittance,,"Broadband Cool-White illumination (5,700 K)",transmission,optical transmittance,peri_root,dilation_zone_exclusive,,,wavelength axis from exported nm columns; full raw axis approximately 349.9nm-899.1nm,vector,peri-root region transmittance spectrum,,peri-root region,,spectral transmittance,,VNIR transmittance ROI spectrum extraction,"VNIR1 hyperspectral cubes are acquired with broadband white light transmitted through the plate toward the camera. The processing path uses matched dark and white references and computes relative transmittance as (raw - dark) / (white - dark), followed by invalid-pixel repair, spectral smoothing and spatial filtering. When ROI extraction is enabled, RootCam-derived masks can be transferred to the VNIR frame using the same registration framework used for hyperspectral ROI analysis.",https://github.com/valerian-meline/HADES_HSI; https://npec-nl.github.io/hades-research-resources,active,1.0.0,,
vnir.transmittance_spectrum.peri_root_350_900.sum.vector,vnir.transmittance_spectrum.peri_root_350_900,hyperspectral,vnir_transmittance,Transmittance spectrum sum in peri-root region (349.9nm-899.1nm),unitless,UO:0000186,array<float>,plant_timepoint,,,HADES:VNIR:TRANSMITTANCE_SPECTRUM_PERI_ROOT_350_900_SUM_VECTOR,vnir_white_light_transmittance,,"Broadband Cool-White illumination (5,700 K)",transmission,optical transmittance,peri_root,dilation_zone_exclusive,,,wavelength axis from exported nm columns; full raw axis approximately 349.9nm-899.1nm,vector,peri-root region transmittance spectrum,,peri-root region,,spectral transmittance,,VNIR transmittance ROI spectrum extraction,"VNIR1 hyperspectral cubes are acquired with broadband white light transmitted through the plate toward the camera. The processing path uses matched dark and white references and computes relative transmittance as (raw - dark) / (white - dark), followed by invalid-pixel repair, spectral smoothing and spatial filtering. When ROI extraction is enabled, RootCam-derived masks can be transferred to the VNIR frame using the same registration framework used for hyperspectral ROI analysis.",https://github.com/valerian-meline/HADES_HSI; https://npec-nl.github.io/hades-research-resources,active,1.0.0,,
vnir.transmittance_spectrum.peri_root_350_900.std.vector,vnir.transmittance_spectrum.peri_root_350_900,hyperspectral,vnir_transmittance,Transmittance spectrum standard deviation in peri-root region (349.9nm-899.1nm),unitless,UO:0000186,array<float>,plant_timepoint,,,HADES:VNIR:TRANSMITTANCE_SPECTRUM_PERI_ROOT_350_900_STD_VECTOR,vnir_white_light_transmittance,,"Broadband Cool-White illumination (5,700 K)",transmission,optical transmittance,peri_root,dilation_zone_exclusive,,,wavelength axis from exported nm columns; full raw axis approximately 349.9nm-899.1nm,vector,peri-root region transmittance spectrum,,peri-root region,,spectral transmittance,,VNIR transmittance ROI spectrum extraction,"VNIR1 hyperspectral cubes are acquired with broadband white light transmitted through the plate toward the camera. The processing path uses matched dark and white references and computes relative transmittance as (raw - dark) / (white - dark), followed by invalid-pixel repair, spectral smoothing and spatial filtering. When ROI extraction is enabled, RootCam-derived masks can be transferred to the VNIR frame using the same registration framework used for hyperspectral ROI analysis.",https://github.com/valerian-meline/HADES_HSI; https://npec-nl.github.io/hades-research-resources,active,1.0.0,,
vnir.transmittance_spectrum.root_350_900.mean.vector,vnir.transmittance_spectrum.root_350_900,hyperspectral,vnir_transmittance,Transmittance spectrum mean in root region (349.9nm-899.1nm),unitless,UO:0000186,array<float>,plant_timepoint,,,HADES:VNIR:TRANSMITTANCE_SPECTRUM_ROOT_350_900_MEAN_VECTOR,vnir_white_light_transmittance,,"Broadband Cool-White illumination (5,700 K)",transmission,optical transmittance,root,rootmask,,,wavelength axis from exported nm columns; full raw axis approximately 349.9nm-899.1nm,vector,root region transmittance spectrum,,root region,PO:0009005,spectral transmittance,,VNIR transmittance ROI spectrum extraction,"VNIR1 hyperspectral cubes are acquired with broadband white light transmitted through the plate toward the camera. The processing path uses matched dark and white references and computes relative transmittance as (raw - dark) / (white - dark), followed by invalid-pixel repair, spectral smoothing and spatial filtering. When ROI extraction is enabled, RootCam-derived masks can be transferred to the VNIR frame using the same registration framework used for hyperspectral ROI analysis.",https://github.com/valerian-meline/HADES_HSI; https://npec-nl.github.io/hades-research-resources,active,1.0.0,,
vnir.transmittance_spectrum.root_350_900.sum.vector,vnir.transmittance_spectrum.root_350_900,hyperspectral,vnir_transmittance,Transmittance spectrum sum in root region (349.9nm-899.1nm),unitless,UO:0000186,array<float>,plant_timepoint,,,HADES:VNIR:TRANSMITTANCE_SPECTRUM_ROOT_350_900_SUM_VECTOR,vnir_white_light_transmittance,,"Broadband Cool-White illumination (5,700 K)",transmission,optical transmittance,root,rootmask,,,wavelength axis from exported nm columns; full raw axis approximately 349.9nm-899.1nm,vector,root region transmittance spectrum,,root region,PO:0009005,spectral transmittance,,VNIR transmittance ROI spectrum extraction,"VNIR1 hyperspectral cubes are acquired with broadband white light transmitted through the plate toward the camera. The processing path uses matched dark and white references and computes relative transmittance as (raw - dark) / (white - dark), followed by invalid-pixel repair, spectral smoothing and spatial filtering. When ROI extraction is enabled, RootCam-derived masks can be transferred to the VNIR frame using the same registration framework used for hyperspectral ROI analysis.",https://github.com/valerian-meline/HADES_HSI; https://npec-nl.github.io/hades-research-resources,active,1.0.0,,
vnir.transmittance_spectrum.root_350_900.std.vector,vnir.transmittance_spectrum.root_350_900,hyperspectral,vnir_transmittance,Transmittance spectrum standard deviation in root region (349.9nm-899.1nm),unitless,UO:0000186,array<float>,plant_timepoint,,,HADES:VNIR:TRANSMITTANCE_SPECTRUM_ROOT_350_900_STD_VECTOR,vnir_white_light_transmittance,,"Broadband Cool-White illumination (5,700 K)",transmission,optical transmittance,root,rootmask,,,wavelength axis from exported nm columns; full raw axis approximately 349.9nm-899.1nm,vector,root region transmittance spectrum,,root region,PO:0009005,spectral transmittance,,VNIR transmittance ROI spectrum extraction,"VNIR1 hyperspectral cubes are acquired with broadband white light transmitted through the plate toward the camera. The processing path uses matched dark and white references and computes relative transmittance as (raw - dark) / (white - dark), followed by invalid-pixel repair, spectral smoothing and spatial filtering. When ROI extraction is enabled, RootCam-derived masks can be transferred to the VNIR frame using the same registration framework used for hyperspectral ROI analysis.",https://github.com/valerian-meline/HADES_HSI; https://npec-nl.github.io/hades-research-resources,active,1.0.0,,
vnir.emission_pixel_spectra.peri_root_350_900.matrix,vnir.emission_pixel_spectra.peri_root_350_900,hyperspectral,vnir,Per-pixel fluorescence emission spectra in peri-root region (349.9nm-899.1nm),a.u.,,matrix<float>,plant_timepoint,,,HADES:VNIR:EMISSION_PIXEL_SPECTRA_PERI_ROOT_350_900_MATRIX,vnir_fluorescence_emission,,365 nm UV excitation,reflection,metabolite-associated fluorescence emission,peri_root,dilation_zone_exclusive,,,matrix rows = ROI pixels with x/y coordinates; columns = wavelength bands over approximately 349.9nm-899.1nm,matrix,peri-root region fluorescence emission pixel spectra,,peri-root region,,spectral intensity,PATO:0000049,VNIR fluorescence per-pixel spectrum export,"After VNIR2 dark correction, invalid-pixel repair, spectral smoothing, spatial filtering and RootCam-mask registration, all pixels inside the aligned root or exclusive peri-root ROI are exported with their x/y coordinates and complete wavelength-resolved spectra. Parquet is the default storage format for this large matrix-like export; CSV is available optionally.",https://github.com/valerian-meline/HADES_HSI; https://npec-nl.github.io/hades-research-resources,active,1.0.0,,
vnir.emission_pixel_spectra.root_350_900.matrix,vnir.emission_pixel_spectra.root_350_900,hyperspectral,vnir,Per-pixel fluorescence emission spectra in root region (349.9nm-899.1nm),a.u.,,matrix<float>,plant_timepoint,,,HADES:VNIR:EMISSION_PIXEL_SPECTRA_ROOT_350_900_MATRIX,vnir_fluorescence_emission,,365 nm UV excitation,reflection,metabolite-associated fluorescence emission,root,rootmask,,,matrix rows = ROI pixels with x/y coordinates; columns = wavelength bands over approximately 349.9nm-899.1nm,matrix,root region fluorescence emission pixel spectra,,root region,PO:0009005,spectral intensity,PATO:0000049,VNIR fluorescence per-pixel spectrum export,"After VNIR2 dark correction, invalid-pixel repair, spectral smoothing, spatial filtering and RootCam-mask registration, all pixels inside the aligned root or exclusive peri-root ROI are exported with their x/y coordinates and complete wavelength-resolved spectra. Parquet is the default storage format for this large matrix-like export; CSV is available optionally.",https://github.com/valerian-meline/HADES_HSI; https://npec-nl.github.io/hades-research-resources,active,1.0.0,,
psi.fc.fo,psi.fc,psi_vendor_analysis,fluorcam,Fo,a.u.,,float,plant_round,,,PSI:FC_PLANT:FO,fluorcam_single_channel,,,,,plant,,,,,scalar,plant baseline fluorescence intensity,,plant,PO:0000003,fluorescence intensity,PATO:0000049,PSI FluorCam vendor analysis,"Vendor-emitted fluorescence summary from PSI PlantScreen/PS Data Analyzer for the HADES FluorCam station. The underlying station is a bottom-view, light-isolated imaging box with a 12.36 MP monochrome CMOS sensor, multichannel excitation, and motorized emission filtering. This registry preserves the PSI-generated analysis value from the Fc_Plant table rather than recomputing it.",,active,1.0.0,,
psi.fc.fo_gauss,psi.fc,psi_vendor_analysis,fluorcam,Fo_gauss,a.u.,,float,plant_round,,,PSI:FC_PLANT:FO_GAUSS,fluorcam_single_channel,,,,,plant,,,,,scalar,plant baseline fluorescence intensity,,plant,PO:0000003,fluorescence intensity,PATO:0000049,PSI FluorCam vendor analysis,"Vendor-emitted fluorescence summary from PSI PlantScreen/PS Data Analyzer for the HADES FluorCam station. The underlying station is a bottom-view, light-isolated imaging box with a 12.36 MP monochrome CMOS sensor, multichannel excitation, and motorized emission filtering. This registry preserves the PSI-generated analysis value from the Fc_Plant table rather than recomputing it.",,active,1.0.0,,
psi.fc.fo_median,psi.fc,psi_vendor_analysis,fluorcam,Fo_median,a.u.,,float,plant_round,,,PSI:FC_PLANT:FO_MEDIAN,fluorcam_single_channel,,,,,plant,,,,,scalar,plant baseline fluorescence intensity,,plant,PO:0000003,fluorescence intensity,PATO:0000049,PSI FluorCam vendor analysis,"Vendor-emitted fluorescence summary from PSI PlantScreen/PS Data Analyzer for the HADES FluorCam station. The underlying station is a bottom-view, light-isolated imaging box with a 12.36 MP monochrome CMOS sensor, multichannel excitation, and motorized emission filtering. This registry preserves the PSI-generated analysis value from the Fc_Plant table rather than recomputing it.",,active,1.0.0,,
psi.fc.kinetic.series,psi.fc,psi_vendor_analysis,fluorcam,"Kinetic columns (e.g., 16000000)",a.u.,,array<float>,plant_round,,,PSI:FC_KINETIC:SERIES,fluorcam_single_channel,,,,,plant,,,,time/frame axis from PSI Kinetic wide-form column headers,vector,plant fluorescence kinetic series,,plant,PO:0000003,fluorescence intensity over time,PATO:0000049,PSI FluorCam vendor analysis,"Vendor-emitted kinetic fluorescence series from PSI PlantScreen/PS Data Analyzer. The HADES FluorCam station supports protocol-defined fluorescence measurements, and the Kinetic table stores protocol/frame-dependent timepoint columns as exported by PSI rather than recomputed in this registry.",,active,1.0.0,,
psi.fc.size.px,psi.fc,psi_vendor_analysis,fluorcam,Size,px,,int,plant_round,,,PSI:FC_PLANT:SIZE,fluorcam_single_channel,,,,,plant,plant_mask,,,,scalar,plant mask area,,plant,PO:0000003,area (pixel count),PATO:0001323,PSI FluorCam vendor analysis,"Vendor-emitted value from PSI PlantScreen/PS Data Analyzer fluorescence analysis tables for the HADES FluorCam station. The underlying station is a bottom-view, light-isolated imaging box with a 12.36 MP monochrome CMOS sensor, multichannel excitation, and motorized emission filtering. This variable preserves the Fc_Plant size output representing plant mask area in pixels.",,active,1.0.0,,
psi.vnir.avg_spectrum.vector,psi.vnir.avg_spectrum,psi_vendor_analysis,hyperspectral,"Hc_avgSpectrum wavelength columns (e.g., 349.9 ... 899.12)",a.u.,,array<float>,plant_round,,,PSI:VNIR_AVG_SPECTRUM:VECTOR,psi_vendor_vnir,,,,,plant,psi_plant_region,,,wavelength axis from PSI Hc_avgSpectrum column headers (nm),vector,PSI VNIR average spectrum,,plant,PO:0000003,spectral intensity,PATO:0000049,PSI VNIR vendor analysis,"Vendor-emitted average spectrum from PSI PlantScreen/PS Data Analyzer for the HADES VNIR hyperspectral unit. The unit records 350-900 nm data, uses 365 nm UV excitation for fluorescence mode, and uses white-light transmission mode for outline masking. Wavelength-axis columns from the Hc_avgSpectrum table are preserved as exported by PSI.",,active,1.0.0,,
psi.vnir.band.A440.avg,psi.vnir.band,psi_vendor_analysis,hyperspectral,"A440-average (e.g., A570-avg)",a.u.,,float,plant_round,,,PSI:VNIR_PLANT:BAND_AVG,psi_vendor_vnir,,,,,plant,psi_plant_region,,"Band token A440 is vendor-export header naming, not an emission-filter wheel designation.",single spectral band summarized by vendor export,scalar,PSI VNIR band intensity,,plant,PO:0000003,spectral intensity,PATO:0000049,PSI VNIR vendor analysis,"Vendor-emitted wavelength-specific summary statistics from PSI PlantScreen/PS Data Analyzer for the HADES VNIR hyperspectral unit. The unit records 350-900 nm data, uses 365 nm UV excitation for fluorescence mode, and uses white-light transmission mode for outline masking. Template rows preserve Hc_Plant band statistics exactly as exported by PSI.",,active,1.0.0,,
psi.vnir.band.A440.stddev,psi.vnir.band,psi_vendor_analysis,hyperspectral,"A440-standard deviation (e.g., A570-avg)",a.u.,,float,plant_round,,,PSI:VNIR_PLANT:BAND_STDDEV,psi_vendor_vnir,,,,,plant,psi_plant_region,,"Band token A440 is vendor-export header naming, not an emission-filter wheel designation.",single spectral band summarized by vendor export,scalar,PSI VNIR band intensity,,plant,PO:0000003,spectral intensity,PATO:0000049,PSI VNIR vendor analysis,"Vendor-emitted wavelength-specific summary statistics from PSI PlantScreen/PS Data Analyzer for the HADES VNIR hyperspectral unit. The unit records 350-900 nm data, uses 365 nm UV excitation for fluorescence mode, and uses white-light transmission mode for outline masking. Template rows preserve Hc_Plant band statistics exactly as exported by PSI.",,active,1.0.0,,
psi.vnir.band.A440.median,psi.vnir.band,psi_vendor_analysis,hyperspectral,"A440-median (e.g., A570-avg)",a.u.,,float,plant_round,,,PSI:VNIR_PLANT:BAND_MEDIAN,psi_vendor_vnir,,,,,plant,psi_plant_region,,"Band token A440 is vendor-export header naming, not an emission-filter wheel designation.",single spectral band summarized by vendor export,scalar,PSI VNIR band intensity,,plant,PO:0000003,spectral intensity,PATO:0000049,PSI VNIR vendor analysis,"Vendor-emitted wavelength-specific summary statistics from PSI PlantScreen/PS Data Analyzer for the HADES VNIR hyperspectral unit. The unit records 350-900 nm data, uses 365 nm UV excitation for fluorescence mode, and uses white-light transmission mode for outline masking. Template rows preserve Hc_Plant band statistics exactly as exported by PSI.",,active,1.0.0,,
psi.vnir.band.A440.min,psi.vnir.band,psi_vendor_analysis,hyperspectral,"A440-minimum (e.g., A570-avg)",a.u.,,float,plant_round,,,PSI:VNIR_PLANT:BAND_MIN,psi_vendor_vnir,,,,,plant,psi_plant_region,,"Band token A440 is vendor-export header naming, not an emission-filter wheel designation.",single spectral band summarized by vendor export,scalar,PSI VNIR band intensity,,plant,PO:0000003,spectral intensity,PATO:0000049,PSI VNIR vendor analysis,"Vendor-emitted wavelength-specific summary statistics from PSI PlantScreen/PS Data Analyzer for the HADES VNIR hyperspectral unit. The unit records 350-900 nm data, uses 365 nm UV excitation for fluorescence mode, and uses white-light transmission mode for outline masking. Template rows preserve Hc_Plant band statistics exactly as exported by PSI.",,active,1.0.0,,
psi.vnir.band.A440.max,psi.vnir.band,psi_vendor_analysis,hyperspectral,"A440-maximum (e.g., A570-avg)",a.u.,,float,plant_round,,,PSI:VNIR_PLANT:BAND_MAX,psi_vendor_vnir,,,,,plant,psi_plant_region,,"Band token A440 is vendor-export header naming, not an emission-filter wheel designation.",single spectral band summarized by vendor export,scalar,PSI VNIR band intensity,,plant,PO:0000003,spectral intensity,PATO:0000049,PSI VNIR vendor analysis,"Vendor-emitted wavelength-specific summary statistics from PSI PlantScreen/PS Data Analyzer for the HADES VNIR hyperspectral unit. The unit records 350-900 nm data, uses 365 nm UV excitation for fluorescence mode, and uses white-light transmission mode for outline masking. Template rows preserve Hc_Plant band statistics exactly as exported by PSI.",,active,1.0.0,,
psi.vnir.band.A480.avg,psi.vnir.band,psi_vendor_analysis,hyperspectral,"A480-average (e.g., A570-avg)",a.u.,,float,plant_round,,,PSI:VNIR_PLANT:BAND_AVG,psi_vendor_vnir,,,,,plant,psi_plant_region,,"Band token A480 is vendor-export header naming, not an emission-filter wheel designation.",single spectral band summarized by vendor export,scalar,PSI VNIR band intensity,,plant,PO:0000003,spectral intensity,PATO:0000049,PSI VNIR vendor analysis,"Vendor-emitted wavelength-specific summary statistics from PSI PlantScreen/PS Data Analyzer for the HADES VNIR hyperspectral unit. The unit records 350-900 nm data, uses 365 nm UV excitation for fluorescence mode, and uses white-light transmission mode for outline masking. Template rows preserve Hc_Plant band statistics exactly as exported by PSI.",,active,1.0.0,,
psi.vnir.band.A480.stddev,psi.vnir.band,psi_vendor_analysis,hyperspectral,"A480-standard deviation (e.g., A570-avg)",a.u.,,float,plant_round,,,PSI:VNIR_PLANT:BAND_STDDEV,psi_vendor_vnir,,,,,plant,psi_plant_region,,"Band token A480 is vendor-export header naming, not an emission-filter wheel designation.",single spectral band summarized by vendor export,scalar,PSI VNIR band intensity,,plant,PO:0000003,spectral intensity,PATO:0000049,PSI VNIR vendor analysis,"Vendor-emitted wavelength-specific summary statistics from PSI PlantScreen/PS Data Analyzer for the HADES VNIR hyperspectral unit. The unit records 350-900 nm data, uses 365 nm UV excitation for fluorescence mode, and uses white-light transmission mode for outline masking. Template rows preserve Hc_Plant band statistics exactly as exported by PSI.",,active,1.0.0,,
psi.vnir.band.A480.median,psi.vnir.band,psi_vendor_analysis,hyperspectral,"A480-median (e.g., A570-avg)",a.u.,,float,plant_round,,,PSI:VNIR_PLANT:BAND_MEDIAN,psi_vendor_vnir,,,,,plant,psi_plant_region,,"Band token A480 is vendor-export header naming, not an emission-filter wheel designation.",single spectral band summarized by vendor export,scalar,PSI VNIR band intensity,,plant,PO:0000003,spectral intensity,PATO:0000049,PSI VNIR vendor analysis,"Vendor-emitted wavelength-specific summary statistics from PSI PlantScreen/PS Data Analyzer for the HADES VNIR hyperspectral unit. The unit records 350-900 nm data, uses 365 nm UV excitation for fluorescence mode, and uses white-light transmission mode for outline masking. Template rows preserve Hc_Plant band statistics exactly as exported by PSI.",,active,1.0.0,,
psi.vnir.band.A480.min,psi.vnir.band,psi_vendor_analysis,hyperspectral,"A480-minimum (e.g., A570-avg)",a.u.,,float,plant_round,,,PSI:VNIR_PLANT:BAND_MIN,psi_vendor_vnir,,,,,plant,psi_plant_region,,"Band token A480 is vendor-export header naming, not an emission-filter wheel designation.",single spectral band summarized by vendor export,scalar,PSI VNIR band intensity,,plant,PO:0000003,spectral intensity,PATO:0000049,PSI VNIR vendor analysis,"Vendor-emitted wavelength-specific summary statistics from PSI PlantScreen/PS Data Analyzer for the HADES VNIR hyperspectral unit. The unit records 350-900 nm data, uses 365 nm UV excitation for fluorescence mode, and uses white-light transmission mode for outline masking. Template rows preserve Hc_Plant band statistics exactly as exported by PSI.",,active,1.0.0,,
psi.vnir.band.A480.max,psi.vnir.band,psi_vendor_analysis,hyperspectral,"A480-maximum (e.g., A570-avg)",a.u.,,float,plant_round,,,PSI:VNIR_PLANT:BAND_MAX,psi_vendor_vnir,,,,,plant,psi_plant_region,,"Band token A480 is vendor-export header naming, not an emission-filter wheel designation.",single spectral band summarized by vendor export,scalar,PSI VNIR band intensity,,plant,PO:0000003,spectral intensity,PATO:0000049,PSI VNIR vendor analysis,"Vendor-emitted wavelength-specific summary statistics from PSI PlantScreen/PS Data Analyzer for the HADES VNIR hyperspectral unit. The unit records 350-900 nm data, uses 365 nm UV excitation for fluorescence mode, and uses white-light transmission mode for outline masking. Template rows preserve Hc_Plant band statistics exactly as exported by PSI.",,active,1.0.0,,
psi.vnir.band.A490.avg,psi.vnir.band,psi_vendor_analysis,hyperspectral,"A490-average (e.g., A570-avg)",a.u.,,float,plant_round,,,PSI:VNIR_PLANT:BAND_AVG,psi_vendor_vnir,,,,,plant,psi_plant_region,,"Band token A490 is vendor-export header naming, not an emission-filter wheel designation.",single spectral band summarized by vendor export,scalar,PSI VNIR band intensity,,plant,PO:0000003,spectral intensity,PATO:0000049,PSI VNIR vendor analysis,"Vendor-emitted wavelength-specific summary statistics from PSI PlantScreen/PS Data Analyzer for the HADES VNIR hyperspectral unit. The unit records 350-900 nm data, uses 365 nm UV excitation for fluorescence mode, and uses white-light transmission mode for outline masking. Template rows preserve Hc_Plant band statistics exactly as exported by PSI.",,active,1.0.0,,
psi.vnir.band.A490.stddev,psi.vnir.band,psi_vendor_analysis,hyperspectral,"A490-standard deviation (e.g., A570-avg)",a.u.,,float,plant_round,,,PSI:VNIR_PLANT:BAND_STDDEV,psi_vendor_vnir,,,,,plant,psi_plant_region,,"Band token A490 is vendor-export header naming, not an emission-filter wheel designation.",single spectral band summarized by vendor export,scalar,PSI VNIR band intensity,,plant,PO:0000003,spectral intensity,PATO:0000049,PSI VNIR vendor analysis,"Vendor-emitted wavelength-specific summary statistics from PSI PlantScreen/PS Data Analyzer for the HADES VNIR hyperspectral unit. The unit records 350-900 nm data, uses 365 nm UV excitation for fluorescence mode, and uses white-light transmission mode for outline masking. Template rows preserve Hc_Plant band statistics exactly as exported by PSI.",,active,1.0.0,,
psi.vnir.band.A490.median,psi.vnir.band,psi_vendor_analysis,hyperspectral,"A490-median (e.g., A570-avg)",a.u.,,float,plant_round,,,PSI:VNIR_PLANT:BAND_MEDIAN,psi_vendor_vnir,,,,,plant,psi_plant_region,,"Band token A490 is vendor-export header naming, not an emission-filter wheel designation.",single spectral band summarized by vendor export,scalar,PSI VNIR band intensity,,plant,PO:0000003,spectral intensity,PATO:0000049,PSI VNIR vendor analysis,"Vendor-emitted wavelength-specific summary statistics from PSI PlantScreen/PS Data Analyzer for the HADES VNIR hyperspectral unit. The unit records 350-900 nm data, uses 365 nm UV excitation for fluorescence mode, and uses white-light transmission mode for outline masking. Template rows preserve Hc_Plant band statistics exactly as exported by PSI.",,active,1.0.0,,
psi.vnir.band.A490.min,psi.vnir.band,psi_vendor_analysis,hyperspectral,"A490-minimum (e.g., A570-avg)",a.u.,,float,plant_round,,,PSI:VNIR_PLANT:BAND_MIN,psi_vendor_vnir,,,,,plant,psi_plant_region,,"Band token A490 is vendor-export header naming, not an emission-filter wheel designation.",single spectral band summarized by vendor export,scalar,PSI VNIR band intensity,,plant,PO:0000003,spectral intensity,PATO:0000049,PSI VNIR vendor analysis,"Vendor-emitted wavelength-specific summary statistics from PSI PlantScreen/PS Data Analyzer for the HADES VNIR hyperspectral unit. The unit records 350-900 nm data, uses 365 nm UV excitation for fluorescence mode, and uses white-light transmission mode for outline masking. Template rows preserve Hc_Plant band statistics exactly as exported by PSI.",,active,1.0.0,,
psi.vnir.band.A490.max,psi.vnir.band,psi_vendor_analysis,hyperspectral,"A490-maximum (e.g., A570-avg)",a.u.,,float,plant_round,,,PSI:VNIR_PLANT:BAND_MAX,psi_vendor_vnir,,,,,plant,psi_plant_region,,"Band token A490 is vendor-export header naming, not an emission-filter wheel designation.",single spectral band summarized by vendor export,scalar,PSI VNIR band intensity,,plant,PO:0000003,spectral intensity,PATO:0000049,PSI VNIR vendor analysis,"Vendor-emitted wavelength-specific summary statistics from PSI PlantScreen/PS Data Analyzer for the HADES VNIR hyperspectral unit. The unit records 350-900 nm data, uses 365 nm UV excitation for fluorescence mode, and uses white-light transmission mode for outline masking. Template rows preserve Hc_Plant band statistics exactly as exported by PSI.",,active,1.0.0,,
psi.vnir.band.A570.avg,psi.vnir.band,psi_vendor_analysis,hyperspectral,"A570-average (e.g., A570-avg)",a.u.,,float,plant_round,,,PSI:VNIR_PLANT:BAND_AVG,psi_vendor_vnir,,,,,plant,psi_plant_region,,"Band token A570 is vendor-export header naming, not an emission-filter wheel designation.",single spectral band summarized by vendor export,scalar,PSI VNIR band intensity,,plant,PO:0000003,spectral intensity,PATO:0000049,PSI VNIR vendor analysis,"Vendor-emitted wavelength-specific summary statistics from PSI PlantScreen/PS Data Analyzer for the HADES VNIR hyperspectral unit. The unit records 350-900 nm data, uses 365 nm UV excitation for fluorescence mode, and uses white-light transmission mode for outline masking. Template rows preserve Hc_Plant band statistics exactly as exported by PSI.",,active,1.0.0,,
psi.vnir.band.A570.stddev,psi.vnir.band,psi_vendor_analysis,hyperspectral,"A570-standard deviation (e.g., A570-avg)",a.u.,,float,plant_round,,,PSI:VNIR_PLANT:BAND_STDDEV,psi_vendor_vnir,,,,,plant,psi_plant_region,,"Band token A570 is vendor-export header naming, not an emission-filter wheel designation.",single spectral band summarized by vendor export,scalar,PSI VNIR band intensity,,plant,PO:0000003,spectral intensity,PATO:0000049,PSI VNIR vendor analysis,"Vendor-emitted wavelength-specific summary statistics from PSI PlantScreen/PS Data Analyzer for the HADES VNIR hyperspectral unit. The unit records 350-900 nm data, uses 365 nm UV excitation for fluorescence mode, and uses white-light transmission mode for outline masking. Template rows preserve Hc_Plant band statistics exactly as exported by PSI.",,active,1.0.0,,
psi.vnir.band.A570.median,psi.vnir.band,psi_vendor_analysis,hyperspectral,"A570-median (e.g., A570-avg)",a.u.,,float,plant_round,,,PSI:VNIR_PLANT:BAND_MEDIAN,psi_vendor_vnir,,,,,plant,psi_plant_region,,"Band token A570 is vendor-export header naming, not an emission-filter wheel designation.",single spectral band summarized by vendor export,scalar,PSI VNIR band intensity,,plant,PO:0000003,spectral intensity,PATO:0000049,PSI VNIR vendor analysis,"Vendor-emitted wavelength-specific summary statistics from PSI PlantScreen/PS Data Analyzer for the HADES VNIR hyperspectral unit. The unit records 350-900 nm data, uses 365 nm UV excitation for fluorescence mode, and uses white-light transmission mode for outline masking. Template rows preserve Hc_Plant band statistics exactly as exported by PSI.",,active,1.0.0,,
psi.vnir.band.A570.min,psi.vnir.band,psi_vendor_analysis,hyperspectral,"A570-minimum (e.g., A570-avg)",a.u.,,float,plant_round,,,PSI:VNIR_PLANT:BAND_MIN,psi_vendor_vnir,,,,,plant,psi_plant_region,,"Band token A570 is vendor-export header naming, not an emission-filter wheel designation.",single spectral band summarized by vendor export,scalar,PSI VNIR band intensity,,plant,PO:0000003,spectral intensity,PATO:0000049,PSI VNIR vendor analysis,"Vendor-emitted wavelength-specific summary statistics from PSI PlantScreen/PS Data Analyzer for the HADES VNIR hyperspectral unit. The unit records 350-900 nm data, uses 365 nm UV excitation for fluorescence mode, and uses white-light transmission mode for outline masking. Template rows preserve Hc_Plant band statistics exactly as exported by PSI.",,active,1.0.0,,
psi.vnir.band.A570.max,psi.vnir.band,psi_vendor_analysis,hyperspectral,"A570-maximum (e.g., A570-avg)",a.u.,,float,plant_round,,,PSI:VNIR_PLANT:BAND_MAX,psi_vendor_vnir,,,,,plant,psi_plant_region,,"Band token A570 is vendor-export header naming, not an emission-filter wheel designation.",single spectral band summarized by vendor export,scalar,PSI VNIR band intensity,,plant,PO:0000003,spectral intensity,PATO:0000049,PSI VNIR vendor analysis,"Vendor-emitted wavelength-specific summary statistics from PSI PlantScreen/PS Data Analyzer for the HADES VNIR hyperspectral unit. The unit records 350-900 nm data, uses 365 nm UV excitation for fluorescence mode, and uses white-light transmission mode for outline masking. Template rows preserve Hc_Plant band statistics exactly as exported by PSI.",,active,1.0.0,,
psi.vnir.band.A625.avg,psi.vnir.band,psi_vendor_analysis,hyperspectral,"A625-average (e.g., A570-avg)",a.u.,,float,plant_round,,,PSI:VNIR_PLANT:BAND_AVG,psi_vendor_vnir,,,,,plant,psi_plant_region,,"Band token A625 is vendor-export header naming, not an emission-filter wheel designation.",single spectral band summarized by vendor export,scalar,PSI VNIR band intensity,,plant,PO:0000003,spectral intensity,PATO:0000049,PSI VNIR vendor analysis,"Vendor-emitted wavelength-specific summary statistics from PSI PlantScreen/PS Data Analyzer for the HADES VNIR hyperspectral unit. The unit records 350-900 nm data, uses 365 nm UV excitation for fluorescence mode, and uses white-light transmission mode for outline masking. Template rows preserve Hc_Plant band statistics exactly as exported by PSI.",,active,1.0.0,,
psi.vnir.band.A625.stddev,psi.vnir.band,psi_vendor_analysis,hyperspectral,"A625-standard deviation (e.g., A570-avg)",a.u.,,float,plant_round,,,PSI:VNIR_PLANT:BAND_STDDEV,psi_vendor_vnir,,,,,plant,psi_plant_region,,"Band token A625 is vendor-export header naming, not an emission-filter wheel designation.",single spectral band summarized by vendor export,scalar,PSI VNIR band intensity,,plant,PO:0000003,spectral intensity,PATO:0000049,PSI VNIR vendor analysis,"Vendor-emitted wavelength-specific summary statistics from PSI PlantScreen/PS Data Analyzer for the HADES VNIR hyperspectral unit. The unit records 350-900 nm data, uses 365 nm UV excitation for fluorescence mode, and uses white-light transmission mode for outline masking. Template rows preserve Hc_Plant band statistics exactly as exported by PSI.",,active,1.0.0,,
psi.vnir.band.A625.median,psi.vnir.band,psi_vendor_analysis,hyperspectral,"A625-median (e.g., A570-avg)",a.u.,,float,plant_round,,,PSI:VNIR_PLANT:BAND_MEDIAN,psi_vendor_vnir,,,,,plant,psi_plant_region,,"Band token A625 is vendor-export header naming, not an emission-filter wheel designation.",single spectral band summarized by vendor export,scalar,PSI VNIR band intensity,,plant,PO:0000003,spectral intensity,PATO:0000049,PSI VNIR vendor analysis,"Vendor-emitted wavelength-specific summary statistics from PSI PlantScreen/PS Data Analyzer for the HADES VNIR hyperspectral unit. The unit records 350-900 nm data, uses 365 nm UV excitation for fluorescence mode, and uses white-light transmission mode for outline masking. Template rows preserve Hc_Plant band statistics exactly as exported by PSI.",,active,1.0.0,,
psi.vnir.band.A625.min,psi.vnir.band,psi_vendor_analysis,hyperspectral,"A625-minimum (e.g., A570-avg)",a.u.,,float,plant_round,,,PSI:VNIR_PLANT:BAND_MIN,psi_vendor_vnir,,,,,plant,psi_plant_region,,"Band token A625 is vendor-export header naming, not an emission-filter wheel designation.",single spectral band summarized by vendor export,scalar,PSI VNIR band intensity,,plant,PO:0000003,spectral intensity,PATO:0000049,PSI VNIR vendor analysis,"Vendor-emitted wavelength-specific summary statistics from PSI PlantScreen/PS Data Analyzer for the HADES VNIR hyperspectral unit. The unit records 350-900 nm data, uses 365 nm UV excitation for fluorescence mode, and uses white-light transmission mode for outline masking. Template rows preserve Hc_Plant band statistics exactly as exported by PSI.",,active,1.0.0,,
psi.vnir.band.A625.max,psi.vnir.band,psi_vendor_analysis,hyperspectral,"A625-maximum (e.g., A570-avg)",a.u.,,float,plant_round,,,PSI:VNIR_PLANT:BAND_MAX,psi_vendor_vnir,,,,,plant,psi_plant_region,,"Band token A625 is vendor-export header naming, not an emission-filter wheel designation.",single spectral band summarized by vendor export,scalar,PSI VNIR band intensity,,plant,PO:0000003,spectral intensity,PATO:0000049,PSI VNIR vendor analysis,"Vendor-emitted wavelength-specific summary statistics from PSI PlantScreen/PS Data Analyzer for the HADES VNIR hyperspectral unit. The unit records 350-900 nm data, uses 365 nm UV excitation for fluorescence mode, and uses white-light transmission mode for outline masking. Template rows preserve Hc_Plant band statistics exactly as exported by PSI.",,active,1.0.0,,
psi.vnir.band.A680.avg,psi.vnir.band,psi_vendor_analysis,hyperspectral,"A680-average (e.g., A570-avg)",a.u.,,float,plant_round,,,PSI:VNIR_PLANT:BAND_AVG,psi_vendor_vnir,,,,,plant,psi_plant_region,,"Band token A680 is vendor-export header naming, not an emission-filter wheel designation.",single spectral band summarized by vendor export,scalar,PSI VNIR band intensity,,plant,PO:0000003,spectral intensity,PATO:0000049,PSI VNIR vendor analysis,"Vendor-emitted wavelength-specific summary statistics from PSI PlantScreen/PS Data Analyzer for the HADES VNIR hyperspectral unit. The unit records 350-900 nm data, uses 365 nm UV excitation for fluorescence mode, and uses white-light transmission mode for outline masking. Template rows preserve Hc_Plant band statistics exactly as exported by PSI.",,active,1.0.0,,
psi.vnir.band.A680.stddev,psi.vnir.band,psi_vendor_analysis,hyperspectral,"A680-standard deviation (e.g., A570-avg)",a.u.,,float,plant_round,,,PSI:VNIR_PLANT:BAND_STDDEV,psi_vendor_vnir,,,,,plant,psi_plant_region,,"Band token A680 is vendor-export header naming, not an emission-filter wheel designation.",single spectral band summarized by vendor export,scalar,PSI VNIR band intensity,,plant,PO:0000003,spectral intensity,PATO:0000049,PSI VNIR vendor analysis,"Vendor-emitted wavelength-specific summary statistics from PSI PlantScreen/PS Data Analyzer for the HADES VNIR hyperspectral unit. The unit records 350-900 nm data, uses 365 nm UV excitation for fluorescence mode, and uses white-light transmission mode for outline masking. Template rows preserve Hc_Plant band statistics exactly as exported by PSI.",,active,1.0.0,,
psi.vnir.band.A680.median,psi.vnir.band,psi_vendor_analysis,hyperspectral,"A680-median (e.g., A570-avg)",a.u.,,float,plant_round,,,PSI:VNIR_PLANT:BAND_MEDIAN,psi_vendor_vnir,,,,,plant,psi_plant_region,,"Band token A680 is vendor-export header naming, not an emission-filter wheel designation.",single spectral band summarized by vendor export,scalar,PSI VNIR band intensity,,plant,PO:0000003,spectral intensity,PATO:0000049,PSI VNIR vendor analysis,"Vendor-emitted wavelength-specific summary statistics from PSI PlantScreen/PS Data Analyzer for the HADES VNIR hyperspectral unit. The unit records 350-900 nm data, uses 365 nm UV excitation for fluorescence mode, and uses white-light transmission mode for outline masking. Template rows preserve Hc_Plant band statistics exactly as exported by PSI.",,active,1.0.0,,
psi.vnir.band.A680.min,psi.vnir.band,psi_vendor_analysis,hyperspectral,"A680-minimum (e.g., A570-avg)",a.u.,,float,plant_round,,,PSI:VNIR_PLANT:BAND_MIN,psi_vendor_vnir,,,,,plant,psi_plant_region,,"Band token A680 is vendor-export header naming, not an emission-filter wheel designation.",single spectral band summarized by vendor export,scalar,PSI VNIR band intensity,,plant,PO:0000003,spectral intensity,PATO:0000049,PSI VNIR vendor analysis,"Vendor-emitted wavelength-specific summary statistics from PSI PlantScreen/PS Data Analyzer for the HADES VNIR hyperspectral unit. The unit records 350-900 nm data, uses 365 nm UV excitation for fluorescence mode, and uses white-light transmission mode for outline masking. Template rows preserve Hc_Plant band statistics exactly as exported by PSI.",,active,1.0.0,,
psi.vnir.band.A680.max,psi.vnir.band,psi_vendor_analysis,hyperspectral,"A680-maximum (e.g., A570-avg)",a.u.,,float,plant_round,,,PSI:VNIR_PLANT:BAND_MAX,psi_vendor_vnir,,,,,plant,psi_plant_region,,"Band token A680 is vendor-export header naming, not an emission-filter wheel designation.",single spectral band summarized by vendor export,scalar,PSI VNIR band intensity,,plant,PO:0000003,spectral intensity,PATO:0000049,PSI VNIR vendor analysis,"Vendor-emitted wavelength-specific summary statistics from PSI PlantScreen/PS Data Analyzer for the HADES VNIR hyperspectral unit. The unit records 350-900 nm data, uses 365 nm UV excitation for fluorescence mode, and uses white-light transmission mode for outline masking. Template rows preserve Hc_Plant band statistics exactly as exported by PSI.",,active,1.0.0,,
psi.vnir.band.A720.avg,psi.vnir.band,psi_vendor_analysis,hyperspectral,"A720-average (e.g., A570-avg)",a.u.,,float,plant_round,,,PSI:VNIR_PLANT:BAND_AVG,psi_vendor_vnir,,,,,plant,psi_plant_region,,"Band token A720 is vendor-export header naming, not an emission-filter wheel designation.",single spectral band summarized by vendor export,scalar,PSI VNIR band intensity,,plant,PO:0000003,spectral intensity,PATO:0000049,PSI VNIR vendor analysis,"Vendor-emitted wavelength-specific summary statistics from PSI PlantScreen/PS Data Analyzer for the HADES VNIR hyperspectral unit. The unit records 350-900 nm data, uses 365 nm UV excitation for fluorescence mode, and uses white-light transmission mode for outline masking. Template rows preserve Hc_Plant band statistics exactly as exported by PSI.",,active,1.0.0,,
psi.vnir.band.A720.stddev,psi.vnir.band,psi_vendor_analysis,hyperspectral,"A720-standard deviation (e.g., A570-avg)",a.u.,,float,plant_round,,,PSI:VNIR_PLANT:BAND_STDDEV,psi_vendor_vnir,,,,,plant,psi_plant_region,,"Band token A720 is vendor-export header naming, not an emission-filter wheel designation.",single spectral band summarized by vendor export,scalar,PSI VNIR band intensity,,plant,PO:0000003,spectral intensity,PATO:0000049,PSI VNIR vendor analysis,"Vendor-emitted wavelength-specific summary statistics from PSI PlantScreen/PS Data Analyzer for the HADES VNIR hyperspectral unit. The unit records 350-900 nm data, uses 365 nm UV excitation for fluorescence mode, and uses white-light transmission mode for outline masking. Template rows preserve Hc_Plant band statistics exactly as exported by PSI.",,active,1.0.0,,
psi.vnir.band.A720.median,psi.vnir.band,psi_vendor_analysis,hyperspectral,"A720-median (e.g., A570-avg)",a.u.,,float,plant_round,,,PSI:VNIR_PLANT:BAND_MEDIAN,psi_vendor_vnir,,,,,plant,psi_plant_region,,"Band token A720 is vendor-export header naming, not an emission-filter wheel designation.",single spectral band summarized by vendor export,scalar,PSI VNIR band intensity,,plant,PO:0000003,spectral intensity,PATO:0000049,PSI VNIR vendor analysis,"Vendor-emitted wavelength-specific summary statistics from PSI PlantScreen/PS Data Analyzer for the HADES VNIR hyperspectral unit. The unit records 350-900 nm data, uses 365 nm UV excitation for fluorescence mode, and uses white-light transmission mode for outline masking. Template rows preserve Hc_Plant band statistics exactly as exported by PSI.",,active,1.0.0,,
psi.vnir.band.A720.min,psi.vnir.band,psi_vendor_analysis,hyperspectral,"A720-minimum (e.g., A570-avg)",a.u.,,float,plant_round,,,PSI:VNIR_PLANT:BAND_MIN,psi_vendor_vnir,,,,,plant,psi_plant_region,,"Band token A720 is vendor-export header naming, not an emission-filter wheel designation.",single spectral band summarized by vendor export,scalar,PSI VNIR band intensity,,plant,PO:0000003,spectral intensity,PATO:0000049,PSI VNIR vendor analysis,"Vendor-emitted wavelength-specific summary statistics from PSI PlantScreen/PS Data Analyzer for the HADES VNIR hyperspectral unit. The unit records 350-900 nm data, uses 365 nm UV excitation for fluorescence mode, and uses white-light transmission mode for outline masking. Template rows preserve Hc_Plant band statistics exactly as exported by PSI.",,active,1.0.0,,
psi.vnir.band.A720.max,psi.vnir.band,psi_vendor_analysis,hyperspectral,"A720-maximum (e.g., A570-avg)",a.u.,,float,plant_round,,,PSI:VNIR_PLANT:BAND_MAX,psi_vendor_vnir,,,,,plant,psi_plant_region,,"Band token A720 is vendor-export header naming, not an emission-filter wheel designation.",single spectral band summarized by vendor export,scalar,PSI VNIR band intensity,,plant,PO:0000003,spectral intensity,PATO:0000049,PSI VNIR vendor analysis,"Vendor-emitted wavelength-specific summary statistics from PSI PlantScreen/PS Data Analyzer for the HADES VNIR hyperspectral unit. The unit records 350-900 nm data, uses 365 nm UV excitation for fluorescence mode, and uses white-light transmission mode for outline masking. Template rows preserve Hc_Plant band statistics exactly as exported by PSI.",,active,1.0.0,,
psi.vnir.band.A750.avg,psi.vnir.band,psi_vendor_analysis,hyperspectral,"A750-average (e.g., A570-avg)",a.u.,,float,plant_round,,,PSI:VNIR_PLANT:BAND_AVG,psi_vendor_vnir,,,,,plant,psi_plant_region,,"Band token A750 is vendor-export header naming, not an emission-filter wheel designation.",single spectral band summarized by vendor export,scalar,PSI VNIR band intensity,,plant,PO:0000003,spectral intensity,PATO:0000049,PSI VNIR vendor analysis,"Vendor-emitted wavelength-specific summary statistics from PSI PlantScreen/PS Data Analyzer for the HADES VNIR hyperspectral unit. The unit records 350-900 nm data, uses 365 nm UV excitation for fluorescence mode, and uses white-light transmission mode for outline masking. Template rows preserve Hc_Plant band statistics exactly as exported by PSI.",,active,1.0.0,,
psi.vnir.band.A750.stddev,psi.vnir.band,psi_vendor_analysis,hyperspectral,"A750-standard deviation (e.g., A570-avg)",a.u.,,float,plant_round,,,PSI:VNIR_PLANT:BAND_STDDEV,psi_vendor_vnir,,,,,plant,psi_plant_region,,"Band token A750 is vendor-export header naming, not an emission-filter wheel designation.",single spectral band summarized by vendor export,scalar,PSI VNIR band intensity,,plant,PO:0000003,spectral intensity,PATO:0000049,PSI VNIR vendor analysis,"Vendor-emitted wavelength-specific summary statistics from PSI PlantScreen/PS Data Analyzer for the HADES VNIR hyperspectral unit. The unit records 350-900 nm data, uses 365 nm UV excitation for fluorescence mode, and uses white-light transmission mode for outline masking. Template rows preserve Hc_Plant band statistics exactly as exported by PSI.",,active,1.0.0,,
psi.vnir.band.A750.median,psi.vnir.band,psi_vendor_analysis,hyperspectral,"A750-median (e.g., A570-avg)",a.u.,,float,plant_round,,,PSI:VNIR_PLANT:BAND_MEDIAN,psi_vendor_vnir,,,,,plant,psi_plant_region,,"Band token A750 is vendor-export header naming, not an emission-filter wheel designation.",single spectral band summarized by vendor export,scalar,PSI VNIR band intensity,,plant,PO:0000003,spectral intensity,PATO:0000049,PSI VNIR vendor analysis,"Vendor-emitted wavelength-specific summary statistics from PSI PlantScreen/PS Data Analyzer for the HADES VNIR hyperspectral unit. The unit records 350-900 nm data, uses 365 nm UV excitation for fluorescence mode, and uses white-light transmission mode for outline masking. Template rows preserve Hc_Plant band statistics exactly as exported by PSI.",,active,1.0.0,,
psi.vnir.band.A750.min,psi.vnir.band,psi_vendor_analysis,hyperspectral,"A750-minimum (e.g., A570-avg)",a.u.,,float,plant_round,,,PSI:VNIR_PLANT:BAND_MIN,psi_vendor_vnir,,,,,plant,psi_plant_region,,"Band token A750 is vendor-export header naming, not an emission-filter wheel designation.",single spectral band summarized by vendor export,scalar,PSI VNIR band intensity,,plant,PO:0000003,spectral intensity,PATO:0000049,PSI VNIR vendor analysis,"Vendor-emitted wavelength-specific summary statistics from PSI PlantScreen/PS Data Analyzer for the HADES VNIR hyperspectral unit. The unit records 350-900 nm data, uses 365 nm UV excitation for fluorescence mode, and uses white-light transmission mode for outline masking. Template rows preserve Hc_Plant band statistics exactly as exported by PSI.",,active,1.0.0,,
psi.vnir.band.A750.max,psi.vnir.band,psi_vendor_analysis,hyperspectral,"A750-maximum (e.g., A570-avg)",a.u.,,float,plant_round,,,PSI:VNIR_PLANT:BAND_MAX,psi_vendor_vnir,,,,,plant,psi_plant_region,,"Band token A750 is vendor-export header naming, not an emission-filter wheel designation.",single spectral band summarized by vendor export,scalar,PSI VNIR band intensity,,plant,PO:0000003,spectral intensity,PATO:0000049,PSI VNIR vendor analysis,"Vendor-emitted wavelength-specific summary statistics from PSI PlantScreen/PS Data Analyzer for the HADES VNIR hyperspectral unit. The unit records 350-900 nm data, uses 365 nm UV excitation for fluorescence mode, and uses white-light transmission mode for outline masking. Template rows preserve Hc_Plant band statistics exactly as exported by PSI.",,active,1.0.0,,
psi.vnir.size.avg,psi.vnir.size,psi_vendor_analysis,hyperspectral,"Size-average (e.g., Size-avg)",px,,float,plant_round,,,PSI:VNIR_PLANT:SIZE_AVG,psi_vendor_vnir,,,,,plant,psi_plant_region,,,,scalar,PSI VNIR ROI size,,plant,PO:0000003,area (pixel count),PATO:0001323,PSI VNIR vendor analysis,"Vendor-emitted ROI size statistics from PSI PlantScreen/PS Data Analyzer for the HADES VNIR hyperspectral unit. The unit records 350-900 nm data, uses 365 nm UV excitation for fluorescence mode, and uses white-light transmission mode for outline masking. Template rows preserve the Hc_Plant size statistics exactly as exported by PSI.",,active,1.0.0,,
psi.vnir.size.stddev,psi.vnir.size,psi_vendor_analysis,hyperspectral,"Size-standard deviation (e.g., Size-avg)",px,,float,plant_round,,,PSI:VNIR_PLANT:SIZE_STDDEV,psi_vendor_vnir,,,,,plant,psi_plant_region,,,,scalar,PSI VNIR ROI size,,plant,PO:0000003,area (pixel count),PATO:0001323,PSI VNIR vendor analysis,"Vendor-emitted ROI size statistics from PSI PlantScreen/PS Data Analyzer for the HADES VNIR hyperspectral unit. The unit records 350-900 nm data, uses 365 nm UV excitation for fluorescence mode, and uses white-light transmission mode for outline masking. Template rows preserve the Hc_Plant size statistics exactly as exported by PSI.",,active,1.0.0,,
psi.vnir.size.median,psi.vnir.size,psi_vendor_analysis,hyperspectral,"Size-median (e.g., Size-avg)",px,,float,plant_round,,,PSI:VNIR_PLANT:SIZE_MEDIAN,psi_vendor_vnir,,,,,plant,psi_plant_region,,,,scalar,PSI VNIR ROI size,,plant,PO:0000003,area (pixel count),PATO:0001323,PSI VNIR vendor analysis,"Vendor-emitted ROI size statistics from PSI PlantScreen/PS Data Analyzer for the HADES VNIR hyperspectral unit. The unit records 350-900 nm data, uses 365 nm UV excitation for fluorescence mode, and uses white-light transmission mode for outline masking. Template rows preserve the Hc_Plant size statistics exactly as exported by PSI.",,active,1.0.0,,
psi.vnir.size.min,psi.vnir.size,psi_vendor_analysis,hyperspectral,"Size-minimum (e.g., Size-avg)",px,,float,plant_round,,,PSI:VNIR_PLANT:SIZE_MIN,psi_vendor_vnir,,,,,plant,psi_plant_region,,,,scalar,PSI VNIR ROI size,,plant,PO:0000003,area (pixel count),PATO:0001323,PSI VNIR vendor analysis,"Vendor-emitted ROI size statistics from PSI PlantScreen/PS Data Analyzer for the HADES VNIR hyperspectral unit. The unit records 350-900 nm data, uses 365 nm UV excitation for fluorescence mode, and uses white-light transmission mode for outline masking. Template rows preserve the Hc_Plant size statistics exactly as exported by PSI.",,active,1.0.0,,
psi.vnir.size.max,psi.vnir.size,psi_vendor_analysis,hyperspectral,"Size-maximum (e.g., Size-avg)",px,,float,plant_round,,,PSI:VNIR_PLANT:SIZE_MAX,psi_vendor_vnir,,,,,plant,psi_plant_region,,,,scalar,PSI VNIR ROI size,,plant,PO:0000003,area (pixel count),PATO:0001323,PSI VNIR vendor analysis,"Vendor-emitted ROI size statistics from PSI PlantScreen/PS Data Analyzer for the HADES VNIR hyperspectral unit. The unit records 350-900 nm data, uses 365 nm UV excitation for fluorescence mode, and uses white-light transmission mode for outline masking. Template rows preserve the Hc_Plant size statistics exactly as exported by PSI.",,active,1.0.0,,
seed.side,seed.side,seed_morphometrics,boxeed,Seed side,unitless,UO:0000186,int,seed_side,0/1 side index,Nominal,PSI:BOXEED:SEED_SIDE,boxeed_seed_imaging,,,,,,,,,,scalar,seed image side indicator,,seed,PO:0009010,image-side index,,Boxeed raw seed phenotyping export,"The Boxeed raw seeding export contains one row per imaged seed side. Seed Side (0/1) distinguishes the two orthogonal views, while Length, SSE, AxesAngle, Width, Surface and PixelCount are emitted directly in the raw table. The vendor does not disclose the exact segmentation, ellipse-fit or calibration algorithms. Manuscript-level quantities such as L/S ratio, roundness, selection thresholds, or averages across the two sides are downstream derived values and are intentionally not separate canonical source variables in this registry.",Boxeed raw Seeding table; Labdeers Boxeed 2.1 public documentation,active,1.0.0,,
seed.length.mm,seed.length,seed_morphometrics,boxeed,Seed length,mm,UO:0000016,float,seed_side,,,PSI:BOXEED:SEED_LENGTH_MM,boxeed_seed_imaging,,,,,,,,,,scalar,seed length,TO:0000146,seed,PO:0009010,length,PATO:0000122,Boxeed raw seed phenotyping export,"The Boxeed raw seeding export contains one row per imaged seed side. Seed Side (0/1) distinguishes the two orthogonal views, while Length, SSE, AxesAngle, Width, Surface and PixelCount are emitted directly in the raw table. The vendor does not disclose the exact segmentation, ellipse-fit or calibration algorithms. Manuscript-level quantities such as L/S ratio, roundness, selection thresholds, or averages across the two sides are downstream derived values and are intentionally not separate canonical source variables in this registry.",Boxeed raw Seeding table; Labdeers Boxeed 2.1 public documentation,active,1.0.0,,
seed.ellipse_fit_sse,seed.shape,seed_morphometrics,boxeed,Seed shape - SSE,unitless,UO:0000186,float,seed_side,,,PSI:BOXEED:SEED_ELLIPSE_FIT_SSE,boxeed_seed_imaging,,,,,,,,,,scalar,seed ellipse-fit error,TO:0000484,seed,PO:0009010,shape / fit error,,Boxeed raw seed phenotyping export,"The Boxeed raw seeding export contains one row per imaged seed side. Seed Side (0/1) distinguishes the two orthogonal views, while Length, SSE, AxesAngle, Width, Surface and PixelCount are emitted directly in the raw table. The vendor does not disclose the exact segmentation, ellipse-fit or calibration algorithms. Manuscript-level quantities such as L/S ratio, roundness, selection thresholds, or averages across the two sides are downstream derived values and are intentionally not separate canonical source variables in this registry.",Boxeed raw Seeding table; Labdeers Boxeed 2.1 public documentation,active,1.0.0,,
seed.axes_angle.deg,seed.axes_angle,seed_morphometrics,boxeed,Axes angle,deg,UO:0000185,float,seed_side,,,PSI:BOXEED:SEED_AXES_ANGLE_DEG,boxeed_seed_imaging,,,,,,,,,,scalar,seed axes angle,,seed,PO:0009010,orientation angle,PATO:0000133,Boxeed raw seed phenotyping export,"The Boxeed raw seeding export contains one row per imaged seed side. Seed Side (0/1) distinguishes the two orthogonal views, while Length, SSE, AxesAngle, Width, Surface and PixelCount are emitted directly in the raw table. The vendor does not disclose the exact segmentation, ellipse-fit or calibration algorithms. Manuscript-level quantities such as L/S ratio, roundness, selection thresholds, or averages across the two sides are downstream derived values and are intentionally not separate canonical source variables in this registry.",Boxeed raw Seeding table; Labdeers Boxeed 2.1 public documentation,active,1.0.0,,
seed.width.mm,seed.width,seed_morphometrics,boxeed,Seed width,mm,UO:0000016,float,seed_side,,,PSI:BOXEED:SEED_WIDTH_MM,boxeed_seed_imaging,,,,,,,,,,scalar,seed width,TO:0000149,seed,PO:0009010,width,PATO:0000921,Boxeed raw seed phenotyping export,"The Boxeed raw seeding export contains one row per imaged seed side. Seed Side (0/1) distinguishes the two orthogonal views, while Length, SSE, AxesAngle, Width, Surface and PixelCount are emitted directly in the raw table. The vendor does not disclose the exact segmentation, ellipse-fit or calibration algorithms. Manuscript-level quantities such as L/S ratio, roundness, selection thresholds, or averages across the two sides are downstream derived values and are intentionally not separate canonical source variables in this registry.",Boxeed raw Seeding table; Labdeers Boxeed 2.1 public documentation,active,1.0.0,,
seed.surface.mm2,seed.surface,seed_morphometrics,boxeed,Seed surface,mm2,UO:0000082,float,seed_side,,,PSI:BOXEED:SEED_SURFACE_MM2,boxeed_seed_imaging,,,,,,,,,,scalar,seed projected area,TO:0000391,seed,PO:0009010,area,PATO:0001323,Boxeed raw seed phenotyping export,"The Boxeed raw seeding export contains one row per imaged seed side. Seed Side (0/1) distinguishes the two orthogonal views, while Length, SSE, AxesAngle, Width, Surface and PixelCount are emitted directly in the raw table. The vendor does not disclose the exact segmentation, ellipse-fit or calibration algorithms. Manuscript-level quantities such as L/S ratio, roundness, selection thresholds, or averages across the two sides are downstream derived values and are intentionally not separate canonical source variables in this registry.",Boxeed raw Seeding table; Labdeers Boxeed 2.1 public documentation,active,1.0.0,,
seed.pixel_count.px,seed.pixel_count,seed_morphometrics,boxeed,Pixel count,px,,int,seed_side,count,Numerical,PSI:BOXEED:SEED_PIXEL_COUNT,boxeed_seed_imaging,,,,,,,,,,scalar,seed segmented area (pixel count),TO:0000391,seed,PO:0009010,area (pixel count),PATO:0001323,Boxeed raw seed phenotyping export,"The Boxeed raw seeding export contains one row per imaged seed side. Seed Side (0/1) distinguishes the two orthogonal views, while Length, SSE, AxesAngle, Width, Surface and PixelCount are emitted directly in the raw table. The vendor does not disclose the exact segmentation, ellipse-fit or calibration algorithms. Manuscript-level quantities such as L/S ratio, roundness, selection thresholds, or averages across the two sides are downstream derived values and are intentionally not separate canonical source variables in this registry.",Boxeed raw Seeding table; Labdeers Boxeed 2.1 public documentation,active,1.0.0,,
